# 04/13/17,100 um fiber,No slit,Integration time: 76.0 ms,Dark correction on,Nonlinearity correction on
# wavelength,intensity
1.907908162221780231e+02,5.072962985327243990e-01
1.915984207987377772e+02,-5.072965909905653437e-01
1.924059541587151330e+02,5.072962985327243990e-01
1.932134162975970355e+02,-5.072965909905653437e-01
1.940208072108704584e+02,4.413368165216897410e+01
1.948281268940222617e+02,4.413368165216897410e+01
1.956353753425393904e+02,4.413368165216897410e+01
1.964425525519088183e+02,4.311913921583264653e+01
1.972496585176174051e+02,4.717730189921116590e+01
1.980566932351522098e+02,4.210459560276968460e+01
1.988636567000000070e+02,4.616276299401885552e+01
1.996705489076478273e+02,4.311913921583264653e+01
2.004773698535825872e+02,4.514822291161792833e+01
2.012841195332911752e+02,4.514822291161792833e+01
2.020907979422606502e+02,4.413368165216897410e+01
2.028974050759777583e+02,4.514822291161792833e+01
2.037039409299295301e+02,4.514822291161792833e+01
2.045104054996029674e+02,5.123544574468487411e+01
2.053167987804848735e+02,4.717730189921116590e+01
2.061231207680622219e+02,5.022091154993153594e+01
2.069293714578220147e+02,4.717730189921116590e+01
2.077355508452510833e+02,4.616276299401885552e+01
2.085416589258364297e+02,4.819183962703433366e+01
2.093476956950649424e+02,4.717730189921116590e+01
2.101536611484235664e+02,4.514822291161792833e+01
2.109595552813992754e+02,4.819183962703433366e+01
2.117653780894789293e+02,4.920637617732792535e+01
2.125711295681494732e+02,4.717730189921116590e+01
2.133768097128979093e+02,5.022091154993153594e+01
2.141824185192110974e+02,5.022091154993153594e+01
2.149879559825760111e+02,4.819183962703433366e+01
2.157934220984795672e+02,4.819183962703433366e+01
2.165988168624086541e+02,4.717730189921116590e+01
2.174041402698502736e+02,4.413368165216897410e+01
2.182093923162913143e+02,4.920637617732792535e+01
2.190145729972187212e+02,4.514822291161792833e+01
2.198196823081194964e+02,4.819183962703433366e+01
2.206247202444804145e+02,5.326451059999980231e+01
2.214296868017885629e+02,4.920637617732792535e+01
2.222345819755307730e+02,5.224997876142768405e+01
2.230394057611939900e+02,4.717730189921116590e+01
2.238441581542652159e+02,5.123544574468487411e+01
2.246488391502313107e+02,5.022091154993153594e+01
2.254534487445792479e+02,5.022091154993153594e+01
2.262579869327959159e+02,5.022091154993153594e+01
2.270624537103682599e+02,4.920637617732792535e+01
2.278668490727832534e+02,4.920637617732792535e+01
2.286711730155277849e+02,5.022091154993153594e+01
2.294754255340887710e+02,5.529357074199159428e+01
2.302796066239532138e+02,5.326451059999980231e+01
2.310837162806080016e+02,5.224997876142768405e+01
2.318877544995400797e+02,5.123544574468487411e+01
2.326917212762363363e+02,5.427904126024110809e+01
2.334956166061837735e+02,5.427904126024110809e+01
2.342994404848692795e+02,5.224997876142768405e+01
2.351031929077797713e+02,5.630809904509127506e+01
2.359068738704021939e+02,5.022091154993153594e+01
2.367104833682235210e+02,5.326451059999980231e+01
2.375140213967306408e+02,5.529357074199159428e+01
2.383174879514104987e+02,6.036620046778510584e+01
2.391208830277500113e+02,5.529357074199159428e+01
2.399242066212361237e+02,5.630809904509127506e+01
2.407274587273557813e+02,5.529357074199159428e+01
2.415306393415959008e+02,5.529357074199159428e+01
2.423337484594434272e+02,5.833715211469871775e+01
2.431367860763852491e+02,5.630809904509127506e+01
2.439397521879083683e+02,5.935167688088689175e+01
2.447426467894996449e+02,6.138072287523372950e+01
2.455454698766460524e+02,5.935167688088689175e+01
2.463482214448345360e+02,5.630809904509127506e+01
2.471509014895520124e+02,6.036620046778510584e+01
2.479535100062853985e+02,6.138072287523372950e+01
2.487560469905216110e+02,6.239524410307321034e+01
2.495585124377476518e+02,6.442428301928690360e+01
2.503609063434503810e+02,6.746783254255412032e+01
2.511632287031167721e+02,6.645331721515115930e+01
2.519654795122337134e+02,6.645331721515115930e+01
2.527676587662881786e+02,6.949685965550602873e+01
2.535697664607671129e+02,6.746783254255412032e+01
2.543718025911574045e+02,7.051137144073688034e+01
2.551737671529460272e+02,6.949685965550602873e+01
2.559756601416198691e+02,7.051137144073688034e+01
2.567774815526658472e+02,6.848234668939210223e+01
2.575792313815709917e+02,7.152588204492577972e+01
2.583809096238221059e+02,6.848234668939210223e+01
2.591825162749062770e+02,7.254039146791383530e+01
2.599840513303103080e+02,6.746783254255412032e+01
2.607855147855211158e+02,7.558391264808543042e+01
2.615869066360257875e+02,7.152588204492577972e+01
2.623882268773110695e+02,7.761292085928633355e+01
2.631894755048640491e+02,7.456940676965234616e+01
2.639906525141715292e+02,7.558391264808543042e+01
2.647917579007204836e+02,7.254039146791383530e+01
2.655927916599978857e+02,7.964192434187714298e+01
2.663937537874906525e+02,7.456940676965234616e+01
2.671946442786857006e+02,7.761292085928633355e+01
2.679954631290700036e+02,7.862742319173719352e+01
2.687962103341304783e+02,7.761292085928633355e+01
2.695968858893539846e+02,7.964192434187714298e+01
2.703974897902274961e+02,8.268542069684875173e+01
2.711980220322380433e+02,8.167092309459111732e+01
2.719984826108723723e+02,8.369991711616265206e+01
2.727988715216175706e+02,8.268542069684875173e+01
2.735991887599604979e+02,8.674339927486198576e+01
2.743994343213880143e+02,8.268542069684875173e+01
2.751996082013872638e+02,8.877238146304748057e+01
2.759997103954450495e+02,8.877238146304748057e+01
2.767997408990482313e+02,8.775789096082132801e+01
2.775996997076838397e+02,8.775789096082132801e+01
2.783995868168387915e+02,9.587378182086386857e+01
2.791994022220000033e+02,9.283033163146735944e+01
2.799991459186544489e+02,9.688826284755344886e+01
2.807988179022890449e+02,9.993169881609458116e+01
2.815984181683906513e+02,9.688826284755344886e+01
2.823979467124461848e+02,9.891722134532585642e+01
2.831974035299427896e+02,1.009461751012424031e+02
2.839967886163670983e+02,9.993169881609458116e+01
2.847961019672063685e+02,1.039895968413921707e+02
2.855953435779472898e+02,1.019606502006124771e+02
2.863945134440768356e+02,1.029751241140479721e+02
2.871936115610819797e+02,1.070330079053108392e+02
2.879926379244497525e+02,1.161631769974479056e+02
2.887915925296668433e+02,1.131197979875563959e+02
2.895904753722203395e+02,1.151487185153987411e+02
2.903892864475972146e+02,1.161631769974479056e+02
2.911880257512842718e+02,1.232643530956447080e+02
2.919866932787684846e+02,1.242788020683564838e+02
2.927852890255368834e+02,1.303654709224964847e+02
2.935838129870763282e+02,1.323943510198202773e+02
2.943822651588737358e+02,1.313799115663842656e+02
2.951806455364160229e+02,1.364520969259527305e+02
2.959789541151902199e+02,1.415242525049046662e+02
2.967771908906830731e+02,1.465963782839571081e+02
2.975753558583816698e+02,1.506540574383405158e+02
2.983734490137729267e+02,1.587693584550480068e+02
2.991714703523437606e+02,1.628269802977614233e+02
2.999694198695810883e+02,1.709421666030111169e+02
3.007672975609717696e+02,1.780428918098816098e+02
3.015651034220029487e+02,1.851435583392933779e+02
3.023628374481613719e+02,1.952872657766696420e+02
3.031604996349340126e+02,2.034021453289531678e+02
3.039580899778078447e+02,2.145599791650581096e+02
3.047556084722697278e+02,2.257176674485177443e+02
3.055530551138066357e+02,2.378895247955007619e+02
3.063504298979054852e+02,2.480326065659798189e+02
3.071477328200533066e+02,2.602041452477126882e+02
3.079449638757367893e+02,2.754183236341010570e+02
3.087421230604431912e+02,3.088885556931425640e+02
3.095392103696592585e+02,3.210592209845810885e+02
3.103362257988718511e+02,3.484425761267263510e+02
3.111331693435679995e+02,3.666976514701813699e+02
3.119300409992346772e+02,3.920512644113104557e+02
3.127268407613587442e+02,4.285591181402440384e+02
3.135235686254271741e+02,4.579670608023222371e+02
3.143202245869268836e+02,5.076539779762221087e+02
3.151168086413447895e+02,5.542961227200415806e+02
3.159133207841677518e+02,5.918107128737808580e+02
3.167097610108829144e+02,6.262820662120028601e+02
3.175061293169770238e+02,6.394619054585385811e+02
3.183024256979371103e+02,6.506139108583316784e+02
3.190986501492500338e+02,6.597381654258215349e+02
3.198948026664027111e+02,6.830552402020726959e+02
3.206908832448821727e+02,6.952204049825179482e+02
3.214868918801753352e+02,7.104266045011651158e+02
3.222828285677690019e+02,7.317148043924477179e+02
3.230786933031503168e+02,7.600981991148871657e+02
3.238744860818059692e+02,7.651665574411604211e+02
3.246702068992230465e+02,7.874669553897674632e+02
3.254658557508884087e+02,8.097667353195140549e+02
3.262614326322891429e+02,8.269979593950598655e+02
3.270569375389120523e+02,8.624728423988440227e+02
3.278523704662439968e+02,8.797029321230894539e+02
3.286477314097720637e+02,9.313909675859416666e+02
3.294430203649830560e+02,9.901693532865753014e+02
3.302382373273640042e+02,1.042863503555544867e+03
3.310333822924017682e+02,1.136082972030131259e+03
3.318284552555833216e+02,1.256643841161449245e+03
3.326234562123955811e+02,1.420738579077907389e+03
3.334183851583254636e+02,1.602012334965562104e+03
3.342132420888599995e+02,1.708326004967677136e+03
3.350080269994859918e+02,1.785267524962662719e+03
3.358027398856904142e+02,1.783242848747231847e+03
3.365973807429602971e+02,1.734648987153844701e+03
3.373919495667823867e+02,1.673902259994708629e+03
3.381864463526437703e+02,1.698201536783713664e+03
3.389808710960313078e+02,1.743760574797606068e+03
3.397752237924318592e+02,1.808550909915823922e+03
3.405695044373325686e+02,1.867262330091426747e+03
3.413637130262201254e+02,1.947223938679844423e+03
3.421578495545816736e+02,2.038309018929633794e+03
3.429519140179040164e+02,2.120276070177976180e+03
3.437459064116741274e+02,2.230563130273866591e+03
3.445398267313788665e+02,2.311497306883961755e+03
3.453336749725053210e+02,2.363088214584385241e+03
3.461274511305402939e+02,2.432881930198953796e+03
3.469211552009707589e+02,2.466259193913146646e+03
3.477147871792836895e+02,2.513793892785410208e+03
3.485083470609658889e+02,2.545144882831732502e+03
3.493018348415043874e+02,2.539077053771009105e+03
3.500952505163861019e+02,2.552223953325746152e+03
3.508885940810980060e+02,2.580539552247018037e+03
3.516818655311269026e+02,2.628066849449056463e+03
3.524750648619599929e+02,2.714012640773314160e+03
3.532681920690838524e+02,2.789838777976769506e+03
3.540612471479857390e+02,2.868689613420401201e+03
3.548542300941522853e+02,2.970778679109374025e+03
3.556471409030706354e+02,3.046578143064271899e+03
3.564399795702276492e+02,3.171882624108334767e+03
3.572327460911102435e+02,3.286052602875426146e+03
3.580254404612053918e+02,3.476969436806114118e+03
3.588180626760000109e+02,3.729428004933586635e+03
3.596106127309809608e+02,4.136207222567920326e+03
3.604030906216353856e+02,4.753515085149441802e+03
3.611954963434500314e+02,5.801364213187312089e+03
3.619878298919118151e+02,7.247890237039355270e+03
3.627800912625078240e+02,8.692911926614620825e+03
3.635722804507248043e+02,9.701761628580123215e+03
3.643643974520497864e+02,1.045422107132874589e+04
3.651564422619696870e+02,1.118313047546376220e+04
3.659484148759714230e+02,1.165246896178897623e+04
3.667403152895419680e+02,1.229563701777051938e+04
3.675321434981682955e+02,1.272456881831858846e+04
3.683238994973372087e+02,1.260560170896450290e+04
3.691155832825357379e+02,1.214962789745412374e+04
3.699071948492508000e+02,1.155641488102334370e+04
3.706987341929692548e+02,1.090784320175679932e+04
3.714902013091781896e+02,1.035505976666432434e+04
3.722815961933643507e+02,9.810005512720405022e+03
3.730729188410147117e+02,9.367935379107653716e+03
3.738641692476163598e+02,9.002900868013370200e+03
3.746553474086559845e+02,8.662810392255214538e+03
3.754464533196207299e+02,8.469133491695471093e+03
3.762374869759974558e+02,8.264372922040134654e+03
3.770284483732730223e+02,8.129847771350936455e+03
3.778193375069345166e+02,8.048520397446657626e+03
3.786101543724687417e+02,7.994297962862950044e+03
3.794008989653627282e+02,8.004339407837896033e+03
3.801915712811032790e+02,8.017393113988278856e+03
3.809821713151773679e+02,7.979235579083948323e+03
3.817726990630719683e+02,8.079646576719692348e+03
3.825631545202739972e+02,8.193097212456028501e+03
3.833535376822703711e+02,8.277422785801134523e+03
3.841438485445480637e+02,8.401888841423357007e+03
3.849340871025939919e+02,8.560457780245682443e+03
3.857242533518951291e+02,8.711975722392788157e+03
3.865143472879382784e+02,8.834375990684362478e+03
3.873043689062104136e+02,8.897576374288370062e+03
3.880943182021986217e+02,8.907607787924252989e+03
3.888841951713895924e+02,9.007916025945052752e+03
3.896739998092704127e+02,9.081134301791385951e+03
3.904637321113279995e+02,9.154346929856345014e+03
3.912533920730492696e+02,9.261648455895934603e+03
3.920429796899210828e+02,9.362922107031372434e+03
3.928324949574305265e+02,9.534361397243621468e+03
3.936219378710644037e+02,9.690736132737774824e+03
3.944113084263098017e+02,9.881159512803962571e+03
3.952006066186534099e+02,1.003347248411738656e+04
3.959898324435823724e+02,1.022383204605918581e+04
3.967789858965834355e+02,1.044120041607424173e+04
3.975680669731436865e+02,1.062647950842570390e+04
3.983570756687500420e+02,1.091284902540868279e+04
3.991460119788893053e+02,1.122717026042769976e+04
3.999348758990485635e+02,1.173851088862459983e+04
4.007236674247147334e+02,1.252761749672474434e+04
4.015123865513746182e+02,1.411843554439202853e+04
4.023010332745152482e+02,1.721478569406704264e+04
4.030896075896235402e+02,2.192737055730938300e+04
4.038781094921864110e+02,2.706213529111494427e+04
4.046665389776909478e+02,3.137388378371632643e+04
4.054548960416237833e+02,3.328736151684000652e+04
4.062431806794720046e+02,3.280288190191610920e+04
4.070313928867226423e+02,3.057397164579623131e+04
4.078195326588623857e+02,2.765843518892334760e+04
4.086075999913784358e+02,2.497073996890238050e+04
4.093955948797575388e+02,2.302556724529258281e+04
4.101835173194867252e+02,2.161569845476140472e+04
4.109713673060529686e+02,2.089967749986863055e+04
4.117591448349429584e+02,2.024928486060183059e+04
4.125468499016439523e+02,1.964660473585085128e+04
4.133344825016426398e+02,1.899499545416498222e+04
4.141220426304259945e+02,1.834026015802048278e+04
4.149095302834811037e+02,1.771328531558074974e+04
4.156969454562946567e+02,1.738727806227773908e+04
4.164842881443537976e+02,1.721877409768637153e+04
4.172715583431453297e+02,1.714000187750038094e+04
4.180587560481562264e+02,1.730252902803527104e+04
4.188458812548734613e+02,1.753284010517540082e+04
4.196329339587839513e+02,1.784188209109668242e+04
4.204199141553744994e+02,1.823261823307970553e+04
4.212068218401323065e+02,1.870800600490310899e+04
4.219936570085440621e+02,1.925306410330768995e+04
4.227804196560967398e+02,1.979205396219808244e+04
4.235671097782773131e+02,2.030904956901762853e+04
4.243537273705726989e+02,2.087278726349768476e+04
4.251402724284698706e+02,2.136575024228270195e+04
4.259267449474557452e+02,2.197018678986304803e+04
4.267131449230172393e+02,2.273485554633543143e+04
4.274994723506412697e+02,2.371447554001626850e+04
4.282857272258148100e+02,2.497273081768031625e+04
4.290719095440247770e+02,2.650766936090566378e+04
4.298580193007580306e+02,2.775400556002610756e+04
4.306440564915016012e+02,2.878145840329280691e+04
4.314300211117423487e+02,2.952327861996473439e+04
4.322159131569672468e+02,3.045245618654424106e+04
4.330017326226632690e+02,3.270719346467970900e+04
4.337874795043172185e+02,3.643726114426430286e+04
4.345731537974161824e+02,4.053079103785819461e+04
4.353587554974470208e+02,4.585708564980668598e+04
4.361442845998966504e+02,5.130887043685703247e+04
4.369297411002519880e+02,5.480749690389123134e+04
4.377151249940000639e+02,5.639758245753827941e+04
4.385004362766276813e+02,5.506145864987299137e+04
4.392856749436218138e+02,5.143488406283886434e+04
4.400708409904694349e+02,4.671914782590534742e+04
4.408559344126574615e+02,4.205665693005717912e+04
4.416409552056727534e+02,3.827990179675471882e+04
4.424259033650023412e+02,3.521138875036131503e+04
4.432107788861331414e+02,3.287465061077464634e+04
4.439955817645520710e+02,3.108896247486474022e+04
4.447803119957460467e+02,2.980609453801542259e+04
4.455649695752019852e+02,2.884617711125970163e+04
4.463495544984069170e+02,2.808751431860420053e+04
4.471340667608476451e+02,2.718358292169537890e+04
4.479185063580111432e+02,2.629464706486589421e+04
4.487028732853843849e+02,2.545351826822005751e+04
4.494871675384542300e+02,2.447103225031814873e+04
4.502713891127077090e+02,2.368859255661793941e+04
4.510555380036316819e+02,2.288220391736193051e+04
4.518396142067130654e+02,2.210560353393363766e+04
4.526236177174388899e+02,2.151711474226004066e+04
4.534075485312960723e+02,2.120940185002913495e+04
4.541914066437714155e+02,2.092557164978313813e+04
4.549751920503519500e+02,2.084589686559178517e+04
4.557589047465245358e+02,2.085087658113864745e+04
4.565425447277761464e+02,2.085685223244772351e+04
4.573261119895937554e+02,2.064072766949544894e+04
4.581096065274642797e+02,2.031801419753680602e+04
4.588930283368745791e+02,1.968147324545036463e+04
4.596763774133116840e+02,1.917136122160618106e+04
4.604596537522625113e+02,1.868408898665189190e+04
4.612428573492140913e+02,1.816384480861060729e+04
4.620259881996530567e+02,1.786979372417004561e+04
4.628090462990665515e+02,1.772425118354273945e+04
4.635920316429414356e+02,1.770630701139288067e+04
4.643749442267647396e+02,1.774219522948710801e+04
4.651577840460232665e+02,1.787577474949452153e+04
4.659405510962040466e+02,1.803127663458223833e+04
4.667232453727939401e+02,1.829042645116359927e+04
4.675058668712799772e+02,1.863625437074319416e+04
4.682884155871489611e+02,1.902688151948912855e+04
4.690708915158879790e+02,1.936066966181278985e+04
4.698532946529838910e+02,1.972929235534804320e+04
4.706356249939236136e+02,2.007895041716666674e+04
4.714178825341940069e+02,2.054212344800699793e+04
4.722000672692821013e+02,2.084490092181390355e+04
4.729821791946747567e+02,2.115263717918877592e+04
4.737642183058590035e+02,2.102516316190947327e+04
4.745461845983217017e+02,2.090067343145937048e+04
4.753280780675498249e+02,2.061582783097705396e+04
4.761098987090302899e+02,2.027817124918232003e+04
4.768916465182499564e+02,2.006201617043200531e+04
4.776733214906958551e+02,1.986477636047209671e+04
4.784549236218550732e+02,1.978707292245423014e+04
4.792364529072141863e+02,1.991857007713703570e+04
4.800179093422602250e+02,2.009488846279228528e+04
4.807992929224802765e+02,2.047638600799320557e+04
4.815806036433611439e+02,2.093254312635282986e+04
4.823618415003898576e+02,2.154898038658213045e+04
4.831430064890532776e+02,2.227686159722700904e+04
4.839240986048383206e+02,2.316195921932049532e+04
4.847051178432319603e+02,2.384687604585756708e+04
4.854860641997211133e+02,2.432569670517427221e+04
4.862669376697929238e+02,2.449293202635812122e+04
4.870477382489339107e+02,2.436551478237265837e+04
4.878284659326312180e+02,2.412859576852917235e+04
4.886091207163717627e+02,2.372741700944910554e+04
4.893897025956425182e+02,2.322866108242035625e+04
4.901702115659304582e+02,2.257256984027909130e+04
4.909506476227223288e+02,2.174017024507575479e+04
4.917310107615052175e+02,2.080307108121578131e+04
4.925113009777659840e+02,1.984186398142425242e+04
4.932915182669916021e+02,1.899001322709758824e+04
4.940716626246689884e+02,1.845587096115249733e+04
4.948517340462852303e+02,1.803426696611138686e+04
4.956317325273270171e+02,1.784686633325269941e+04
4.964116580632813225e+02,1.756175209059628105e+04
4.971915106496351200e+02,1.719883201234100125e+04
4.979712902818753264e+02,1.690267195859644198e+04
4.987509969554889722e+02,1.670421316803898299e+04
4.995306306659628603e+02,1.650374165140531113e+04
5.003101914087840214e+02,1.631023393333735294e+04
5.010896791794392584e+02,1.625138010852829029e+04
5.018690939734156586e+02,1.612967704324732949e+04
5.026484357862001957e+02,1.599100647697875320e+04
5.034277046132795590e+02,1.603989143504363892e+04
5.042069004501407790e+02,1.592216644476833244e+04
5.049860232922708860e+02,1.588525123996457660e+04
5.057650731351566833e+02,1.591518254000204797e+04
5.065440499742852012e+02,1.597604145511761089e+04
5.073229538051433565e+02,1.596307167865606789e+04
5.081017846232180091e+02,1.600198075508647889e+04
5.088805424239961326e+02,1.616159985803001291e+04
5.096592272029647575e+02,1.620748803134247282e+04
5.104378389556105731e+02,1.627133074453312838e+04
5.112163776774208941e+02,1.637507097049189179e+04
5.119948433638822394e+02,1.646085229032228381e+04
5.127732360104818099e+02,1.657455709066598502e+04
5.135515556127063519e+02,1.659051517848801450e+04
5.143298021660430095e+02,1.675008963620089708e+04
5.151079756659786426e+02,1.675407884932217712e+04
5.158860761079999975e+02,1.683585614208562765e+04
5.166641034875942751e+02,1.693258884802887042e+04
5.174420578002482216e+02,1.697945785051361599e+04
5.182199390414486970e+02,1.705125531405798392e+04
5.189977472066831297e+02,1.704427510332040038e+04
5.197754822914378110e+02,1.709213898298547792e+04
5.205531442912000557e+02,1.722276249458862003e+04
5.213307332014566100e+02,1.726464025749743087e+04
5.221082490176944475e+02,1.737232256644420340e+04
5.228856917354006555e+02,1.747102714158437448e+04
5.236630613500619802e+02,1.759365458155514352e+04
5.244403578571653952e+02,1.775615162263180900e+04
5.252175812521979879e+02,1.792760972962390224e+04
5.259947315306465043e+02,1.813394278020132697e+04
5.267718086879979182e+02,1.845587096115249733e+04
5.275488127197393169e+02,1.879370708131251376e+04
5.283257436213573328e+02,1.926701317065750845e+04
5.291026013883391670e+02,1.995243979160821618e+04
5.298793860161715656e+02,2.091362052211673290e+04
5.306560975003416161e+02,2.219222883789861226e+04
5.314327358363360645e+02,2.359401960061067075e+04
5.322093010196419982e+02,2.496178114795124930e+04
5.329857930457461634e+02,2.627075681940853610e+04
5.337622119101358749e+02,2.741254478606877092e+04
5.345385576082976513e+02,2.865600559225697361e+04
5.353148301357188075e+02,3.019947693658377466e+04
5.360910294878859759e+02,3.207633483311041346e+04
5.368671556602861301e+02,3.434540107975131104e+04
5.376432086484061301e+02,3.658506676941848855e+04
5.384191884477331769e+02,3.879096454005051055e+04
5.391950950537540166e+02,4.080732687832191004e+04
5.399709284619556229e+02,4.235367705175303854e+04
5.407466886678249693e+02,4.408047362881830486e+04
5.415223756668488022e+02,4.661423607055674802e+04
5.422979894545143225e+02,5.102747659320141247e+04
5.430735300263082763e+02,6.203260171767997963e+04
5.438489973777177511e+02,6.363865386470434896e+04
5.446243915042294930e+02,6.363865386470434896e+04
5.453997124013304756e+02,6.363865386470434896e+04
5.461749600645076725e+02,6.363865386470434896e+04
5.469501344892480574e+02,6.363865386470434896e+04
5.477252356710384902e+02,6.363865386470434896e+04
5.485002636053659444e+02,6.363865386470434896e+04
5.492752182877172800e+02,6.363865386470434896e+04
5.500500997135795842e+02,6.363865386470434896e+04
5.508249078784397170e+02,6.363865386470434896e+04
5.515996427777846520e+02,6.363865386470434896e+04
5.523743044071012491e+02,6.363865386470434896e+04
5.531488927618762546e+02,6.363865386470434896e+04
5.539234078375968693e+02,6.363865386470434896e+04
5.546978496297499532e+02,6.363865386470434896e+04
5.554722181338225937e+02,6.363865386470434896e+04
5.562465133453014232e+02,6.363865386470434896e+04
5.570207352596735291e+02,6.363865386470434896e+04
5.577948838724257712e+02,6.363865386470434896e+04
5.585689591790452369e+02,6.363865386470434896e+04
5.593429611750186723e+02,6.363865386470434896e+04
5.601168898558332785e+02,6.363865386470434896e+04
5.608907452169756880e+02,5.780512154450515663e+04
5.616645272539329881e+02,5.199926007610131637e+04
5.624382359621920386e+02,5.031091096199140156e+04
5.632118713372398133e+02,4.855456910449966381e+04
5.639854333745632857e+02,4.671914782590534742e+04
5.647589220696492021e+02,4.512785445250314660e+04
5.655323374179848770e+02,4.386029569396915031e+04
5.663056794150567157e+02,4.351556185571551032e+04
5.670789480563521465e+02,4.389749079498650826e+04
5.678521433373578020e+02,4.549943692164994718e+04
5.686252652535607695e+02,4.852827090211208269e+04
5.693983138004477951e+02,5.297592906162756117e+04
5.701712889735059662e+02,5.939000115355459275e+04
5.709441907682222563e+02,6.363865386470434896e+04
5.717170191800835255e+02,6.363865386470434896e+04
5.724897742045766336e+02,6.363865386470434896e+04
5.732624558371885541e+02,6.363865386470434896e+04
5.740350640734062608e+02,6.363865386470434896e+04
5.748075989087167272e+02,6.363865386470434896e+04
5.755800603386066996e+02,6.363865386470434896e+04
5.763524483585633789e+02,6.363865386470434896e+04
5.771247629640736250e+02,6.363865386470434896e+04
5.778970041506239568e+02,6.363865386470434896e+04
5.786691719137020300e+02,6.363865386470434896e+04
5.794412662487941361e+02,6.363865386470434896e+04
5.802132871513875898e+02,6.363865386470434896e+04
5.809852346169691373e+02,6.363865386470434896e+04
5.817571086410257521e+02,6.363865386470434896e+04
5.825289092190444080e+02,6.363865386470434896e+04
5.833006363465120785e+02,6.363865386470434896e+04
5.840722900189155098e+02,6.363865386470434896e+04
5.848438702317419029e+02,6.363865386470434896e+04
5.856153769804780040e+02,6.363865386470434896e+04
5.863868102606107868e+02,6.363865386470434896e+04
5.871581700676272249e+02,5.994662226427873975e+04
5.879294563970141780e+02,5.708407044291877537e+04
5.887006692442585063e+02,5.445856115635271271e+04
5.894718086048472969e+02,5.211322583385388862e+04
5.902428744742674098e+02,5.005738081153375242e+04
5.910138668480057049e+02,4.823299310989365767e+04
5.917847857215493832e+02,4.692094314761939313e+04
5.925556310903851909e+02,4.579763412648034864e+04
5.933264029500001016e+02,4.483997011827396636e+04
5.940971012958808615e+02,4.388341678674959985e+04
5.948677261235146716e+02,4.263974593035003636e+04
5.956382774283881645e+02,4.128141215396230837e+04
5.964087552059886548e+02,3.985076754673411779e+04
5.971791594518027750e+02,3.845090020655280387e+04
5.979494901613174989e+02,3.719241866745799780e+04
5.987197473300199135e+02,3.604983606182834774e+04
5.994899309533967653e+02,3.514153623244740447e+04
6.002600410269352551e+02,3.439726963048008474e+04
6.010300775461221292e+02,3.360840900012593920e+04
6.018000405064442475e+02,3.302716600862155610e+04
6.025699299033884699e+02,3.237629818411145607e+04
6.033397457324419975e+02,3.188600915010434983e+04
6.041094879890916900e+02,3.141174231903837426e+04
6.048791566688242938e+02,3.090168454367110826e+04
6.056487517671270098e+02,3.049628099490201566e+04
6.064182732794864705e+02,3.017557419507347004e+04
6.071877212013899907e+02,2.989173935965025157e+04
6.079570955283240892e+02,2.956410664997572167e+04
6.087263962557760806e+02,2.922653843927300841e+04
6.094956233792325975e+02,2.900050915641239408e+04
6.102647768941807271e+02,2.868886204092173284e+04
6.110338567961073295e+02,2.836926529463734914e+04
6.118028630804993782e+02,2.810543456794299345e+04
6.125717957428437330e+02,2.789636742601808874e+04
6.133406547786274814e+02,2.761264138750405982e+04
6.141094401833374832e+02,2.728213553290656637e+04
6.148781519524605983e+02,2.709299483039220286e+04
6.156467900814836867e+02,2.693372051114066198e+04
6.164153545658939493e+02,2.666793510849233280e+04
6.171838454011782460e+02,2.656341382831949886e+04
6.179522625828233231e+02,2.640713057721156292e+04
6.187206061063162679e+02,2.632251904260809170e+04
6.194888759671439402e+02,2.621401756075038065e+04
6.202570721607933137e+02,2.619908619344058025e+04
6.210251946827512484e+02,2.605873164016466762e+04
6.217932435285047177e+02,2.606868584749983347e+04
6.225612186935408090e+02,2.593131796810531523e+04
6.233291201733461548e+02,2.592335462353432376e+04
6.240969479634079562e+02,2.591140960858588369e+04
6.248647020592130730e+02,2.585367539942693475e+04
6.256323824562483651e+02,2.587656999401114081e+04
6.263999891500008061e+02,2.590245084883352683e+04
6.271675221359573698e+02,2.581883581159299501e+04
6.279349814096048021e+02,2.579295498371854774e+04
6.287023669664301906e+02,2.578001457229744483e+04
6.294696788019205087e+02,2.568644548287342332e+04
6.302369169115626164e+02,2.566454634165318930e+04
6.310040812908434873e+02,2.554211025172354493e+04
6.317711719352499813e+02,2.553613775938203253e+04
6.325381888402690720e+02,2.551125237353485136e+04
6.333051320013878467e+02,2.542962828780117707e+04
6.340720014140929379e+02,2.540971996748366291e+04
6.348387970738714330e+02,2.540374747074180777e+04
6.356055189762103055e+02,2.544256869436085981e+04
6.363721671165964153e+02,2.534302706746781041e+04
6.371387414905167361e+02,2.529624246540679087e+04
6.379052420934581278e+02,2.524746699650872688e+04
6.386716689209075639e+02,2.519371439374318288e+04
6.394380219683520181e+02,2.513299379497894188e+04
6.402043012312783503e+02,2.513498463549724693e+04
6.409705067051735341e+02,2.505535094376682537e+04
6.417366383855247705e+02,2.503046538312517805e+04
6.425026962678184645e+02,2.502051115429130368e+04
6.432686803475418174e+02,2.496675827099582602e+04
6.440345906201816888e+02,2.495282232460150044e+04
6.448004270812251661e+02,2.489409219861389647e+04
6.455661897261591093e+02,2.495282232460150044e+04
6.463318785504703783e+02,2.486622023507098856e+04
6.470974935496459466e+02,2.480251278782145164e+04
6.478630347191727878e+02,2.474477778292185394e+04
6.486285020545377620e+02,2.479355391615436383e+04
6.493938955512280700e+02,2.472387369690982814e+04
6.501592152047302307e+02,2.474079605361828362e+04
6.509244610105313313e+02,2.465319784192442239e+04
6.516896329641182319e+02,2.464025716886081136e+04
6.524547310609781334e+02,2.463428454798483654e+04
6.532197552965977820e+02,2.468405634014919269e+04
6.539847056664641514e+02,2.467211111996302861e+04
6.547495821660639876e+02,2.468107003568097934e+04
6.555143847908844918e+02,2.464722522451853729e+04
6.562791135364124102e+02,2.468206547054640396e+04
6.570437683981349437e+02,2.475572753523454230e+04
6.578083493715388386e+02,2.468405634014919269e+04
6.585728564521108410e+02,2.467310655521483568e+04
6.593372896353380384e+02,2.474378235065573608e+04
6.601016489167075179e+02,2.475771839877921229e+04
6.608659342917060258e+02,2.468505177488665504e+04
6.616301457558205357e+02,2.475970926216721273e+04
6.623942833045380212e+02,2.471591023086858695e+04
6.631583469333453422e+02,2.480350821782070125e+04
6.639223366377294724e+02,2.475075037568502012e+04
6.646862524131774990e+02,2.488612878312636167e+04
6.654500942551760545e+02,2.488015622011936648e+04
6.662138621592123400e+02,2.488314250177270515e+04
6.669775561207731016e+02,2.480748993744792097e+04
6.677411761353453130e+02,2.483038481395750932e+04
6.685047221984159478e+02,2.486721566279451508e+04
6.692681943054717522e+02,2.487816536551669560e+04
6.700315924520000408e+02,2.494386349881909337e+04
6.707949166334874462e+02,2.497472166634185487e+04
6.715581668454210558e+02,2.495580859932002932e+04
6.723213430832875019e+02,2.491400072820508285e+04
6.730844453425742131e+02,2.485626595595301478e+04
6.738474736187678218e+02,2.481047622678136759e+04
6.746104279073551879e+02,2.477663159469253878e+04
6.753733082038233988e+02,2.481843966339252802e+04
6.761361145036593143e+02,2.476468641995426515e+04
6.768988468023497944e+02,2.481346251578451484e+04
6.776615050953820401e+02,2.481545337493707484e+04
6.784240893782426838e+02,2.491698700653572814e+04
6.791865996464188129e+02,2.491499615434708903e+04
6.799490358953974010e+02,2.481445794537905385e+04
6.807113981206650806e+02,2.488513335604169697e+04
6.814736863177092800e+02,2.482540766851932494e+04
6.822359004820166319e+02,2.490802817068251170e+04
6.829980406090738825e+02,2.483038481395750932e+04
6.837601066943683463e+02,2.485327967154589351e+04
6.845220987333867697e+02,2.507924106714408845e+04
6.852840167216160125e+02,2.502548826904102680e+04
6.860458606545431621e+02,2.504738756611146164e+04
6.868076305276550784e+02,2.515190677647228949e+04
6.875693263364387349e+02,2.512204417057598766e+04
6.883309480763808779e+02,2.515787929537767923e+04
6.890924957429688220e+02,2.523751281459057282e+04
6.898539693316891999e+02,2.536492623374975301e+04
6.906153688380289850e+02,2.546944491973316326e+04
6.913766942574749237e+02,2.553812859017209485e+04
6.921379455855144442e+02,2.574019793096415742e+04
6.928991228176340655e+02,2.595421258965948800e+04
6.936602259493208749e+02,2.608660342651911560e+04
6.944212549760617321e+02,2.620306789073972686e+04
6.951822098933436109e+02,2.628369736664942320e+04
6.959430906966534849e+02,2.610651185671347412e+04
6.967038973814782139e+02,2.603285071149039868e+04
6.974646299433048853e+02,2.583476247852855158e+04
6.982252883776201315e+02,2.569839046990684074e+04
6.989858726799111537e+02,2.560283058773906669e+04
6.997463828456649253e+02,2.553912400556347347e+04
7.005068188703680789e+02,2.549233947878507388e+04
7.012671807495077019e+02,2.535497206792583529e+04
7.020274684785707677e+02,2.528330203835676002e+04
7.027876820530441364e+02,2.530420580395782235e+04
7.035478214684148952e+02,2.517181516998530788e+04
7.043078867201696767e+02,2.514195257663727898e+04
7.050678778037956818e+02,2.503345165125862331e+04
7.058277947147798841e+02,2.497870336331724320e+04
7.065876374486090299e+02,2.490603731791842438e+04
7.073474060007699791e+02,2.484332538792648120e+04
7.081071003667500463e+02,2.479753563726818174e+04
7.088667205420357504e+02,2.476468641995426515e+04
7.096262665221142925e+02,2.478857676391820132e+04
7.103857383024723049e+02,2.476170012539892923e+04
7.111451358785971024e+02,2.468704264423394852e+04
7.119044592459753176e+02,2.462333473883741317e+04
7.126637084000939240e+02,2.456759016935293039e+04
7.134228833364400089e+02,2.435356936899870561e+04
7.141819840505004322e+02,2.422515563133463365e+04
7.149410105377621676e+02,2.394642434293231418e+04
7.156999627937120749e+02,2.378117372616801731e+04
7.164588408138370141e+02,2.368361505295091774e+04
7.172176445936240725e+02,2.354523953904619702e+04
7.179763741285599963e+02,2.340188454179053588e+04
7.187350294141319864e+02,2.333319286373188152e+04
7.194936104458267891e+02,2.314603034153253611e+04
7.202521172191312644e+02,2.297479302395331251e+04
7.210105497295326131e+02,2.306041211885968005e+04
7.217689079725175816e+02,2.288519067957396692e+04
7.225271919435730297e+02,2.267611451320606284e+04
7.232854016381859310e+02,2.256858732281863558e+04
7.240435370518434866e+02,2.253374019861008128e+04
7.248015981800323289e+02,2.244512814933275149e+04
7.255595850182393178e+02,2.221413389600640949e+04
7.263174975619517681e+02,2.208568949819596673e+04
7.270753358066563123e+02,2.193334493422577725e+04
7.278330997478398103e+02,2.162466051949687244e+04
7.285907893809895768e+02,2.138965019949222915e+04
7.293484047015921306e+02,2.102715497014748325e+04
7.301059457051346726e+02,2.069749875801629605e+04
7.308634123871039492e+02,2.027617909124581274e+04
7.316208047429871613e+02,1.992155859384972428e+04
7.323781227682709414e+02,1.958184800968665149e+04
7.331353664584423768e+02,1.931085271025680413e+04
7.338925358089883275e+02,1.885549006751704292e+04
7.346496308153957671e+02,1.861831618962611537e+04
7.354066514731516691e+02,1.836716999125497023e+04
7.361635977777428934e+02,1.802728952067339196e+04
7.369204697246563001e+02,1.765047988721272486e+04
7.376772673093790900e+02,1.740721858006548064e+04
7.384339905273980094e+02,1.727959642288255782e+04
7.391906393741999182e+02,1.701934560689561840e+04
7.399472138452720174e+02,1.687375192298011825e+04
7.407037139361009395e+02,1.658552828867982680e+04
7.414601396421737718e+02,1.640300015431956126e+04
7.422164909589772606e+02,1.627731589789521786e+04
7.429727678819986068e+02,1.601894088470252791e+04
7.437289704067245566e+02,1.578447917649082956e+04
7.444850985286421974e+02,1.563879941670739208e+04
7.452411522432383890e+02,1.545518713161458072e+04
7.459971315459998777e+02,1.532545017280706452e+04
7.467530364324139782e+02,1.513182557540168273e+04
7.475088668979673230e+02,1.492121004022026318e+04
7.482646229381469993e+02,1.480940380438007560e+04
7.490203045484398672e+02,1.464367756468906009e+04
7.497759117243327864e+02,1.449091543069948966e+04
7.505314444613127307e+02,1.432815328334750848e+04
7.512869027548667873e+02,1.418534848335938295e+04
7.520422866004815887e+02,1.397760946856913506e+04
7.527975959936443360e+02,1.372389039399411922e+04
7.535528309298420027e+02,1.366395056290582397e+04
7.543079914045612213e+02,1.352208336648131080e+04
7.550630774132890792e+02,1.334922666350334475e+04
7.558180889515127774e+02,1.319733549221465182e+04
7.565730260147188346e+02,1.301444491273245330e+04
7.573278885983942246e+02,1.287851066769584031e+04
7.580826766980261482e+02,1.278054969404262374e+04
7.588373903091013517e+02,1.260360217111737074e+04
7.595920294271066950e+02,1.245062855459189268e+04
7.603465940475293792e+02,1.228063684968655798e+04
7.611010841658560366e+02,1.203960991102747903e+04
7.618554997775737547e+02,1.187056338322855663e+04
7.626098408781695071e+02,1.169849215054678280e+04
7.633641074631300398e+02,1.155841608651249226e+04
7.641182995279425541e+02,1.134727022761093576e+04
7.648724170680937959e+02,1.112907933595453324e+04
7.656264600790706254e+02,1.095189368078605185e+04
7.663804285563602434e+02,1.083275314729982711e+04
7.671343224954492825e+02,1.060244509640446995e+04
7.678881418918249437e+02,1.046724156807062172e+04
7.686418867409739732e+02,1.025488741222216049e+04
7.693955570383833447e+02,1.003748041452534926e+04
7.701491527795400316e+02,9.837064665567184420e+03
7.709026739599310076e+02,9.747866931556176496e+03
7.716561205750431327e+02,9.589496330429259615e+03
7.724094926203632667e+02,9.388990839542238973e+03
7.731627900913784970e+02,9.222539943801599293e+03
7.739160129835755697e+02,9.104201901966875084e+03
7.746691612924415722e+02,8.947732368283135656e+03
7.754222350134633643e+02,8.830363123229708435e+03
7.761752341421280335e+02,8.645752418248024696e+03
7.769281586739222121e+02,8.499241415371909170e+03
7.776810086043331012e+02,8.396870382848577719e+03
7.784337839288474470e+02,8.233253244647179599e+03
7.791864846429524505e+02,8.109767636733812651e+03
7.799391107421348579e+02,7.963168749986614785e+03
7.806916622218815291e+02,7.775365650003311202e+03
7.814441390776793241e+02,7.665878665216349873e+03
7.821965413050154439e+02,7.542312279855075758e+03
7.829488688993767482e+02,7.398631141884421595e+03
7.837011218562499835e+02,7.291105411367751003e+03
7.844533001711223505e+02,7.157432597673812779e+03
7.852054038394805957e+02,7.083048908238862168e+03
7.859574328568116925e+02,6.915158274484910180e+03
7.867093872186025010e+02,6.797513720631643992e+03
7.874612669203403357e+02,6.740193522871210007e+03
7.882130719575116018e+02,6.626546698357038622e+03
7.889648023256033866e+02,6.503830276135248823e+03
7.897164580201028912e+02,6.387131560806757079e+03
7.904680390364967479e+02,6.274440622623460513e+03
7.912195453702719306e+02,6.143618409788784447e+03
7.919709770169156400e+02,6.065114590548133492e+03
7.927223339719143951e+02,5.950364007641077478e+03
7.934736162307553968e+02,5.876874456370061125e+03
7.942248237889255051e+02,5.767130465515192554e+03
7.949759566419116936e+02,5.645286219908956809e+03
7.957270147852009359e+02,5.565724553005034977e+03
7.964779982142800918e+02,5.492198165401315237e+03
7.972289069246359077e+02,5.419672023738472490e+03
7.979797409117555844e+02,5.315907282569259223e+03
7.987305001711259820e+02,5.189960043701040377e+03
7.994811846982340739e+02,5.071046492892712195e+03
8.002317944885667202e+02,5.011582641482307736e+03
8.009823295376107808e+02,4.925906061838491041e+03
8.017327898408532292e+02,4.825097477435741894e+03
8.024831753937811527e+02,4.756539832935518461e+03
8.032334861918815250e+02,4.617388654149348440e+03
8.039837222306409785e+02,4.526623777875012820e+03
8.047338835055466006e+02,4.470142219264292180e+03
8.054839700120852513e+02,4.379359210242298104e+03
8.062339817457440176e+02,4.292600527883646464e+03
8.069839187020097597e+02,4.210876576356146870e+03
8.077337808763693374e+02,4.099878837282130917e+03
8.084835682643097243e+02,3.992901444315217759e+03
8.092332808613178941e+02,3.890955577420920690e+03
8.099829186628807065e+02,3.839472549296503075e+03
8.107324816644852490e+02,3.731447320560431763e+03
8.114819698616182677e+02,3.648650788592533900e+03
8.122313832497668500e+02,3.534537697672996728e+03
8.129807218244177420e+02,3.423436966746681264e+03
8.137299855810580311e+02,3.355758206323092963e+03
8.144791745151745772e+02,3.274939498127139359e+03
8.152282886222543539e+02,3.171882624108334767e+03
8.159773278977842210e+02,3.143589948807975816e+03
8.167262923372512660e+02,3.096096200386345572e+03
8.174751819361421212e+02,2.999078067961909255e+03
8.182239966899441015e+02,2.924284441000644165e+03
8.189727365941439530e+02,2.833308881451979687e+03
8.197214016442286493e+02,2.814101480346290828e+03
8.204699918356850503e+02,2.770630233804434283e+03
8.212185071640000160e+02,2.704912975888761594e+03
8.219669476246606337e+02,2.651323765144709796e+03
8.227153132131538769e+02,2.611887690020802438e+03
8.234636039249663781e+02,2.562336792698533372e+03
8.242118197555853385e+02,2.530986536990602872e+03
8.249599607004977315e+02,2.511771202295906733e+03
8.257080267551903034e+02,2.500646305030248186e+03
8.264560179151501416e+02,2.473339024787793278e+03
8.272039341758642195e+02,2.447042166460287262e+03
8.279517755328191697e+02,2.423778777261177765e+03
8.286995419815020796e+02,2.407595116250417050e+03
8.294472335173999227e+02,2.386353521329952855e+03
8.301948501359996726e+02,2.389388072398168788e+03
8.309423918327881893e+02,2.393434121042599145e+03
8.316898586032523326e+02,2.380284381693387331e+03
8.324372504428791899e+02,2.374215192062644292e+03
8.331845673471557348e+02,2.329706274534652948e+03
8.339318093115685997e+02,2.323636668572882172e+03
8.346789763316050994e+02,2.320601846869869860e+03
8.354260684027519801e+02,2.295311180766102098e+03
8.361730855204961017e+02,2.307450808621188571e+03
8.369200276803243241e+02,2.304415920368777734e+03
8.376668948777238484e+02,2.248774092607377042e+03
8.384136871081815343e+02,2.221457481020493105e+03
8.391604043671841282e+02,2.204257615711511789e+03
8.399070466502187173e+02,2.171880315129753399e+03
8.406536139527722753e+02,2.160750291395965178e+03
8.414001062703315483e+02,2.140513456705227782e+03
8.421465235983837374e+02,2.100038132167790536e+03
8.428928659324155888e+02,2.069680191913175349e+03
8.436391332679140760e+02,2.041344996666266525e+03
8.443853256003660590e+02,1.996816083553564567e+03
8.451314429252585114e+02,1.973538548139982368e+03
8.458774852380784068e+02,1.937102688317793991e+03
8.466234525343127189e+02,1.916859776682642178e+03
8.473693448094483074e+02,1.860176712667201173e+03
8.481151620589720324e+02,1.809563214652666375e+03
8.488609042783709810e+02,1.777168787432038698e+03
8.496065714631318997e+02,1.721487610771287109e+03
8.503521636087419893e+02,1.713388188187550213e+03
8.510976807106879960e+02,1.692126790778566829e+03
8.518431227644570072e+02,1.646564641082291246e+03
8.525884897655355417e+02,1.616188352449412832e+03
8.533337817094109141e+02,1.577709975340380652e+03
8.540789985915700981e+02,1.536191648575857926e+03
8.548241404074997263e+02,1.505810952254367976e+03
8.555692071526869995e+02,1.494671060667162919e+03
8.563141988226186641e+02,1.480492781971795694e+03
8.570591154127818072e+02,1.453148216674014748e+03
8.578039569186632889e+02,1.435930767265476561e+03
8.585487233357500827e+02,1.395417597292792152e+03
8.592934146595289349e+02,1.367057107505237809e+03
8.600380308854870464e+02,1.345786054590514141e+03
8.607825720091111634e+02,1.348824812379500372e+03
8.615270380258882597e+02,1.330592086058395353e+03
8.622714289313053087e+02,1.326540310589046157e+03
8.630157447208490566e+02,1.308307057905369675e+03
8.637599853900069320e+02,1.282982382405334420e+03
8.645041509342652262e+02,1.258669914570949459e+03
8.652482413491113675e+02,1.249552542553063631e+03
8.659922566300319886e+02,1.245500342821564345e+03
8.667361967725141767e+02,1.251578634483830228e+03
8.674800617720449054e+02,1.243474235022230005e+03
8.682238516241109210e+02,1.234356684494845467e+03
8.689675663241991970e+02,1.219160529157905330e+03
8.697112058677968207e+02,1.207003391048362118e+03
8.704547702503904247e+02,1.218147441572835078e+03
8.711982594674674374e+02,1.199911639438327711e+03
8.719416735145142638e+02,1.213081983851921450e+03
8.726850123870182188e+02,1.209029593925866038e+03
8.734282760804659347e+02,1.201937860776460866e+03
8.741714645903447263e+02,1.200924750766545458e+03
8.749145779121411124e+02,1.167491381412702367e+03
8.756576160413422940e+02,1.170530837864686418e+03
8.764005789734350174e+02,1.169517687029482431e+03
8.771434667039063697e+02,1.146214854931248510e+03
8.778862792282430974e+02,1.149254394195189434e+03
8.786290165419322875e+02,1.127977371209553894e+03
8.793716786404609138e+02,1.138109359112810580e+03
8.801142655193158362e+02,1.113792367803217758e+03
8.808567771739840282e+02,1.104673301403081268e+03
8.815992135999522361e+02,1.115818812591679716e+03
8.823415747927077746e+02,1.095554128932723643e+03
8.830838607477371625e+02,1.103660065254252004e+03
8.838260714605276007e+02,1.100620348951661299e+03
8.845682069265657219e+02,1.092514381216794163e+03
8.853102671413388407e+02,1.086434850461731912e+03
8.860522521003337033e+02,1.106699769772116952e+03
8.867941617990372833e+02,1.091501129361297671e+03
8.875359962329363270e+02,1.099607107565747810e+03
8.882777553975179217e+02,1.099607107565747810e+03
8.890194392882691545e+02,1.107713001992132604e+03
8.897610479006766582e+02,1.138109359112810580e+03
8.905025812302277473e+02,1.140135740945007910e+03
8.912440392724088269e+02,1.141148929891942544e+03
8.919854220227073256e+02,1.130003779286678991e+03
8.927267294766098757e+02,1.141148929891942544e+03
8.934679616296034510e+02,1.135069776520094365e+03
8.942091184771750250e+02,1.143175303847017858e+03
8.949502000148115712e+02,1.142162117525977010e+03
8.956912062380000634e+02,1.147228035999384929e+03
8.964321371422272478e+02,1.156346606495852939e+03
8.971729927229800978e+02,1.144188488854972093e+03
8.979137729757458146e+02,1.153307094822328054e+03
8.986544778960111444e+02,1.148241215754062978e+03
8.993951074792628333e+02,1.145201672549746490e+03
9.001356617209879687e+02,1.142162117525977010e+03
9.008761406166736379e+02,1.145201672549746490e+03
9.016165441618064733e+02,1.164451913122977885e+03
9.023568723518736761e+02,1.138109359112810580e+03
9.030971251823619923e+02,1.138109359112810580e+03
9.038373026487583957e+02,1.128990575904005482e+03
9.045774047465499734e+02,1.107713001992132604e+03
9.053174314712234718e+02,1.114805590852677824e+03
9.060573828182660918e+02,1.103660065254252004e+03
9.067972587831642386e+02,1.105686536242401417e+03
9.075370593614053405e+02,1.105686536242401417e+03
9.082767845484761438e+02,1.064142835053530916e+03
9.090164343398635083e+02,1.082381803801346223e+03
9.097560087310545214e+02,1.063129546603019435e+03
9.104955077175360429e+02,1.055023192007017542e+03
9.112349312947949329e+02,1.023610279666222937e+03
9.119742794583182786e+02,1.024623618960724798e+03
9.127135522035928261e+02,1.003343220549588864e+03
9.134527495261058903e+02,1.001316486031106706e+03
9.141918714213437624e+02,9.982763745073519885e+02
9.149309178847939847e+02,9.607807051582647091e+02
9.156698889119430760e+02,9.455792526179586730e+02
9.164087844982781235e+02,9.273371253235658287e+02
9.171476046392862145e+02,9.030136378808734889e+02
9.178863493304540953e+02,8.938921385296088147e+02
9.186250185672686257e+02,8.938921385296088147e+02
9.193636123452168931e+02,8.807164552352172677e+02
9.201021306597857574e+02,8.685540929734672773e+02
9.208405735064621922e+02,8.249707757712152443e+02
9.215789408807333984e+02,8.138211742685773515e+02
9.223172327780856676e+02,7.854396720051764760e+02
9.230554491940064281e+02,7.600981991148871657e+02
9.237935901239824261e+02,7.347559300900443304e+02
9.245316555635006353e+02,7.418518455632937503e+02
9.252696455080480291e+02,7.083991277087623075e+02
9.260075599531114676e+02,6.962341604858750088e+02
9.267453988941779244e+02,6.688623177601284624e+02
9.274831623267343730e+02,6.455448364007539794e+02
9.282208502462676734e+02,6.191851416096275216e+02
9.289584626482647991e+02,6.049911076317226843e+02
9.296959995282127238e+02,5.806579056307682549e+02
9.304334608815981937e+02,5.522682582587655133e+02
9.311708467039082961e+02,5.370591156268584427e+02
9.319081569906300047e+02,5.198217481385435121e+02
9.326453917372499518e+02,4.965000313792315296e+02
9.333825509392555659e+02,4.691215257495483684e+02
9.341196345921333659e+02,4.326154478141734216e+02
9.348566426913704390e+02,4.245027687394813256e+02
9.355935752324537589e+02,3.859664672208294860e+02
9.363304322108701854e+02,3.616268369712203139e+02
9.370672136221068058e+02,3.454000250533772487e+02
9.378039194616502527e+02,3.190307889448534979e+02
9.385405497249877271e+02,2.977319586155927027e+02
9.392771044076059752e+02,2.825181802730332947e+02
9.400135835049920843e+02,2.561469850276375837e+02
9.407499870126328005e+02,2.449896947100702675e+02
9.414863149260152113e+02,2.409324619998157573e+02
9.422225672406261765e+02,2.196316737131872969e+02
9.429587439519527834e+02,2.155743204811106750e+02
9.436948450554816645e+02,2.064452053442400086e+02
9.444308705467001346e+02,2.034021453289531678e+02
9.451668204210948261e+02,1.871723094200752939e+02
9.459026946741527127e+02,1.902154270494093282e+02
9.466384933013608816e+02,1.821004227293038014e+02
9.473742162982060790e+02,1.739853417304699121e+02
9.481098636601752787e+02,1.668845830170030808e+02
9.488454353827554542e+02,1.648557840484267558e+02
9.495809314614335790e+02,1.577549500074728428e+02
9.503163518916965131e+02,1.476107998620857700e+02
9.510516966690312302e+02,1.465963782839571081e+02
9.517869657889247037e+02,1.323943510198202773e+02
9.525221592468637937e+02,1.303654709224964847e+02
9.532572770383353600e+02,1.263076964455247406e+02
9.539923191588264899e+02,1.202209990428625161e+02
9.547272856038240434e+02,1.131197979875563959e+02
9.554621763688148803e+02,1.060185387371801653e+02
9.561969914492860880e+02,1.080474758867240155e+02
9.569317308407244127e+02,1.009461751012424031e+02
9.576663945386170553e+02,9.891722134532585642e+01
9.584009825384507621e+02,9.384481621266357365e+01
9.591354948357123931e+02,9.688826284755344886e+01
9.598699314258890354e+02,8.877238146304748057e+01
9.606042923044675490e+02,8.572890640532719431e+01
9.613385774669350212e+02,8.572890640532719431e+01
9.620727869087780846e+02,8.471441235237477940e+01
9.628069206254838264e+02,8.065642430954787301e+01
9.635409786125391065e+02,8.572890640532719431e+01
9.642749608654311260e+02,8.369991711616265206e+01
9.650088673796464036e+02,7.761292085928633355e+01
9.657426981506722541e+02,8.065642430954787301e+01
9.664764531739954236e+02,7.964192434187714298e+01
9.672101324451027722e+02,8.471441235237477940e+01
9.679437359594815007e+02,7.964192434187714298e+01
9.686772637126182417e+02,7.761292085928633355e+01
9.694107157000000825e+02,7.254039146791383530e+01
9.701440919171138830e+02,7.456940676965234616e+01
9.708773923594465032e+02,7.456940676965234616e+01
9.716106170224851439e+02,7.964192434187714298e+01
9.723437659017165515e+02,7.456940676965234616e+01
9.730768389926276996e+02,7.558391264808543042e+01
9.738098362907055616e+02,7.761292085928633355e+01
9.745427577914369976e+02,7.761292085928633355e+01
9.752756034903088675e+02,7.659841734468292884e+01
9.760083733828082586e+02,7.558391264808543042e+01
9.767410674644220308e+02,7.964192434187714298e+01
9.774736857306371576e+02,7.862742319173719352e+01
9.782062281769404990e+02,7.558391264808543042e+01
9.789386947988189149e+02,7.761292085928633355e+01
9.796710855917596064e+02,7.558391264808543042e+01
9.804034005512492058e+02,7.862742319173719352e+01
9.811356396727749143e+02,7.659841734468292884e+01
9.818678029518234780e+02,7.659841734468292884e+01
9.825998903838818705e+02,7.659841734468292884e+01
9.833319019644371792e+02,7.964192434187714298e+01
9.840638376889760366e+02,7.558391264808543042e+01
9.847956975529855299e+02,8.167092309459111732e+01
9.855274815519526328e+02,7.659841734468292884e+01
9.862591896813644325e+02,7.659841734468292884e+01
9.869908219367073343e+02,7.862742319173719352e+01
9.877223783134688802e+02,8.167092309459111732e+01
9.884538588071354752e+02,8.167092309459111732e+01
9.891852634131944342e+02,8.167092309459111732e+01
9.899165921271326170e+02,8.167092309459111732e+01
9.906478449444368835e+02,8.065642430954787301e+01
9.913790218605942073e+02,1.521888018142800947e+00
9.921101228710913347e+02,-5.072965909905653437e-01
9.928411479714154666e+02,5.072962985327243990e-01
9.935720971570532356e+02,-1.521890650263343137e+00
