# {"Measurement": "Avobenzone absorption in PEGDA", "Measurement Date": "2017-04-13", "Measurement Spectrometer": "Ocean Optics OE65PRO", "Absorber": "Avobenzone", "Concentration w/w percent": 0.1, "Film thickness microns": 63.5, "Molar mass g/mole": 310.39, "Solvent": "PEGDA", "Solvent density g/L": 1110, "Solvent absorption measurement file": "Avobenzone_01per_noresin_80ms_0_01.csv", "Solvent + absorber absorption measurement file": "Avobenzone_01per_80ms_0_01.csv"}
2.999694198695810883e+02,2.124338276090527722e-01
3.007672975609717696e+02,1.835565995190786837e-01
3.015651034220029487e+02,2.248103862927354757e-01
3.023628374481613719e+02,1.979530034879170564e-01
3.031604996349340126e+02,2.114587686513279274e-01
3.039580899778078447e+02,1.873835078979054769e-01
3.047556084722697278e+02,2.092888190254804104e-01
3.055530551138066357e+02,2.301540865763766486e-01
3.063504298979054852e+02,2.189422661098048839e-01
3.071477328200533066e+02,2.304533565790951866e-01
3.079449638757367893e+02,2.176592533766478488e-01
3.087421230604431912e+02,2.465979382309317625e-01
3.095392103696592585e+02,2.450816935817250741e-01
3.103362257988718511e+02,2.367250390468202681e-01
3.111331693435679995e+02,2.309880507245231085e-01
3.119300409992346772e+02,2.412577656516705360e-01
3.127268407613587442e+02,2.420990030035860274e-01
3.135235686254271741e+02,2.497107662660752458e-01
3.143202245869268836e+02,2.633329378344013150e-01
3.151168086413447895e+02,2.479215123432985390e-01
3.159133207841677518e+02,2.803324894544451662e-01
3.167097610108829144e+02,2.846446077881981118e-01
3.175061293169770238e+02,2.941849188180483132e-01
3.183024256979371103e+02,2.840123664879733445e-01
3.190986501492500338e+02,3.136306938663932509e-01
3.198948026664027111e+02,3.089729621447755425e-01
3.206908832448821727e+02,3.186280496336058587e-01
3.214868918801753352e+02,3.151206662506554346e-01
3.222828285677690019e+02,3.490427815117315147e-01
3.230786933031503168e+02,3.577634177161583828e-01
3.238744860818059692e+02,3.551913840583653670e-01
3.246702068992230465e+02,3.570457347158507710e-01
3.254658557508884087e+02,3.706847308820306330e-01
3.262614326322891429e+02,3.762381169060270980e-01
3.270569375389120523e+02,3.854472817463994172e-01
3.278523704662439968e+02,3.954645441505673653e-01
3.286477314097720637e+02,4.112608780394404473e-01
3.294430203649830560e+02,4.127184468698545938e-01
3.302382373273640042e+02,4.244444429503401173e-01
3.310333822924017682e+02,4.401141690389020478e-01
3.318284552555833216e+02,4.560605154652860316e-01
3.326234562123955811e+02,4.644692853071881733e-01
3.334183851583254636e+02,4.859935175133517360e-01
3.342132420888599995e+02,4.905702860720254632e-01
3.350080269994859918e+02,5.082737932866149277e-01
3.358027398856904142e+02,5.111832464054875125e-01
3.365973807429602971e+02,5.184787597642427359e-01
3.373919495667823867e+02,5.253187018431448863e-01
3.381864463526437703e+02,5.273111338059792708e-01
3.389808710960313078e+02,5.434049793891473357e-01
3.397752237924318592e+02,5.459466069880939409e-01
3.405695044373325686e+02,5.530778283898871717e-01
3.413637130262201254e+02,5.723480899459889581e-01
3.421578495545816736e+02,5.800648063411134592e-01
3.429519140179040164e+02,5.922342664183422034e-01
3.437459064116741274e+02,5.948349657105641564e-01
3.445398267313788665e+02,6.100737589159144214e-01
3.453336749725053210e+02,6.166461532251137356e-01
3.461274511305402939e+02,6.153141018309998822e-01
3.469211552009707589e+02,6.231554602879325611e-01
3.477147871792836895e+02,6.283027364985406260e-01
3.485083470609658889e+02,6.270232444210880329e-01
3.493018348415043874e+02,6.334709824918562937e-01
3.500952505163861019e+02,6.321466225947542927e-01
3.508885940810980060e+02,6.289568716760042255e-01
3.516818655311269026e+02,6.206804260176541632e-01
3.524750648619599929e+02,6.325280836004176788e-01
3.532681920690838524e+02,6.243152916710844602e-01
3.540612471479857390e+02,6.426001618029310025e-01
3.548542300941522853e+02,6.318910332233979021e-01
3.556471409030706354e+02,6.378718039191307865e-01
3.564399795702276492e+02,6.326131213884961246e-01
3.572327460911102435e+02,6.399390899711553393e-01
3.580254404612053918e+02,6.357294353229868689e-01
3.588180626760000109e+02,6.507469344181079363e-01
3.596106127309809608e+02,6.602301716271148369e-01
3.604030906216353856e+02,6.756330646548029950e-01
3.611954963434500314e+02,6.953155765196904481e-01
3.619878298919118151e+02,7.151098596175795574e-01
3.627800912625078240e+02,7.322192740886092066e-01
3.635722804507248043e+02,7.335826352509211556e-01
3.643643974520497864e+02,7.305179355303750288e-01
3.651564422619696870e+02,7.201010905246794103e-01
3.659484148759714230e+02,7.099959560243813694e-01
3.667403152895419680e+02,7.024664245800396056e-01
3.675321434981682955e+02,6.892695622989258863e-01
3.683238994973372087e+02,6.727275918206461203e-01
3.691155832825357379e+02,6.493211035861784497e-01
3.699071948492508000e+02,6.326382653651660970e-01
3.706987341929692548e+02,6.109285909380091084e-01
3.714902013091781896e+02,5.920496530470895635e-01
3.722815961933643507e+02,5.712020487111584277e-01
3.730729188410147117e+02,5.537460530222402255e-01
3.738641692476163598e+02,5.389246057887638885e-01
3.746553474086559845e+02,5.207979241090769928e-01
3.754464533196207299e+02,5.049219292026220218e-01
3.762374869759974558e+02,4.911399782482246956e-01
3.770284483732730223e+02,4.797657269506952482e-01
3.778193375069345166e+02,4.626132274090817842e-01
3.786101543724687417e+02,4.518118674271893731e-01
3.794008989653627282e+02,4.364016432417824332e-01
3.801915712811032790e+02,4.185651606689310134e-01
3.809821713151773679e+02,4.037032067164865734e-01
3.817726990630719683e+02,3.879826095696903288e-01
3.825631545202739972e+02,3.650989180769685927e-01
3.833535376822703711e+02,3.438590579468258079e-01
3.841438485445480637e+02,3.221605087475069018e-01
3.849340871025939919e+02,2.959948801624481263e-01
3.857242533518951291e+02,2.695053514772578485e-01
3.865143472879382784e+02,2.453117805191267764e-01
3.873043689062104136e+02,2.185663037614149484e-01
3.880943182021986217e+02,1.928856978537617506e-01
3.888841951713895924e+02,1.687595191497006097e-01
3.896739998092704127e+02,1.472660505490689387e-01
3.904637321113279995e+02,1.247875926282346198e-01
3.912533920730492696e+02,1.075523201286303770e-01
3.920429796899210828e+02,8.915240887651755541e-02
3.928324949574305265e+02,7.575230020417912657e-02
3.936219378710644037e+02,6.186895898074867839e-02
3.944113084263098017e+02,5.039504721992819902e-02
3.952006066186534099e+02,4.427417755434373547e-02
3.959898324435823724e+02,3.836842189279732196e-02
3.967789858965834355e+02,3.269162714339868270e-02
3.975680669731436865e+02,2.510390642884408399e-02
3.983570756687500420e+02,2.435634079775244112e-02
3.991460119788893053e+02,1.861833116459958581e-02
3.999348758990485635e+02,1.466948799773851175e-02
4.007236674247147334e+02,1.293263476893577284e-02
4.015123865513746182e+02,1.124748291132930678e-02
4.023010332745152482e+02,7.795086721900563315e-03
4.030896075896235402e+02,6.473092045350032492e-03
4.038781094921864110e+02,5.232200301906853902e-03
4.046665389776909478e+02,4.460708586529057822e-03
4.054548960416237833e+02,4.198644744104126914e-03
4.062431806794720046e+02,4.588282425321271209e-03
4.070313928867226423e+02,4.915587875658555990e-03
4.078195326588623857e+02,2.127399006470379658e-03
4.086075999913784358e+02,3.161667572181016926e-03
4.093955948797575388e+02,3.964324551672297227e-03
4.101835173194867252e+02,1.372915907162403949e-03
4.109713673060529686e+02,2.527223725470249295e-03
4.117591448349429584e+02,6.419960018149697620e-04
4.125468499016439523e+02,1.908774844688154292e-03
4.133344825016426398e+02,3.016805392390237064e-03
4.141220426304259945e+02,1.916123757844645590e-03
4.149095302834811037e+02,2.015950268677288611e-03
4.156969454562946567e+02,3.558860048080370909e-03
4.164842881443537976e+02,1.599659865524599711e-03
4.172715583431453297e+02,2.409080574897609194e-03
4.180587560481562264e+02,4.586372796243709873e-04
4.188458812548734613e+02,1.651020345627652371e-03
4.196329339587839513e+02,1.628740689075314219e-03
4.204199141553744994e+02,1.326586572943181871e-03
4.212068218401323065e+02,7.624252025287547863e-04
4.219936570085440621e+02,6.028697575077143420e-04
4.227804196560967398e+02,1.354507071654504832e-03
4.235671097782773131e+02,1.526577470744171824e-03
4.243537273705726989e+02,1.047810630241905253e-03
4.251402724284698706e+02,3.499916660364031304e-04
4.259267449474557452e+02,9.818198869963185027e-04
4.267131449230172393e+02,1.245303245377190476e-04
4.274994723506412697e+02,9.155579116546276597e-04
4.282857272258148100e+02,-4.626323932238728814e-04
4.290719095440247770e+02,7.544996230912847865e-04
4.298580193007580306e+02,5.223234164236567265e-04
4.306440564915016012e+02,-7.945513554953684970e-05
4.314300211117423487e+02,-6.496145691289260254e-05
4.322159131569672468e+02,-1.351438185486161965e-03
4.330017326226632690e+02,6.763494053231254577e-04
4.337874795043172185e+02,5.440603450887074657e-04
4.345731537974161824e+02,6.007993825215595177e-04
4.353587554974470208e+02,1.286645457715982627e-03
4.361442845998966504e+02,1.500377034443272240e-03
4.369297411002519880e+02,9.607548336461515376e-04
4.377151249940000639e+02,8.266357518708052424e-04
4.385004362766276813e+02,1.301591175857437499e-03
4.392856749436218138e+02,8.868257591410771967e-05
4.400708409904694349e+02,-5.623777968782363301e-05
4.408559344126574615e+02,4.535738114234012103e-04
4.416409552056727534e+02,-5.187600360116737322e-04
4.424259033650023412e+02,-7.613732537101024905e-04
4.432107788861331414e+02,1.000532671565814401e-03
4.439955817645520710e+02,9.321673070483531276e-06
4.447803119957460467e+02,-9.319508947841417118e-05
4.455649695752019852e+02,-4.194159659214489674e-04
4.463495544984069170e+02,2.342083933060982656e-04
4.471340667608476451e+02,1.456625660155230415e-04
4.479185063580111432e+02,1.926378007743260318e-05
4.487028732853843849e+02,-9.481552320704115036e-04
4.494871675384542300e+02,-5.771722051350399590e-04
4.502713891127077090e+02,-1.293495495172996765e-03
4.510555380036316819e+02,-1.250127075131527918e-03
4.518396142067130654e+02,9.558607692628307353e-04
4.526236177174388899e+02,9.991086762643737809e-04
4.534075485312960723e+02,1.364230958616105896e-03
4.541914066437714155e+02,-7.266485101327536250e-04
4.549751920503519500e+02,1.050035165211950401e-03
4.557589047465245358e+02,-1.366194781847679743e-04
4.565425447277761464e+02,1.820046476241629976e-04
4.573261119895937554e+02,-1.462658896093276331e-03
4.581096065274642797e+02,-7.898705457984036768e-04
4.588930283368745791e+02,-1.733364619489083554e-03
4.596763774133116840e+02,-4.379617314077656823e-04
4.604596537522625113e+02,1.369260381194595602e-03
4.612428573492140913e+02,1.801072999795016658e-03
4.620259881996530567e+02,-3.129256569952588996e-04
4.628090462990665515e+02,-2.777990573621068326e-04
4.635920316429414356e+02,5.803973467799882630e-04
4.643749442267647396e+02,4.876917814907568219e-04
4.651577840460232665e+02,-1.894560220916727614e-03
4.659405510962040466e+02,-2.704071466783607158e-04
4.667232453727939401e+02,9.897191025555734240e-05
4.675058668712799772e+02,-8.326416898335967792e-04
4.682884155871489611e+02,-2.741736827393337697e-04
4.690708915158879790e+02,3.328225689931494508e-04
4.698532946529838910e+02,-1.732916411792224595e-04
4.706356249939236136e+02,-2.786593540582589512e-04
4.714178825341940069e+02,-1.271745113136493570e-03
4.722000672692821013e+02,-1.446902795522607768e-03
4.729821791946747567e+02,9.566056812195886799e-04
4.737642183058590035e+02,-3.258322137291193299e-04
4.745461845983217017e+02,2.169717337344818572e-04
4.753280780675498249e+02,-7.030084293114620062e-04
4.761098987090302899e+02,-2.115100328012649127e-03
4.768916465182499564e+02,-5.771829853938479846e-04
4.776733214906958551e+02,1.335713915911647398e-04
4.784549236218550732e+02,-1.631292563952477064e-03
4.792364529072141863e+02,-1.418407218288648443e-03
4.800179093422602250e+02,-1.356929007281443451e-03
4.807992929224802765e+02,-4.120154732697913630e-04
4.815806036433611439e+02,-1.570188628585469405e-03
4.823618415003898576e+02,6.068175527977094641e-04
4.831430064890532776e+02,-7.117911537990245438e-04
4.839240986048383206e+02,-1.055071548936804306e-03
4.847051178432319603e+02,-1.992285863606650491e-03
4.854860641997211133e+02,-1.126180284372559418e-03
4.862669376697929238e+02,-4.959334042913387391e-04
4.870477382489339107e+02,-5.180154702977357931e-04
4.878284659326312180e+02,-1.356519682201475473e-03
4.886091207163717627e+02,-1.430095112678374594e-04
4.893897025956425182e+02,9.559433211147379955e-04
4.901702115659304582e+02,-1.509390956471222747e-04
4.909506476227223288e+02,-4.129504042432088212e-04
4.917310107615052175e+02,4.995015551693248596e-04
4.925113009777659840e+02,3.655657236837136365e-04
4.932915182669916021e+02,1.242764224668589657e-03
4.940716626246689884e+02,-2.661163596908331166e-03
4.948517340462852303e+02,-2.219479569478812961e-03
4.956317325273270171e+02,-1.616053661252152100e-03
4.964116580632813225e+02,-7.863703213586746912e-04
4.971915106496351200e+02,-1.253169556936562998e-03
4.979712902818753264e+02,5.435485455717627146e-05
4.987509969554889722e+02,-1.265994344590811067e-03
4.995306306659628603e+02,3.879890679035560841e-04
5.003101914087840214e+02,-9.990754994584696846e-04
5.010896791794392584e+02,4.034529341795500129e-04
5.018690939734156586e+02,9.568516517653048031e-04
5.026484357862001957e+02,-8.513404719069205678e-05
5.034277046132795590e+02,-8.606957381120028047e-04
5.042069004501407790e+02,1.165744515449751266e-03
5.049860232922708860e+02,-1.908579754322193775e-04
5.057650731351566833e+02,3.223991207626369926e-04
5.065440499742852012e+02,1.976394981083392718e-03
5.073229538051433565e+02,8.611142652821361654e-04
5.081017846232180091e+02,-9.601342897602501564e-04
5.088805424239961326e+02,-1.146626574196819848e-03
5.096592272029647575e+02,-2.165761949230363137e-03
5.104378389556105731e+02,-2.495764519818506957e-03
5.112163776774208941e+02,-7.105672329145093502e-05
5.119948433638822394e+02,-1.981970715061482681e-03
5.127732360104818099e+02,1.312832373692961879e-03
5.135515556127063519e+02,8.121160399136989616e-04
5.143298021660430095e+02,-1.262458631299667212e-03
5.151079756659786426e+02,-1.728384451646651845e-03
5.158860761079999975e+02,1.529884862058513133e-03
5.166641034875942751e+02,-3.155710638256498807e-03
5.174420578002482216e+02,-8.428849043965510462e-04
5.182199390414486970e+02,1.373818796095280584e-03
5.189977472066831297e+02,-7.876300803150975555e-04
5.197754822914378110e+02,-8.970878870411432005e-04
5.205531442912000557e+02,1.214240834937502928e-03
5.213307332014566100e+02,-1.202088960264033682e-04
5.221082490176944475e+02,-1.381707444384491258e-03
5.228856917354006555e+02,-2.240236776113914939e-03
5.236630613500619802e+02,-1.128033202514004338e-03
5.244403578571653952e+02,-1.779766198640244344e-03
5.252175812521979879e+02,2.165814230865037437e-04
5.259947315306465043e+02,-3.600184221866347539e-04
5.267718086879979182e+02,6.368811232991640134e-04
5.275488127197393169e+02,-7.939900503248177241e-04
5.283257436213573328e+02,-1.703143655700886661e-03
5.291026013883391670e+02,-6.179271247567881195e-04
5.298793860161715656e+02,-3.114142202143540053e-04
5.306560975003416161e+02,4.400470628095065617e-05
5.314327358363360645e+02,-8.989743234679974798e-04
5.322093010196419982e+02,-8.547000674652633148e-04
5.329857930457461634e+02,3.788679261440362073e-04
5.337622119101358749e+02,-3.264475162761838051e-04
5.345385576082976513e+02,4.616136311724992891e-04
5.353148301357188075e+02,-1.165511802414254117e-04
5.360910294878859759e+02,-3.719584504271230413e-04
5.368671556602861301e+02,4.826646608273085087e-04
5.376432086484061301e+02,-1.666732798296438264e-04
5.384191884477331769e+02,-1.022872189826961632e-03
5.391950950537540166e+02,-8.111124909355189178e-04
5.399709284619556229e+02,1.492468889393014798e-03
