# {"Measurement": "Ideal uniform absorber 320-390 nm", "Measurement Date": "2020-04-03", "Measurement Spectrometer": "Calculated data", "Absorber": "Uniform absorber", "Concentration w/w percent": 1, "Film thickness microns": 10, "Molar mass g/mole": 100, "Solvent": "Ideal", "Solvent density g/L": 1000, "Solvent absorption measurement file": "None", "Solvent + absorber absorption measurement file": "None"}
3.000000000000000000e+02,0.000000000000000000e+00
3.005000000000000000e+02,0.000000000000000000e+00
3.010000000000000000e+02,0.000000000000000000e+00
3.015000000000000000e+02,0.000000000000000000e+00
3.020000000000000000e+02,0.000000000000000000e+00
3.025000000000000000e+02,0.000000000000000000e+00
3.030000000000000000e+02,0.000000000000000000e+00
3.035000000000000000e+02,0.000000000000000000e+00
3.040000000000000000e+02,0.000000000000000000e+00
3.045000000000000000e+02,0.000000000000000000e+00
3.050000000000000000e+02,0.000000000000000000e+00
3.055000000000000000e+02,0.000000000000000000e+00
3.060000000000000000e+02,0.000000000000000000e+00
3.065000000000000000e+02,0.000000000000000000e+00
3.070000000000000000e+02,0.000000000000000000e+00
3.075000000000000000e+02,0.000000000000000000e+00
3.080000000000000000e+02,0.000000000000000000e+00
3.085000000000000000e+02,0.000000000000000000e+00
3.090000000000000000e+02,0.000000000000000000e+00
3.095000000000000000e+02,0.000000000000000000e+00
3.100000000000000000e+02,0.000000000000000000e+00
3.105000000000000000e+02,0.000000000000000000e+00
3.110000000000000000e+02,0.000000000000000000e+00
3.115000000000000000e+02,0.000000000000000000e+00
3.120000000000000000e+02,0.000000000000000000e+00
3.125000000000000000e+02,0.000000000000000000e+00
3.130000000000000000e+02,0.000000000000000000e+00
3.135000000000000000e+02,0.000000000000000000e+00
3.140000000000000000e+02,0.000000000000000000e+00
3.145000000000000000e+02,0.000000000000000000e+00
3.150000000000000000e+02,0.000000000000000000e+00
3.155000000000000000e+02,0.000000000000000000e+00
3.160000000000000000e+02,0.000000000000000000e+00
3.165000000000000000e+02,0.000000000000000000e+00
3.170000000000000000e+02,0.000000000000000000e+00
3.175000000000000000e+02,0.000000000000000000e+00
3.180000000000000000e+02,0.000000000000000000e+00
3.185000000000000000e+02,0.000000000000000000e+00
3.190000000000000000e+02,0.000000000000000000e+00
3.195000000000000000e+02,0.000000000000000000e+00
3.200000000000000000e+02,4.342944819032517444e+03
3.205000000000000000e+02,4.342944819032517444e+03
3.210000000000000000e+02,4.342944819032517444e+03
3.215000000000000000e+02,4.342944819032517444e+03
3.220000000000000000e+02,4.342944819032517444e+03
3.225000000000000000e+02,4.342944819032517444e+03
3.230000000000000000e+02,4.342944819032517444e+03
3.235000000000000000e+02,4.342944819032517444e+03
3.240000000000000000e+02,4.342944819032517444e+03
3.245000000000000000e+02,4.342944819032517444e+03
3.250000000000000000e+02,4.342944819032517444e+03
3.255000000000000000e+02,4.342944819032517444e+03
3.260000000000000000e+02,4.342944819032517444e+03
3.265000000000000000e+02,4.342944819032517444e+03
3.270000000000000000e+02,4.342944819032517444e+03
3.275000000000000000e+02,4.342944819032517444e+03
3.280000000000000000e+02,4.342944819032517444e+03
3.285000000000000000e+02,4.342944819032517444e+03
3.290000000000000000e+02,4.342944819032517444e+03
3.295000000000000000e+02,4.342944819032517444e+03
3.300000000000000000e+02,4.342944819032517444e+03
3.305000000000000000e+02,4.342944819032517444e+03
3.310000000000000000e+02,4.342944819032517444e+03
3.315000000000000000e+02,4.342944819032517444e+03
3.320000000000000000e+02,4.342944819032517444e+03
3.325000000000000000e+02,4.342944819032517444e+03
3.330000000000000000e+02,4.342944819032517444e+03
3.335000000000000000e+02,4.342944819032517444e+03
3.340000000000000000e+02,4.342944819032517444e+03
3.345000000000000000e+02,4.342944819032517444e+03
3.350000000000000000e+02,4.342944819032517444e+03
3.355000000000000000e+02,4.342944819032517444e+03
3.360000000000000000e+02,4.342944819032517444e+03
3.365000000000000000e+02,4.342944819032517444e+03
3.370000000000000000e+02,4.342944819032517444e+03
3.375000000000000000e+02,4.342944819032517444e+03
3.380000000000000000e+02,4.342944819032517444e+03
3.385000000000000000e+02,4.342944819032517444e+03
3.390000000000000000e+02,4.342944819032517444e+03
3.395000000000000000e+02,4.342944819032517444e+03
3.400000000000000000e+02,4.342944819032517444e+03
3.405000000000000000e+02,4.342944819032517444e+03
3.410000000000000000e+02,4.342944819032517444e+03
3.415000000000000000e+02,4.342944819032517444e+03
3.420000000000000000e+02,4.342944819032517444e+03
3.425000000000000000e+02,4.342944819032517444e+03
3.430000000000000000e+02,4.342944819032517444e+03
3.435000000000000000e+02,4.342944819032517444e+03
3.440000000000000000e+02,4.342944819032517444e+03
3.445000000000000000e+02,4.342944819032517444e+03
3.450000000000000000e+02,4.342944819032517444e+03
3.455000000000000000e+02,4.342944819032517444e+03
3.460000000000000000e+02,4.342944819032517444e+03
3.465000000000000000e+02,4.342944819032517444e+03
3.470000000000000000e+02,4.342944819032517444e+03
3.475000000000000000e+02,4.342944819032517444e+03
3.480000000000000000e+02,4.342944819032517444e+03
3.485000000000000000e+02,4.342944819032517444e+03
3.490000000000000000e+02,4.342944819032517444e+03
3.495000000000000000e+02,4.342944819032517444e+03
3.500000000000000000e+02,4.342944819032517444e+03
3.505000000000000000e+02,4.342944819032517444e+03
3.510000000000000000e+02,4.342944819032517444e+03
3.515000000000000000e+02,4.342944819032517444e+03
3.520000000000000000e+02,4.342944819032517444e+03
3.525000000000000000e+02,4.342944819032517444e+03
3.530000000000000000e+02,4.342944819032517444e+03
3.535000000000000000e+02,4.342944819032517444e+03
3.540000000000000000e+02,4.342944819032517444e+03
3.545000000000000000e+02,4.342944819032517444e+03
3.550000000000000000e+02,4.342944819032517444e+03
3.555000000000000000e+02,4.342944819032517444e+03
3.560000000000000000e+02,4.342944819032517444e+03
3.565000000000000000e+02,4.342944819032517444e+03
3.570000000000000000e+02,4.342944819032517444e+03
3.575000000000000000e+02,4.342944819032517444e+03
3.580000000000000000e+02,4.342944819032517444e+03
3.585000000000000000e+02,4.342944819032517444e+03
3.590000000000000000e+02,4.342944819032517444e+03
3.595000000000000000e+02,4.342944819032517444e+03
3.600000000000000000e+02,4.342944819032517444e+03
3.605000000000000000e+02,4.342944819032517444e+03
3.610000000000000000e+02,4.342944819032517444e+03
3.615000000000000000e+02,4.342944819032517444e+03
3.620000000000000000e+02,4.342944819032517444e+03
3.625000000000000000e+02,4.342944819032517444e+03
3.630000000000000000e+02,4.342944819032517444e+03
3.635000000000000000e+02,4.342944819032517444e+03
3.640000000000000000e+02,4.342944819032517444e+03
3.645000000000000000e+02,4.342944819032517444e+03
3.650000000000000000e+02,4.342944819032517444e+03
3.655000000000000000e+02,4.342944819032517444e+03
3.660000000000000000e+02,4.342944819032517444e+03
3.665000000000000000e+02,4.342944819032517444e+03
3.670000000000000000e+02,4.342944819032517444e+03
3.675000000000000000e+02,4.342944819032517444e+03
3.680000000000000000e+02,4.342944819032517444e+03
3.685000000000000000e+02,4.342944819032517444e+03
3.690000000000000000e+02,4.342944819032517444e+03
3.695000000000000000e+02,4.342944819032517444e+03
3.700000000000000000e+02,4.342944819032517444e+03
3.705000000000000000e+02,4.342944819032517444e+03
3.710000000000000000e+02,4.342944819032517444e+03
3.715000000000000000e+02,4.342944819032517444e+03
3.720000000000000000e+02,4.342944819032517444e+03
3.725000000000000000e+02,4.342944819032517444e+03
3.730000000000000000e+02,4.342944819032517444e+03
3.735000000000000000e+02,4.342944819032517444e+03
3.740000000000000000e+02,4.342944819032517444e+03
3.745000000000000000e+02,4.342944819032517444e+03
3.750000000000000000e+02,4.342944819032517444e+03
3.755000000000000000e+02,4.342944819032517444e+03
3.760000000000000000e+02,4.342944819032517444e+03
3.765000000000000000e+02,4.342944819032517444e+03
3.770000000000000000e+02,4.342944819032517444e+03
3.775000000000000000e+02,4.342944819032517444e+03
3.780000000000000000e+02,4.342944819032517444e+03
3.785000000000000000e+02,4.342944819032517444e+03
3.790000000000000000e+02,4.342944819032517444e+03
3.795000000000000000e+02,4.342944819032517444e+03
3.800000000000000000e+02,4.342944819032517444e+03
3.805000000000000000e+02,4.342944819032517444e+03
3.810000000000000000e+02,4.342944819032517444e+03
3.815000000000000000e+02,4.342944819032517444e+03
3.820000000000000000e+02,4.342944819032517444e+03
3.825000000000000000e+02,4.342944819032517444e+03
3.830000000000000000e+02,4.342944819032517444e+03
3.835000000000000000e+02,4.342944819032517444e+03
3.840000000000000000e+02,4.342944819032517444e+03
3.845000000000000000e+02,4.342944819032517444e+03
3.850000000000000000e+02,4.342944819032517444e+03
3.855000000000000000e+02,4.342944819032517444e+03
3.860000000000000000e+02,4.342944819032517444e+03
3.865000000000000000e+02,4.342944819032517444e+03
3.870000000000000000e+02,4.342944819032517444e+03
3.875000000000000000e+02,4.342944819032517444e+03
3.880000000000000000e+02,4.342944819032517444e+03
3.885000000000000000e+02,4.342944819032517444e+03
3.890000000000000000e+02,4.342944819032517444e+03
3.895000000000000000e+02,4.342944819032517444e+03
3.900000000000000000e+02,4.342944819032517444e+03
3.905000000000000000e+02,0.000000000000000000e+00
3.910000000000000000e+02,0.000000000000000000e+00
3.915000000000000000e+02,0.000000000000000000e+00
3.920000000000000000e+02,0.000000000000000000e+00
3.925000000000000000e+02,0.000000000000000000e+00
3.930000000000000000e+02,0.000000000000000000e+00
3.935000000000000000e+02,0.000000000000000000e+00
3.940000000000000000e+02,0.000000000000000000e+00
3.945000000000000000e+02,0.000000000000000000e+00
3.950000000000000000e+02,0.000000000000000000e+00
3.955000000000000000e+02,0.000000000000000000e+00
3.960000000000000000e+02,0.000000000000000000e+00
3.965000000000000000e+02,0.000000000000000000e+00
3.970000000000000000e+02,0.000000000000000000e+00
3.975000000000000000e+02,0.000000000000000000e+00
3.980000000000000000e+02,0.000000000000000000e+00
3.985000000000000000e+02,0.000000000000000000e+00
3.990000000000000000e+02,0.000000000000000000e+00
3.995000000000000000e+02,0.000000000000000000e+00
4.000000000000000000e+02,0.000000000000000000e+00
4.005000000000000000e+02,0.000000000000000000e+00
4.010000000000000000e+02,0.000000000000000000e+00
4.015000000000000000e+02,0.000000000000000000e+00
4.020000000000000000e+02,0.000000000000000000e+00
4.025000000000000000e+02,0.000000000000000000e+00
4.030000000000000000e+02,0.000000000000000000e+00
4.035000000000000000e+02,0.000000000000000000e+00
4.040000000000000000e+02,0.000000000000000000e+00
4.045000000000000000e+02,0.000000000000000000e+00
4.050000000000000000e+02,0.000000000000000000e+00
4.055000000000000000e+02,0.000000000000000000e+00
4.060000000000000000e+02,0.000000000000000000e+00
4.065000000000000000e+02,0.000000000000000000e+00
4.070000000000000000e+02,0.000000000000000000e+00
4.075000000000000000e+02,0.000000000000000000e+00
4.080000000000000000e+02,0.000000000000000000e+00
4.085000000000000000e+02,0.000000000000000000e+00
4.090000000000000000e+02,0.000000000000000000e+00
4.095000000000000000e+02,0.000000000000000000e+00
4.100000000000000000e+02,0.000000000000000000e+00
4.105000000000000000e+02,0.000000000000000000e+00
4.110000000000000000e+02,0.000000000000000000e+00
4.115000000000000000e+02,0.000000000000000000e+00
4.120000000000000000e+02,0.000000000000000000e+00
4.125000000000000000e+02,0.000000000000000000e+00
4.130000000000000000e+02,0.000000000000000000e+00
4.135000000000000000e+02,0.000000000000000000e+00
4.140000000000000000e+02,0.000000000000000000e+00
4.145000000000000000e+02,0.000000000000000000e+00
4.150000000000000000e+02,0.000000000000000000e+00
4.155000000000000000e+02,0.000000000000000000e+00
4.160000000000000000e+02,0.000000000000000000e+00
4.165000000000000000e+02,0.000000000000000000e+00
4.170000000000000000e+02,0.000000000000000000e+00
4.175000000000000000e+02,0.000000000000000000e+00
4.180000000000000000e+02,0.000000000000000000e+00
4.185000000000000000e+02,0.000000000000000000e+00
4.190000000000000000e+02,0.000000000000000000e+00
4.195000000000000000e+02,0.000000000000000000e+00
4.200000000000000000e+02,0.000000000000000000e+00
4.205000000000000000e+02,0.000000000000000000e+00
4.210000000000000000e+02,0.000000000000000000e+00
4.215000000000000000e+02,0.000000000000000000e+00
4.220000000000000000e+02,0.000000000000000000e+00
4.225000000000000000e+02,0.000000000000000000e+00
4.230000000000000000e+02,0.000000000000000000e+00
4.235000000000000000e+02,0.000000000000000000e+00
4.240000000000000000e+02,0.000000000000000000e+00
4.245000000000000000e+02,0.000000000000000000e+00
4.250000000000000000e+02,0.000000000000000000e+00
4.255000000000000000e+02,0.000000000000000000e+00
4.260000000000000000e+02,0.000000000000000000e+00
4.265000000000000000e+02,0.000000000000000000e+00
4.270000000000000000e+02,0.000000000000000000e+00
4.275000000000000000e+02,0.000000000000000000e+00
4.280000000000000000e+02,0.000000000000000000e+00
4.285000000000000000e+02,0.000000000000000000e+00
4.290000000000000000e+02,0.000000000000000000e+00
4.295000000000000000e+02,0.000000000000000000e+00
4.300000000000000000e+02,0.000000000000000000e+00
4.305000000000000000e+02,0.000000000000000000e+00
4.310000000000000000e+02,0.000000000000000000e+00
4.315000000000000000e+02,0.000000000000000000e+00
4.320000000000000000e+02,0.000000000000000000e+00
4.325000000000000000e+02,0.000000000000000000e+00
4.330000000000000000e+02,0.000000000000000000e+00
4.335000000000000000e+02,0.000000000000000000e+00
4.340000000000000000e+02,0.000000000000000000e+00
4.345000000000000000e+02,0.000000000000000000e+00
4.350000000000000000e+02,0.000000000000000000e+00
4.355000000000000000e+02,0.000000000000000000e+00
4.360000000000000000e+02,0.000000000000000000e+00
4.365000000000000000e+02,0.000000000000000000e+00
4.370000000000000000e+02,0.000000000000000000e+00
4.375000000000000000e+02,0.000000000000000000e+00
4.380000000000000000e+02,0.000000000000000000e+00
4.385000000000000000e+02,0.000000000000000000e+00
4.390000000000000000e+02,0.000000000000000000e+00
4.395000000000000000e+02,0.000000000000000000e+00
4.400000000000000000e+02,0.000000000000000000e+00
