# 03/27/17,100 um fiber,No slit,Integration time: 64.0 ms,Dark correction on,Nonlinearity correction on
# wavelength,intensity
1.907908162221780231e+02,3.677891537089680973e+00
1.915984207987377772e+02,1.648711900826386190e+00
1.924059541587151330e+02,-3.804724158261206801e-01
1.932134162975970355e+02,-2.409661411558387645e+00
1.940208072108704584e+02,4.121686897618242540e+01
1.948281268940222617e+02,4.831865676022047040e+01
1.956353753425393904e+02,4.628958042154978614e+01
1.964425525519088183e+02,4.730411917957972889e+01
1.972496585176174051e+02,4.121686897618242540e+01
1.980566932351522098e+02,4.527504048629115374e+01
1.988636567000000070e+02,4.527504048629115374e+01
1.996705489076478273e+02,4.527504048629115374e+01
2.004773698535825872e+02,4.628958042154978614e+01
2.012841195332911752e+02,4.831865676022047040e+01
2.020907979422606502e+02,4.527504048629115374e+01
2.028974050759777583e+02,4.628958042154978614e+01
2.037039409299295301e+02,4.730411917957972889e+01
2.045104054996029674e+02,4.730411917957972889e+01
2.053167987804848735e+02,4.426049937396441436e+01
2.061231207680622219e+02,4.730411917957972889e+01
2.069293714578220147e+02,4.831865676022047040e+01
2.077355508452510833e+02,5.034772838869267986e+01
2.085416589258364297e+02,4.527504048629115374e+01
2.093476956950649424e+02,5.136226243620345855e+01
2.101536611484235664e+02,4.223141361874930055e+01
2.109595552813992754e+02,4.831865676022047040e+01
2.117653780894789293e+02,4.831865676022047040e+01
2.125711295681494732e+02,4.933319316331158433e+01
2.133768097128979093e+02,4.527504048629115374e+01
2.141824185192110974e+02,4.730411917957972889e+01
2.149879559825760111e+02,4.628958042154978614e+01
2.157934220984795672e+02,4.933319316331158433e+01
2.165988168624086541e+02,4.831865676022047040e+01
2.174041402698502736e+02,5.136226243620345855e+01
2.182093923162913143e+02,5.237679530568369302e+01
2.190145729972187212e+02,4.933319316331158433e+01
2.198196823081194964e+02,4.831865676022047040e+01
2.206247202444804145e+02,4.730411917957972889e+01
2.214296868017885629e+02,4.933319316331158433e+01
2.222345819755307730e+02,5.440585750991192526e+01
2.230394057611939900e+02,5.136226243620345855e+01
2.238441581542652159e+02,5.136226243620345855e+01
2.246488391502313107e+02,5.034772838869267986e+01
2.254534487445792479e+02,4.831865676022047040e+01
2.262579869327959159e+02,5.339132699697320561e+01
2.270624537103682599e+02,5.643491500009688622e+01
2.278668490727832534e+02,4.933319316331158433e+01
2.286711730155277849e+02,5.643491500009688622e+01
2.294754255340887710e+02,5.034772838869267986e+01
2.302796066239532138e+02,5.744944197702329092e+01
2.310837162806080016e+02,5.237679530568369302e+01
2.318877544995400797e+02,5.339132699697320561e+01
2.326917212762363363e+02,5.136226243620345855e+01
2.334956166061837735e+02,5.237679530568369302e+01
2.342994404848692795e+02,5.339132699697320561e+01
2.351031929077797713e+02,5.440585750991192526e+01
2.359068738704021939e+02,5.542038684433979512e+01
2.367104833682235210e+02,5.339132699697320561e+01
2.375140213967306408e+02,5.846396777495920105e+01
2.383174879514104987e+02,5.440585750991192526e+01
2.391208830277500113e+02,6.049301583322060338e+01
2.399242066212361237e+02,5.643491500009688622e+01
2.407274587273557813e+02,5.744944197702329092e+01
2.415306393415959008e+02,5.846396777495920105e+01
2.423337484594434272e+02,6.150753809322680610e+01
2.431367860763852491e+02,5.947849239374486530e+01
2.439397521879083683e+02,5.947849239374486530e+01
2.447426467894996449e+02,6.455109779483312593e+01
2.455454698766460524e+02,5.846396777495920105e+01
2.463482214448345360e+02,6.252205917360392817e+01
2.471509014895520124e+02,6.556561533536645925e+01
2.479535100062853985e+02,6.658013169563325562e+01
2.487560469905216110e+02,6.150753809322680610e+01
2.495585124377476518e+02,6.455109779483312593e+01
2.503609063434503810e+02,6.759464687547428241e+01
2.511632287031167721e+02,6.658013169563325562e+01
2.519654795122337134e+02,6.962367369324267941e+01
2.527676587662881786e+02,6.759464687547428241e+01
2.535697664607671129e+02,7.063818533085199647e+01
2.543718025911574045e+02,6.860916087473044911e+01
2.551737671529460272e+02,7.165269578739946610e+01
2.559756601416198691e+02,6.962367369324267941e+01
2.567774815526658472e+02,6.658013169563325562e+01
2.575792313815709917e+02,6.658013169563325562e+01
2.583809096238221059e+02,7.165269578739946610e+01
2.591825162749062770e+02,7.165269578739946610e+01
2.599840513303103080e+02,7.165269578739946610e+01
2.607855147855211158e+02,7.368171315667356680e+01
2.615869066360257875e+02,7.773973371549490707e+01
2.623882268773110695e+02,7.165269578739946610e+01
2.631894755048640491e+02,7.266720506272625357e+01
2.639906525141715292e+02,7.672523034865190539e+01
2.647917579007204836e+02,7.571072579979500006e+01
2.655927916599978857e+02,7.672523034865190539e+01
2.663937537874906525e+02,7.571072579979500006e+01
2.671946442786857006e+02,7.976873690250552329e+01
2.679954631290700036e+02,7.672523034865190539e+01
2.687962103341304783e+02,7.875423590016556830e+01
2.695968858893539846e+02,8.484122417370659264e+01
2.703974897902274961e+02,8.382672908539328205e+01
2.711980220322380433e+02,8.078323672235644892e+01
2.719984826108723723e+02,8.078323672235644892e+01
2.727988715216175706e+02,8.281223281395845959e+01
2.735991887599604979e+02,8.788470233833824352e+01
2.743994343213880143e+02,8.382672908539328205e+01
2.751996082013872638e+02,8.687021080033692044e+01
2.759997103954450495e+02,8.889919269258665224e+01
2.767997408990482313e+02,9.295714226889860754e+01
2.775996997076838397e+02,8.788470233833824352e+01
2.783995868168387915e+02,9.397162670201863932e+01
2.791994022220000033e+02,9.397162670201863932e+01
2.799991459186544489e+02,9.600059201400758013e+01
2.807988179022890449e+02,9.802955258594693078e+01
2.815984181683906513e+02,1.000585084165799259e+02
2.823979467124461848e+02,9.904403109400523419e+01
2.831974035299427896e+02,1.031019332698335660e+02
2.839967886163670983e+02,1.010729845535141038e+02
2.847961019672063685e+02,1.051308772417095980e+02
2.855953435779472898e+02,1.071598164678893141e+02
2.863945134440768356e+02,1.081742843009517969e+02
2.871936115610819797e+02,1.102032164062402018e+02
2.879926379244497525e+02,1.162899842241673838e+02
2.887915925296668433e+02,1.132466056597377815e+02
2.895904753722203395e+02,1.193333520953198530e+02
2.903892864475972146e+02,1.223767092689916183e+02
2.911880257512842718e+02,1.233911592822718575e+02
2.919866932787684846e+02,1.335355939817812327e+02
2.927852890255368834e+02,1.274489474415322547e+02
2.935838129870763282e+02,1.325211558677884227e+02
2.943822651588737358e+02,1.294778343826739047e+02
2.951806455364160229e+02,1.406366274292236938e+02
2.959789541151902199e+02,1.416510560126474445e+02
2.967771908906830731e+02,1.487520227115613238e+02
2.975753558583816698e+02,1.558529309489658488e+02
2.983734490137729267e+02,1.619393771534143696e+02
2.991714703523437606e+02,1.639681829958598200e+02
2.999694198695810883e+02,1.730977500975143926e+02
3.007672975609717696e+02,1.852703554223109847e+02
3.015651034220029487e+02,1.852703554223109847e+02
3.023628374481613719e+02,1.974427881519603432e+02
3.031604996349340126e+02,2.045432941018671613e+02
3.039580899778078447e+02,2.177297917829873768e+02
3.047556084722697278e+02,2.238157990629489404e+02
3.055530551138066357e+02,2.420735606515590916e+02
3.063504298979054852e+02,2.481593943241045395e+02
3.071477328200533066e+02,2.633737882042908041e+02
3.079449638757367893e+02,2.796021749133782919e+02
3.087421230604431912e+02,3.069868734110251012e+02
3.095392103696592585e+02,3.242286362909833883e+02
3.103362257988718511e+02,3.576969346890865040e+02
3.111331693435679995e+02,3.769659570481617834e+02
3.119300409992346772e+02,3.952204121077927539e+02
3.127268407613587442e+02,4.246295299567686357e+02
3.135235686254271741e+02,4.722903805150912717e+02
3.143202245869268836e+02,5.199484948014279553e+02
3.151168086413447895e+02,5.605064265442489386e+02
3.159133207841677518e+02,6.091733039439245658e+02
3.167097610108829144e+02,6.375609802376823154e+02
3.175061293169770238e+02,6.416162820217147100e+02
3.183024256979371103e+02,6.730441867227636976e+02
3.190986501492500338e+02,6.831819616076908233e+02
3.198948026664027111e+02,6.963608798347495394e+02
3.206908832448821727e+02,7.217043515506711628e+02
3.214868918801753352e+02,7.288003815351372623e+02
3.222828285677690019e+02,7.379237571951773589e+02
3.230786933031503168e+02,7.683342652171805867e+02
3.238744860818059692e+02,7.845527339185476876e+02
3.246702068992230465e+02,8.240838813244049561e+02
3.254658557508884087e+02,8.332061773575306916e+02
3.262614326322891429e+02,8.656401661809744610e+02
3.270569375389120523e+02,8.788160983442564884e+02
3.278523704662439968e+02,9.132751998035099632e+02
3.286477314097720637e+02,9.487462459160670960e+02
3.294430203649830560e+02,9.973896731102497597e+02
3.302382373273640042e+02,1.087574766065127960e+03
3.310333822924017682e+02,1.170657481626587241e+03
3.318284552555833216e+02,1.296277940415680177e+03
3.326234562123955811e+02,1.465428072858006772e+03
3.334183851583254636e+02,1.625427935635003678e+03
3.342132420888599995e+02,1.768184148575641530e+03
3.350080269994859918e+02,1.843095038439178552e+03
3.358027398856904142e+02,1.834996923735523069e+03
3.365973807429602971e+02,1.769196507606900923e+03
3.373919495667823867e+02,1.722626585104965216e+03
3.381864463526437703e+02,1.751986219104867359e+03
3.389808710960313078e+02,1.802603592067157706e+03
3.397752237924318592e+02,1.877511051139205165e+03
3.405695044373325686e+02,1.942289846244484124e+03
3.413637130262201254e+02,1.997954640029298616e+03
3.421578495545816736e+02,2.088021595690390313e+03
3.429519140179040164e+02,2.195278115539204919e+03
3.437459064116741274e+02,2.256994171784504488e+03
3.445398267313788665e+02,2.341971784166714315e+03
3.453336749725053210e+02,2.420870801897297042e+03
3.461274511305402939e+02,2.498749998915754531e+03
3.469211552009707589e+02,2.554372943355595453e+03
3.477147871792836895e+02,2.575609682810481900e+03
3.485083470609658889e+02,2.602913158502895385e+03
3.493018348415043874e+02,2.630215617185137035e+03
3.500952505163861019e+02,2.638305039192431650e+03
3.508885940810980060e+02,2.664595043665660796e+03
3.516818655311269026e+02,2.706050440189376786e+03
3.524750648619599929e+02,2.787943220416793793e+03
3.532681920690838524e+02,2.898130129376442710e+03
3.540612471479857390e+02,2.950690499767804340e+03
3.548542300941522853e+02,3.057821058631264805e+03
3.556471409030706354e+02,3.121485531097330750e+03
3.564399795702276492e+02,3.233642723868063968e+03
3.572327460911102435e+02,3.407401710220884524e+03
3.580254404612053918e+02,3.557891943438381531e+03
3.588180626760000109e+02,3.846665249566689454e+03
3.596106127309809608e+02,4.262459574744619204e+03
3.604030906216353856e+02,4.957279950560487123e+03
3.611954963434500314e+02,6.014913294468252388e+03
3.619878298919118151e+02,7.505263976215435832e+03
3.627800912625078240e+02,8.974940873478335561e+03
3.635722804507248043e+02,9.910346241678505976e+03
3.643643974520497864e+02,1.056852061843559932e+04
3.651564422619696870e+02,1.125431894742088298e+04
3.659484148759714230e+02,1.175664394415285460e+04
3.667403152895419680e+02,1.249574762207666754e+04
3.675321434981682955e+02,1.290562362403077168e+04
3.683238994973372087e+02,1.282965601199976300e+04
3.691155832825357379e+02,1.241875680664288120e+04
3.699071948492508000e+02,1.174663953322839552e+04
3.706987341929692548e+02,1.118926111488100105e+04
3.714902013091781896e+02,1.052946233617716098e+04
3.722815961933643507e+02,1.003660368108179318e+04
3.730729188410147117e+02,9.591626482066089011e+03
3.738641692476163598e+02,9.230687681682056791e+03
3.746553474086559845e+02,8.912748845739986791e+03
3.754464533196207299e+02,8.666949411689744011e+03
3.762374869759974558e+02,8.455208238304741826e+03
3.770284483732730223e+02,8.291601748302056876e+03
3.778193375069345166e+02,8.221332112100817540e+03
3.786101543724687417e+02,8.213300943157995789e+03
3.794008989653627282e+02,8.170132164399622525e+03
3.801915712811032790e+02,8.209285331447719727e+03
3.809821713151773679e+02,8.186195211401975030e+03
3.817726990630719683e+02,8.260483021842925154e+03
3.825631545202739972e+02,8.318704271592747318e+03
3.833535376822703711e+02,8.453200976887461366e+03
3.841438485445480637e+02,8.610757492676371839e+03
3.849340871025939919e+02,8.752234154231171487e+03
3.857242533518951291e+02,8.894692322958570003e+03
3.865143472879382784e+02,9.024089728724380620e+03
3.873043689062104136e+02,9.122379779557668371e+03
3.880943182021986217e+02,9.178540963279368952e+03
3.888841951713895924e+02,9.197594900831605628e+03
3.896739998092704127e+02,9.244726698729265991e+03
3.904637321113279995e+02,9.293861646432789712e+03
3.912533920730492696e+02,9.417189403699327158e+03
3.920429796899210828e+02,9.545513938937745479e+03
3.928324949574305265e+02,9.685849794529956853e+03
3.936219378710644037e+02,9.825163738532453863e+03
3.944113084263098017e+02,1.002958978665313771e+04
3.952006066186534099e+02,1.021093378069533537e+04
3.959898324435823724e+02,1.038323153170048317e+04
3.967789858965834355e+02,1.059556014069565390e+04
3.975680669731436865e+02,1.081385468376247263e+04
3.983570756687500420e+02,1.105212711100026354e+04
3.991460119788893053e+02,1.138842663247328710e+04
3.999348758990485635e+02,1.187569013401451048e+04
4.007236674247147334e+02,1.274168821650474820e+04
4.015123865513746182e+02,1.430730756897212268e+04
4.023010332745152482e+02,1.749308557445790211e+04
4.030896075896235402e+02,2.223417197902175758e+04
4.038781094921864110e+02,2.735293961038021007e+04
4.046665389776909478e+02,3.141684827399089409e+04
4.054548960416237833e+02,3.333035634642163495e+04
4.062431806794720046e+02,3.290069219721220725e+04
4.070313928867226423e+02,3.070756841518812871e+04
4.078195326588623857e+02,2.774815682467548686e+04
4.086075999913784358e+02,2.522370138441194649e+04
4.093955948797575388e+02,2.320290128046756581e+04
4.101835173194867252e+02,2.180402317751188821e+04
4.109713673060529686e+02,2.102229993606654170e+04
4.117591448349429584e+02,2.045061365757980820e+04
4.125468499016439523e+02,1.984398089206168515e+04
4.133344825016426398e+02,1.917447493632407350e+04
4.141220426304259945e+02,1.847592796035865467e+04
4.149095302834811037e+02,1.789184868718715006e+04
4.156969454562946567e+02,1.751402220949774710e+04
4.164842881443537976e+02,1.732159782066489424e+04
4.172715583431453297e+02,1.730963310574126808e+04
4.180587560481562264e+02,1.741432235003812093e+04
4.188458812548734613e+02,1.762667821600358002e+04
4.196329339587839513e+02,1.799452020249362249e+04
4.204199141553744994e+02,1.841812355570944419e+04
4.212068218401323065e+02,1.890045633257729060e+04
4.219936570085440621e+02,1.942455881137400502e+04
4.227804196560967398e+02,1.990275580248163169e+04
4.235671097782773131e+02,2.047252639093704056e+04
4.243537273705726989e+02,2.106313185942512064e+04
4.251402724284698706e+02,2.155209225551839700e+04
4.259267449474557452e+02,2.213261184111385228e+04
4.267131449230172393e+02,2.288531512797483447e+04
4.274994723506412697e+02,2.390274762498821656e+04
4.282857272258148100e+02,2.520379301069495705e+04
4.290719095440247770e+02,2.663620537603558478e+04
4.298580193007580306e+02,2.802491820466155696e+04
4.306440564915016012e+02,2.905241044821640753e+04
4.314300211117423487e+02,2.970065899212540171e+04
4.322159131569672468e+02,3.067569401034019029e+04
4.330017326226632690e+02,3.297146688741855178e+04
4.337874795043172185e+02,3.663413035839777876e+04
4.345731537974161824e+02,4.057700067757471697e+04
4.353587554974470208e+02,4.580380578964946471e+04
4.361442845998966504e+02,5.088036012617564120e+04
4.369297411002519880e+02,5.443311886087330640e+04
4.377151249940000639e+02,5.603804938079119165e+04
4.385004362766276813e+02,5.475439534404853475e+04
4.392856749436218138e+02,5.124803353368956596e+04
4.400708409904694349e+02,4.655485148686996399e+04
4.408559344126574615e+02,4.224843021668926667e+04
4.416409552056727534e+02,3.841002354390450637e+04
4.424259033650023412e+02,3.532727505153936363e+04
4.432107788861331414e+02,3.298043847227658262e+04
4.439955817645520710e+02,3.127537893830959365e+04
4.447803119957460467e+02,2.999344471117497596e+04
4.455649695752019852e+02,2.904643617475642895e+04
4.463495544984069170e+02,2.813144389063971539e+04
4.471340667608476451e+02,2.733004334167456545e+04
4.479185063580111432e+02,2.644906316182222872e+04
4.487028732853843849e+02,2.556413381661740641e+04
4.494871675384542300e+02,2.467522185498182807e+04
4.502713891127077090e+02,2.379722603094636725e+04
4.510555380036316819e+02,2.300876698618999217e+04
4.518396142067130654e+02,2.214256879074138851e+04
4.526236177174388899e+02,2.166760353871692860e+04
4.534075485312960723e+02,2.122048084151478179e+04
4.541914066437714155e+02,2.100038997524580918e+04
4.549751920503519500e+02,2.096553300437123107e+04
4.557589047465245358e+02,2.097549216594716563e+04
4.565425447277761464e+02,2.096254525166816529e+04
4.573261119895937554e+02,2.072551053214235071e+04
4.581096065274642797e+02,2.039981550531875109e+04
4.588930283368745791e+02,1.985195042693194773e+04
4.596763774133116840e+02,1.923126856621155821e+04
4.604596537522625113e+02,1.874201268461445943e+04
4.612428573492140913e+02,1.826962061497249670e+04
4.620259881996530567e+02,1.797857149097560250e+04
4.628090462990665515e+02,1.783203818472934654e+04
4.635920316429414356e+02,1.777621380470680742e+04
4.643749442267647396e+02,1.786792465094388172e+04
4.651577840460232665e+02,1.791377886158711044e+04
4.659405510962040466e+02,1.817593011870199189e+04
4.667232453727939401e+02,1.842410337606796747e+04
4.675058668712799772e+02,1.869517554508977264e+04
4.682884155871489611e+02,1.908479874091546662e+04
4.690708915158879790e+02,1.943751084931275182e+04
4.698532946529838910e+02,1.984696946968531847e+04
4.706356249939236136e+02,2.023446805309442425e+04
4.714178825341940069e+02,2.064981607423660171e+04
4.722000672692821013e+02,2.099341860224197080e+04
4.729821791946747567e+02,2.110794697438830190e+04
4.737642183058590035e+02,2.113782348103678669e+04
4.745461845983217017e+02,2.095656974039639681e+04
4.753280780675498249e+02,2.064682810769299249e+04
4.761098987090302899e+02,2.038786290654590630e+04
4.768916465182499564e+02,2.010995483526443422e+04
4.776733214906958551e+02,1.992965248111828259e+04
4.784549236218550732e+02,1.987884747839808188e+04
4.792364529072141863e+02,2.000137600233240664e+04
4.800179093422602250e+02,2.020856963301674841e+04
4.807992929224802765e+02,2.056814423094782614e+04
4.815806036433611439e+02,2.100437361222347317e+04
4.823618415003898576e+02,2.162279342391574028e+04
4.831430064890532776e+02,2.238352218005992472e+04
4.839240986048383206e+02,2.317303475006260487e+04
4.847051178432319603e+02,2.405704648806051046e+04
4.854860641997211133e+02,2.441441623298490595e+04
4.862669376697929238e+02,2.459558690225871396e+04
4.870477382489339107e+02,2.448608834904730975e+04
4.878284659326312180e+02,2.413867485575165483e+04
4.886091207163717627e+02,2.379025759124981414e+04
4.893897025956425182e+02,2.328652703654883226e+04
4.901702115659304582e+02,2.269416000756657013e+04
4.909506476227223288e+02,2.181995517942442530e+04
4.917310107615052175e+02,2.085797266617665809e+04
4.925113009777659840e+02,1.985792756662772808e+04
4.932915182669916021e+02,1.908479874091546662e+04
4.940716626246689884e+02,1.853074140533694663e+04
4.948517340462852303e+02,1.823373952465747789e+04
4.956317325273270171e+02,1.795963227144506891e+04
4.964116580632813225e+02,1.759477614608976000e+04
4.971915106496351200e+02,1.730963310574126808e+04
4.979712902818753264e+02,1.694966622911773084e+04
4.987509969554889722e+02,1.673924392670623274e+04
4.995306306659628603e+02,1.655972095025176532e+04
5.003101914087840214e+02,1.641509437370187879e+04
5.010896791794392584e+02,1.630636858493383079e+04
5.018690939734156586e+02,1.623055642698258998e+04
5.026484357862001957e+02,1.607493323703550050e+04
5.034277046132795590e+02,1.602205853997029772e+04
5.042069004501407790e+02,1.601707028921535857e+04
5.049860232922708860e+02,1.591430955017274391e+04
5.057650731351566833e+02,1.597616616409691778e+04
5.065440499742852012e+02,1.597217547288950846e+04
5.073229538051433565e+02,1.605498068426068676e+04
5.081017846232180091e+02,1.609488559275970510e+04
5.088805424239961326e+02,1.617170033220862570e+04
5.096592272029647575e+02,1.627045790822534946e+04
5.104378389556105731e+02,1.637519565517113733e+04
5.112163776774208941e+02,1.639714004373632270e+04
5.119948433638822394e+02,1.646795901730664264e+04
5.127732360104818099e+02,1.667142586759421465e+04
5.135515556127063519e+02,1.668638591330319105e+04
5.143298021660430095e+02,1.674821969007800362e+04
5.151079756659786426e+02,1.682600812063912963e+04
5.158860761079999975e+02,1.689082974739040219e+04
5.166641034875942751e+02,1.694767179705699527e+04
5.174420578002482216e+02,1.695465230163359593e+04
5.182199390414486970e+02,1.709924369348908658e+04
5.189977472066831297e+02,1.713813225158974092e+04
5.197754822914378110e+02,1.718998265804947732e+04
5.205531442912000557e+02,1.724482319380016270e+04
5.213307332014566100e+02,1.735649456608177206e+04
5.221082490176944475e+02,1.742528953319402353e+04
5.228856917354006555e+02,1.758680056513847740e+04
5.236630613500619802e+02,1.766356447988432046e+04
5.244403578571653952e+02,1.782904762349820157e+04
5.252175812521979879e+02,1.799751057524380303e+04
5.259947315306465043e+02,1.829752780873293523e+04
5.267718086879979182e+02,1.853074140533694663e+04
5.275488127197393169e+02,1.884564971631439039e+04
5.283257436213573328e+02,1.932691875902144238e+04
5.291026013883391670e+02,2.004421022638436989e+04
5.298793860161715656e+02,2.101034906123621113e+04
5.306560975003416161e+02,2.228992979076569463e+04
5.314327358363360645e+02,2.373749641294740286e+04
5.322093010196419982e+02,2.506045248172755601e+04
5.329857930457461634e+02,2.627187667423817038e+04
5.337622119101358749e+02,2.752316986105258547e+04
5.345385576082976513e+02,2.878656119972145825e+04
5.353148301357188075e+02,3.034501276561503255e+04
5.360910294878859759e+02,3.219903187075554888e+04
5.368671556602861301e+02,3.456896915291937330e+04
5.376432086484061301e+02,3.691480935065052472e+04
5.384191884477331769e+02,3.896015567280240066e+04
5.391950950537540166e+02,4.090565952343110257e+04
5.399709284619556229e+02,4.260674324204919685e+04
5.407466886678249693e+02,4.447585458592852956e+04
5.415223756668488022e+02,4.690795090162330598e+04
5.422979894545143225e+02,5.160070271208432678e+04
5.430735300263082763e+02,6.293896525921567809e+04
5.438489973777177511e+02,6.363878694390162855e+04
5.446243915042294930e+02,6.363878694390162855e+04
5.453997124013304756e+02,6.363878694390162855e+04
5.461749600645076725e+02,6.363878694390162855e+04
5.469501344892480574e+02,6.363878694390162855e+04
5.477252356710384902e+02,6.363878694390162855e+04
5.485002636053659444e+02,6.363878694390162855e+04
5.492752182877172800e+02,6.363878694390162855e+04
5.500500997135795842e+02,6.363878694390162855e+04
5.508249078784397170e+02,6.363878694390162855e+04
5.515996427777846520e+02,6.363878694390162855e+04
5.523743044071012491e+02,6.363878694390162855e+04
5.531488927618762546e+02,6.363878694390162855e+04
5.539234078375968693e+02,6.363878694390162855e+04
5.546978496297499532e+02,6.363878694390162855e+04
5.554722181338225937e+02,6.363878694390162855e+04
5.562465133453014232e+02,6.363878694390162855e+04
5.570207352596735291e+02,6.363878694390162855e+04
5.577948838724257712e+02,6.363878694390162855e+04
5.585689591790452369e+02,6.363878694390162855e+04
5.593429611750186723e+02,6.363878694390162855e+04
5.601168898558332785e+02,6.363878694390162855e+04
5.608907452169756880e+02,5.796744818279876927e+04
5.616645272539329881e+02,5.196988235051955417e+04
5.624382359621920386e+02,5.046726657725233963e+04
5.632118713372398133e+02,4.859313326310376578e+04
5.639854333745632857e+02,4.681411084581351315e+04
5.647589220696492021e+02,4.525685666152361227e+04
5.655323374179848770e+02,4.423043283185041219e+04
5.663056794150567157e+02,4.382121740978475282e+04
5.670789480563521465e+02,4.447283667356454680e+04
5.678521433373578020e+02,4.608296745650089724e+04
5.686252652535607695e+02,4.914162300456269440e+04
5.693983138004477951e+02,5.355545536127865489e+04
5.701712889735059662e+02,6.024593060424294526e+04
5.709441907682222563e+02,6.363878694390162855e+04
5.717170191800835255e+02,6.363878694390162855e+04
5.724897742045766336e+02,6.363878694390162855e+04
5.732624558371885541e+02,6.363878694390162855e+04
5.740350640734062608e+02,6.363878694390162855e+04
5.748075989087167272e+02,6.363878694390162855e+04
5.755800603386066996e+02,6.363878694390162855e+04
5.763524483585633789e+02,6.363878694390162855e+04
5.771247629640736250e+02,6.363878694390162855e+04
5.778970041506239568e+02,6.363878694390162855e+04
5.786691719137020300e+02,6.363878694390162855e+04
5.794412662487941361e+02,6.363878694390162855e+04
5.802132871513875898e+02,6.363878694390162855e+04
5.809852346169691373e+02,6.363878694390162855e+04
5.817571086410257521e+02,6.363878694390162855e+04
5.825289092190444080e+02,6.363878694390162855e+04
5.833006363465120785e+02,6.363878694390162855e+04
5.840722900189155098e+02,6.363878694390162855e+04
5.848438702317419029e+02,6.363878694390162855e+04
5.856153769804780040e+02,6.363878694390162855e+04
5.863868102606107868e+02,6.363878694390162855e+04
5.871581700676272249e+02,6.020003631977479381e+04
5.879294563970141780e+02,5.729342517406864499e+04
5.887006692442585063e+02,5.460600386165337113e+04
5.894718086048472969e+02,5.231896259843587904e+04
5.902428744742674098e+02,5.021772604926729400e+04
5.910138668480057049e+02,4.836456270804080850e+04
5.917847857215493832e+02,4.695538002502067684e+04
5.925556310903851909e+02,4.597411264728746028e+04
5.933264029500001016e+02,4.494476943433350243e+04
5.940971012958808615e+02,4.400116795133159030e+04
5.948677261235146716e+02,4.281557062757207314e+04
5.956382774283881645e+02,4.130058555602964043e+04
5.964087552059886548e+02,3.990796287965686497e+04
5.971791594518027750e+02,3.846902635686534632e+04
5.979494901613174989e+02,3.725049473948377272e+04
5.987197473300199135e+02,3.615279917121155449e+04
5.994899309533967653e+02,3.524344696873828070e+04
6.002600410269352551e+02,3.444926421325744013e+04
6.010300775461221292e+02,3.363445871573315526e+04
6.018000405064442475e+02,3.306915925315367349e+04
6.025699299033884699e+02,3.251395852599048521e+04
6.033397457324419975e+02,3.187915865409846447e+04
6.041094879890916900e+02,3.140588916114868698e+04
6.048791566688242938e+02,3.101238151988233585e+04
6.056487517671270098e+02,3.058206451236012799e+04
6.064182732794864705e+02,3.019661358011746051e+04
6.071877212013899907e+02,2.979924800112911180e+04
6.079570955283240892e+02,2.956921017761521580e+04
6.087263962557760806e+02,2.930731879540998125e+04
6.094956233792325975e+02,2.899665080575319007e+04
6.102647768941807271e+02,2.864318664448085474e+04
6.110338567961073295e+02,2.847592032560574080e+04
6.118028630804993782e+02,2.809659888442141528e+04
6.125717957428437330e+02,2.779395127690522713e+04
6.133406547786274814e+02,2.746443514673256141e+04
6.141094401833374832e+02,2.723049486221855841e+04
6.148781519524605983e+02,2.705927332122329972e+04
6.156467900814836867e+02,2.680045399319530407e+04
6.164153545658939493e+02,2.669095475135406741e+04
6.171838454011782460e+02,2.660335582474887633e+04
6.179522625828233231e+02,2.642417734630474661e+04
6.187206061063162679e+02,2.625794070595656740e+04
6.194888759671439402e+02,2.618925638023047213e+04
6.202570721607933137e+02,2.613351268107194846e+04
6.210251946827512484e+02,2.606084690903374212e+04
6.217932435285047177e+02,2.590655694690082601e+04
6.225612186935408090e+02,2.596230036575398844e+04
6.233291201733461548e+02,2.585379982655284039e+04
6.240969479634079562e+02,2.587470358658004261e+04
6.248647020592130730e+02,2.589063026489789991e+04
6.256323824562483651e+02,2.584583649088869788e+04
6.263999891500008061e+02,2.580502440738771475e+04
6.271675221359573698e+02,2.574629485334565470e+04
6.279349814096048021e+02,2.576023067700468891e+04
6.287023669664301906e+02,2.573136361533665331e+04
6.294696788019205087e+02,2.562584956763569062e+04
6.302369169115626164e+02,2.563679913674369527e+04
6.310040812908434873e+02,2.558006046202518337e+04
6.317711719352499813e+02,2.553526677090823796e+04
6.325381888402690720e+02,2.544468395301092460e+04
6.333051320013878467e+02,2.545861977395291979e+04
6.340720014140929379e+02,2.537898649117604509e+04
6.348387970738714330e+02,2.534713316156060682e+04
6.356055189762103055e+02,2.526451352931229849e+04
6.363721671165964153e+02,2.523465098698308793e+04
6.371387414905167361e+02,2.518388462968366366e+04
6.379052420934581278e+02,2.519284340206540946e+04
6.386716689209075639e+02,2.511818691589165610e+04
6.394380219683520181e+02,2.505647079361961005e+04
6.402043012312783503e+02,2.507140212197250003e+04
6.409705067051735341e+02,2.489421662696417843e+04
6.417366383855247705e+02,2.497783236714338273e+04
6.425026962678184645e+02,2.490018918717706038e+04
6.432686803475418174e+02,2.491213430410293222e+04
6.440345906201816888e+02,2.484145895935778753e+04
6.448004270812251661e+02,2.489819833390326312e+04
6.455661897261591093e+02,2.481358694448583265e+04
6.463318785504703783e+02,2.479069205373346631e+04
6.470974935496459466e+02,2.472997072383375053e+04
6.478630347191727878e+02,2.475286566861386382e+04
6.486285020545377620e+02,2.463938616175008428e+04
6.493938955512280700e+02,2.459359602470740720e+04
6.501592152047302307e+02,2.462246373105633393e+04
6.509244610105313313e+02,2.454183314154250183e+04
6.516896329641182319e+02,2.465431770751119257e+04
6.524547310609781334e+02,2.459558690225871396e+04
6.532197552965977820e+02,2.452988784214166299e+04
6.539847056664641514e+02,2.446319311978583573e+04
6.547495821660639876e+02,2.448310201636293641e+04
6.555143847908844918e+02,2.455975107737413418e+04
6.562791135364124102e+02,2.458762339092815455e+04
6.570437683981349437e+02,2.462047285599734460e+04
6.578083493715388386e+02,2.461250935393471809e+04
6.585728564521108410e+02,2.454780578857897854e+04
6.593372896353380384e+02,2.464535878125242016e+04
6.601016489167075179e+02,2.458065531604169155e+04
6.608659342917060258e+02,2.457468267857554383e+04
6.616301457558205357e+02,2.459956865680088231e+04
6.623942833045380212e+02,2.464535878125242016e+04
6.631583469333453422e+02,2.469612598348100801e+04
6.639223366377294724e+02,2.469313968055490477e+04
6.646862524131774990e+02,2.477476516150510361e+04
6.654500942551760545e+02,2.479367834494823546e+04
6.662138621592123400e+02,2.477277429928982383e+04
6.669775561207731016e+02,2.475883825945421631e+04
6.677411761353453130e+02,2.482055495085059010e+04
6.685047221984159478e+02,2.484643610193307541e+04
6.692681943054717522e+02,2.485240867186838295e+04
6.700315924520000408e+02,2.489123034641584309e+04
6.707949166334874462e+02,2.489620748049909162e+04
6.715581668454210558e+02,2.492607026804236375e+04
6.723213430832875019e+02,2.478969662325335594e+04
6.730844453425742131e+02,2.469811685188811680e+04
6.738474736187678218e+02,2.476281998589822251e+04
6.746104279073551879e+02,2.471105749246078267e+04
6.753733082038233988e+02,2.471603466004565780e+04
6.761361145036593143e+02,2.471503922661109391e+04
6.768988468023497944e+02,2.472598899213769982e+04
6.776615050953820401e+02,2.480164178654169518e+04
6.784240893782426838e+02,2.471802552679148357e+04
6.791865996464188129e+02,2.481557780362926133e+04
6.799490358953974010e+02,2.483150467155766091e+04
6.807113981206650806e+02,2.479666463582564029e+04
6.814736863177092800e+02,2.477177886812451106e+04
6.822359004820166319e+02,2.478571490095573972e+04
6.829980406090738825e+02,2.476381541741178808e+04
6.837601066943683463e+02,2.480263721657338101e+04
6.845220987333867697e+02,2.483250010049762568e+04
6.852840167216160125e+02,2.497882779134027805e+04
6.860458606545431621e+02,2.499973169289121870e+04
6.868076305276550784e+02,2.504552114923742192e+04
6.875693263364387349e+02,2.510425102519404027e+04
6.883309480763808779e+02,2.509529223595267104e+04
6.890924957429688220e+02,2.514008616393418924e+04
6.898539693316891999e+02,2.515302662382345443e+04
6.906153688380289850e+02,2.531627523731016481e+04
6.913766942574749237e+02,2.550839055402823942e+04
6.921379455855144442e+02,2.565869827584683298e+04
6.928991228176340655e+02,2.590954320020249361e+04
6.936602259493208749e+02,2.599714003040473108e+04
6.944212549760617321e+02,2.608871869676824645e+04
6.951822098933436109e+02,2.608672785417784689e+04
6.959430906966534849e+02,2.600709422460449423e+04
6.967038973814782139e+02,2.589461193504552284e+04
6.974646299433048853e+02,2.567263409244273862e+04
6.982252883776201315e+02,2.566666159952806629e+04
6.989858726799111537e+02,2.551734929325279154e+04
6.997463828456649253e+02,2.551535846233907068e+04
7.005068188703680789e+02,2.543273896256779335e+04
7.012671807495077019e+02,2.531229356878956969e+04
7.020274684785707677e+02,2.530632106561423643e+04
7.027876820530441364e+02,2.510524644610562609e+04
7.035478214684148952e+02,2.515302662382345443e+04
7.043078867201696767e+02,2.503855319210743255e+04
7.050678778037956818e+02,2.498081863964767763e+04
7.058277947147798841e+02,2.494498335217609201e+04
7.065876374486090299e+02,2.488525778442909359e+04
7.073474060007699791e+02,2.482254580948520015e+04
7.081071003667500463e+02,2.471205292606026342e+04
7.088667205420357504e+02,2.471404379313537356e+04
7.096262665221142925e+02,2.463739528822560533e+04
7.103857383024723049e+02,2.468617163891543169e+04
7.111451358785971024e+02,2.460454584893160791e+04
7.119044592459753176e+02,2.441640712887976042e+04
7.126637084000939240e+02,2.434971199414991497e+04
7.134228833364400089e+02,2.421134362697625329e+04
7.141819840505004322e+02,2.405505554633825159e+04
7.149410105377621676e+02,2.389976117723097923e+04
7.156999627937120749e+02,2.374446488424838753e+04
7.164588408138370141e+02,2.354835051914617725e+04
7.172176445936240725e+02,2.340499556631330051e+04
7.179763741285599963e+02,2.325765632688425467e+04
7.187350294141319864e+02,2.312723920599379562e+04
7.194936104458267891e+02,2.305655430071989758e+04
7.202521172191312644e+02,2.293708549297483114e+04
7.210105497295326131e+02,2.278575577004231673e+04
7.217689079725175816e+02,2.270312051241406516e+04
7.225271919435730297e+02,2.258364620514427588e+04
7.232854016381859310e+02,2.255775984207541478e+04
7.240435370518434866e+02,2.245620471831299801e+04
7.248015981800323289e+02,2.232278684624368179e+04
7.255595850182393178e+02,2.225209418591096983e+04
7.263174975619517681e+02,2.199520426934036368e+04
7.270753358066563123e+02,2.187571683258064149e+04
7.278330997478398103e+02,2.162677656036806366e+04
7.285907893809895768e+02,2.132404952307338317e+04
7.293484047015921306e+02,2.091972058080867646e+04
7.301059457051346726e+02,2.058208831606099557e+04
7.308634123871039492e+02,2.015378394544373441e+04
7.316208047429871613e+02,1.982505317663122696e+04
7.323781227682709414e+02,1.945046283751465307e+04
7.331353664584423768e+02,1.909277006039432308e+04
7.338925358089883275e+02,1.877489789761814609e+04
7.346496308153957671e+02,1.847991442794377144e+04
7.354066514731516691e+02,1.821579880467353360e+04
7.361635977777428934e+02,1.788586769866236864e+04
7.369204697246563001e+02,1.765758296021647402e+04
7.376772673093790900e+02,1.738142050406658382e+04
7.384339905273980094e+02,1.712417233089538058e+04
7.391906393741999182e+02,1.693969405134801855e+04
7.399472138452720174e+02,1.667840723495452039e+04
7.407037139361009395e+02,1.643903324333976707e+04
7.414601396421737718e+02,1.624252695220117494e+04
7.422164909589772606e+02,1.608989752227319514e+04
7.429727678819986068e+02,1.597716383565059550e+04
7.437289704067245566e+02,1.571376101197220123e+04
7.444850985286421974e+02,1.544533243168221816e+04
7.452411522432383890e+02,1.530860864700675666e+04
7.459971315459998777e+02,1.520381343111952810e+04
7.467530364324139782e+02,1.500318839195840337e+04
7.475088668979673230e+02,1.486543260998267760e+04
7.482646229381469993e+02,1.469272323607481303e+04
7.490203045484398672e+02,1.451899775802454678e+04
7.497759117243327864e+02,1.439018954223633409e+04
7.505314444613127307e+02,1.426137115159950918e+04
7.512869027548667873e+02,1.408660096898252232e+04
7.520422866004815887e+02,1.387585219351911837e+04
7.527975959936443360e+02,1.375897906260989112e+04
7.535528309298420027e+02,1.354418856790600694e+04
7.543079914045612213e+02,1.339031945996594732e+04
7.550630774132890792e+02,1.326541371057292599e+04
7.558180889515127774e+02,1.305954514795454270e+04
7.565730260147188346e+02,1.297459057853199010e+04
7.573278885983942246e+02,1.277567645103079667e+04
7.580826766980261482e+02,1.267170973868069632e+04
7.588373903091013517e+02,1.248874864414434160e+04
7.595920294271066950e+02,1.231476197820131711e+04
7.603465940475293792e+02,1.217275545824920300e+04
7.611010841658560366e+02,1.198072131561600872e+04
7.618554997775737547e+02,1.178165461118225903e+04
7.626098408781695071e+02,1.163258339798330780e+04
7.633641074631300398e+02,1.148649564697928872e+04
7.641182995279425541e+02,1.125832238639299976e+04
7.648724170680937959e+02,1.109917494384154270e+04
7.656264600790706254e+02,1.089495310251240880e+04
7.663804285563602434e+02,1.072173568601955049e+04
7.671343224954492825e+02,1.053346837894467717e+04
7.678881418918249437e+02,1.041728706837573009e+04
7.686418867409739732e+02,1.015282699861783476e+04
7.693955570383833447e+02,9.977485072140783814e+03
7.701491527795400316e+02,9.834183401345893799e+03
7.709026739599310076e+02,9.710907686269087208e+03
7.716561205750431327e+02,9.464310519948907313e+03
7.724094926203632667e+02,9.377084533986861061e+03
7.731627900913784970e+02,9.202609031926367607e+03
7.739160129835755697e+02,9.023086716453639383e+03
7.746691612924415722e+02,8.921776976533130437e+03
7.754222350134633643e+02,8.832494961219832476e+03
7.761752341421280335e+02,8.686013745358284723e+03
7.769281586739222121e+02,8.480298630142557158e+03
7.776810086043331012e+02,8.299632211255680886e+03
7.784337839288474470e+02,8.196234467898535513e+03
7.791864846429524505e+02,8.051658167133771713e+03
7.799391107421348579e+02,7.948231354326590917e+03
7.806916622218815291e+02,7.747367440596515735e+03
7.814441390776793241e+02,7.636872312964623234e+03
7.821965413050154439e+02,7.503254530325038104e+03
7.829488688993767482e+02,7.379664404758264027e+03
7.837011218562499835e+02,7.270126231742018717e+03
7.844533001711223505e+02,7.145496477202038477e+03
7.852054038394805957e+02,6.981640043365753627e+03
7.859574328568116925e+02,6.907240425121421140e+03
7.867093872186025010e+02,6.802667311367747061e+03
7.874612669203403357e+02,6.693052152877481603e+03
7.882130719575116018e+02,6.551234242125609853e+03
7.889648023256033866e+02,6.506973862427041240e+03
7.897164580201028912e+02,6.357073831045277075e+03
7.904680390364967479e+02,6.200101059413110306e+03
7.912195453702719306e+02,6.128647937595979784e+03
7.919709770169156400e+02,6.064233893940170674e+03
7.927223339719143951e+02,5.963576286857245577e+03
7.934736162307553968e+02,5.878007053789256133e+03
7.942248237889255051e+02,5.748125043485998503e+03
7.949759566419116936e+02,5.630306096074643392e+03
7.957270147852009359e+02,5.549735685621310950e+03
7.964779982142800918e+02,5.445988733654092357e+03
7.972289069246359077e+02,5.394613637670100616e+03
7.979797409117555844e+02,5.304950708184077484e+03
7.987305001711259820e+02,5.216284757290725793e+03
7.994811846982340739e+02,5.109468715967335811e+03
8.002317944885667202e+02,4.993566176987584186e+03
8.009823295376107808e+02,4.888734484888846055e+03
8.017327898408532292e+02,4.824215342044538374e+03
8.024831753937811527e+02,4.704235164598747360e+03
8.032334861918815250e+02,4.620540012027582634e+03
8.039837222306409785e+02,4.531792632996544853e+03
8.047338835055466006e+02,4.438999865404545744e+03
8.054839700120852513e+02,4.356283409639254387e+03
8.062339817457440176e+02,4.258423871962875637e+03
8.069839187020097597e+02,4.179723227475722524e+03
8.077337808763693374e+02,4.086885956015895317e+03
8.084835682643097243e+02,3.970822792188357653e+03
8.092332808613178941e+02,3.879977883587823271e+03
8.099829186628807065e+02,3.792150383616482941e+03
8.107324816644852490e+02,3.691186158379845438e+03
8.114819698616182677e+02,3.640698796885690172e+03
8.122313832497668500e+02,3.525574517833237223e+03
8.129807218244177420e+02,3.442754562315569274e+03
8.137299855810580311e+02,3.339721457927030315e+03
8.144791745151745772e+02,3.256880340876579794e+03
8.152282886222543539e+02,3.172008928228864988e+03
8.159773278977842210e+02,3.117443507849487105e+03
8.167262923372512660e+02,3.056810466577224361e+03
8.174751819361421212e+02,2.929464652320387813e+03
8.182239966899441015e+02,2.900151752120878882e+03
8.189727365941439530e+02,2.817260627082442625e+03
8.197214016442286493e+02,2.761657648719804911e+03
8.204699918356850503e+02,2.711105815683605670e+03
8.212185071640000160e+02,2.691895202965536100e+03
8.219669476246606337e+02,2.625159683068895447e+03
8.227153132131538769e+02,2.582688459322072504e+03
8.234636039249663781e+02,2.529090309221290227e+03
8.242118197555853385e+02,2.494704529511566761e+03
8.249599607004977315e+02,2.483579373795750143e+03
8.257080267551903034e+02,2.482567987651287240e+03
8.264560179151501416e+02,2.463351386480308065e+03
8.272039341758642195e+02,2.435031269319490548e+03
8.279517755328191697e+02,2.411767500394729723e+03
8.286995419815020796e+02,2.388502996294593231e+03
8.294472335173999227e+02,2.366249304814376501e+03
8.301948501359996726e+02,2.387491479445465757e+03
8.309423918327881893e+02,2.371307020982912945e+03
8.316898586032523326e+02,2.346018093118201705e+03
8.324372504428791899e+02,2.343994941417459358e+03
8.331845673471557348e+02,2.327809528035037147e+03
8.339318093115685997e+02,2.311623759597265689e+03
8.346789763316050994e+02,2.285321129000384644e+03
8.354260684027519801e+02,2.296449279355510953e+03
8.361730855204961017e+02,2.307577262027635243e+03
8.369200276803243241e+02,2.263064325439875120e+03
8.376668948777238484e+02,2.243842001243638151e+03
8.384136871081815343e+02,2.219560456658791736e+03
8.391604043671841282e+02,2.204384086767470308e+03
8.399070466502187173e+02,2.178077642289246796e+03
8.406536139527722753e+02,2.162900422636323128e+03
8.414001062703315483e+02,2.141651793307230946e+03
8.421465235983837374e+02,2.097128883264153501e+03
8.428928659324155888e+02,2.056651195911335435e+03
8.436391332679140760e+02,2.017183331288049885e+03
8.443853256003660590e+02,1.979737527944866088e+03
8.451314429252585114e+02,1.943301970424555293e+03
8.458774852380784068e+02,1.936217072392711998e+03
8.466234525343127189e+02,1.912937649221710672e+03
8.473693448094483074e+02,1.846131808936097514e+03
8.481151620589720324e+02,1.801591277962434333e+03
8.488609042783709810e+02,1.756035734108065753e+03
8.496065714631318997e+02,1.733763132485966935e+03
8.503521636087419893e+02,1.709464999149606001e+03
8.510976807106879960e+02,1.694278268904318566e+03
8.518431227644570072e+02,1.643653632804749805e+03
8.525884897655355417e+02,1.605176647523892370e+03
8.533337817094109141e+02,1.572773463630614970e+03
8.540789985915700981e+02,1.527204151920708910e+03
8.548241404074997263e+02,1.514039176933674526e+03
8.555692071526869995e+02,1.474542890283521274e+03
8.563141988226186641e+02,1.460364238497813631e+03
8.570591154127818072e+02,1.446185324157829655e+03
8.578039569186632889e+02,1.420865181889068936e+03
8.585487233357500827e+02,1.389467045488402391e+03
8.592934146595289349e+02,1.364145033766774532e+03
8.600380308854870464e+02,1.336796326023276833e+03
8.607825720091111634e+02,1.329705761991783675e+03
8.615270380258882597e+02,1.324641033517395044e+03
8.622714289313053087e+02,1.307420708266815836e+03
8.630157447208490566e+02,1.297290925945553226e+03
8.637599853900069320e+02,1.267913807321556078e+03
8.645041509342652262e+02,1.243600866914621065e+03
8.652482413491113675e+02,1.235496384164763413e+03
8.659922566300319886e+02,1.226378739991019529e+03
8.667361967725141767e+02,1.237522512782019930e+03
8.674800617720449054e+02,1.237522512782019930e+03
8.682238516241109210e+02,1.228404892386819029e+03
8.689675663241991970e+02,1.208143130816120902e+03
8.697112058677968207e+02,1.207130028882765373e+03
8.704547702503904247e+02,1.176736358020544685e+03
8.711982594674674374e+02,1.195985820591374249e+03
8.719416735145142638e+02,1.206116925630557944e+03
8.726850123870182188e+02,1.192946463377192913e+03
8.734282760804659347e+02,1.183828320594444222e+03
8.741714645903447263e+02,1.187880841669586516e+03
8.749145779121411124e+02,1.156473252558902914e+03
8.756576160413422940e+02,1.145328320419255988e+03
8.764005789734350174e+02,1.144315136888635379e+03
8.771434667039063697e+02,1.129117226398579305e+03
8.778862792282430974e+02,1.130130429617274103e+03
8.786290165419322875e+02,1.129117226398579305e+03
8.793716786404609138e+02,1.094667537065431588e+03
8.801142655193158362e+02,1.098720520279254515e+03
8.808567771739840282e+02,1.072375755304284439e+03
8.815992135999522361e+02,1.063256207730733195e+03
8.823415747927077746e+02,1.077442124901846455e+03
8.830838607477371625e+02,1.082508461826151461e+03
8.838260714605276007e+02,1.085548248292547896e+03
8.845682069265657219e+02,1.086561507832737334e+03
8.853102671413388407e+02,1.097707276438983399e+03
8.860522521003337033e+02,1.091627785914782635e+03
8.867941617990372833e+02,1.087574766065127960e+03
8.875359962329363270e+02,1.086561507832737334e+03
8.882777553975179217e+02,1.079468663593036126e+03
8.890194392882691545e+02,1.097707276438983399e+03
8.897610479006766582e+02,1.119998338411065106e+03
8.905025812302277473e+02,1.112905796560028875e+03
8.912440392724088269e+02,1.109866116110620851e+03
8.919854220227073256e+02,1.108852886674032106e+03
8.927267294766098757e+02,1.100747004032854420e+03
8.934679616296034510e+02,1.101760243945992215e+03
8.942091184771750250e+02,1.112905796560028875e+03
8.949502000148115712e+02,1.129117226398579305e+03
8.956912062380000634e+02,1.138236008131153312e+03
8.964321371422272478e+02,1.138236008131153312e+03
8.971729927229800978e+02,1.134183229372279811e+03
8.979137729757458146e+02,1.111892571053714164e+03
8.986544778960111444e+02,1.129117226398579305e+03
8.993951074792628333e+02,1.123037979542113817e+03
9.001356617209879687e+02,1.125064400406841969e+03
9.008761406166736379e+02,1.132156832118919056e+03
9.016165441618064733e+02,1.140262389635170848e+03
9.023568723518736761e+02,1.138236008131153312e+03
9.030971251823619923e+02,1.125064400406841969e+03
9.038373026487583957e+02,1.115945465216908588e+03
9.045774047465499734e+02,1.095680784831976098e+03
9.053174314712234718e+02,1.086561507832737334e+03
9.060573828182660918e+02,1.080481930977993898e+03
9.067972587831642386e+02,1.082508461826151461e+03
9.075370593614053405e+02,1.088588022989624051e+03
9.082767845484761438e+02,1.069335917867618718e+03
9.090164343398635083e+02,1.058189746712573651e+03
9.097560087310545214e+02,1.045016795401275886e+03
9.104955077175360429e+02,1.028803629788887065e+03
9.112349312947949329e+02,1.034883605982038944e+03
9.119742794583182786e+02,1.012590130807764353e+03
9.127135522035928261e+02,1.004483256431646623e+03
9.134527495261058903e+02,9.923227889052776618e+02
9.141918714213437624e+02,9.821889231125943525e+02
9.149309178847939847e+02,9.619208023532742118e+02
9.156698889119430760e+02,9.406387178437643115e+02
9.164087844982781235e+02,9.203695356410783006e+02
9.171476046392862145e+02,8.919918130257625535e+02
9.178863493304540953e+02,8.869242562085453301e+02
9.186250185672686257e+02,8.808431455337378111e+02
9.193636123452168931e+02,8.666537071401411367e+02
9.201021306597857574e+02,8.403012247090628080e+02
9.208405735064621922e+02,8.281382479312858322e+02
9.215789408807333984e+02,8.027981205530006719e+02
9.223172327780856676e+02,7.886073000491057883e+02
9.230554491940064281e+02,7.693479290765012593e+02
9.237935901239824261e+02,7.399511600273308431e+02
9.245316555635006353e+02,7.166357206196740890e+02
9.252696455080480291e+02,6.912920904471466201e+02
9.260075599531114676e+02,6.933196100006456390e+02
9.267453988941779244e+02,6.629062854657541948e+02
9.274831623267343730e+02,6.517544482671270316e+02
9.282208502462676734e+02,6.091733039439245658e+02
9.289584626482647991e+02,6.010623583020518481e+02
9.296959995282127238e+02,5.747012305733719586e+02
9.304334608815981937e+02,5.503671307890464277e+02
9.311708467039082961e+02,5.250183453642711129e+02
9.319081569906300047e+02,5.128506517327330130e+02
9.326453917372499518e+02,4.915567569823014082e+02
9.333825509392555659e+02,4.641780881701640169e+02
9.341196345921333659e+02,4.378125913657615342e+02
9.348566426913704390e+02,4.155026731095109653e+02
9.355935752324537589e+02,3.952204121077927539e+02
9.363304322108701854e+02,3.607394412877234799e+02
9.370672136221068058e+02,3.434984250491492617e+02
9.378039194616502527e+02,3.181433483954762664e+02
9.385405497249877271e+02,2.897447590393278460e+02
9.392771044076059752e+02,2.785879098304882859e+02
9.400135835049920843e+02,2.613452180730714645e+02
9.407499870126328005e+02,2.441021767050646361e+02
9.414863149260152113e+02,2.329447286843906113e+02
9.422225672406261765e+02,2.217871347851379653e+02
9.429587439519527834e+02,2.146867718953521376e+02
9.436948450554816645e+02,2.106293952047966513e+02
9.444308705467001346e+02,1.964284253563650964e+02
9.451668204210948261e+02,2.004858693358206381e+02
9.459026946741527127e+02,1.832415998468962357e+02
9.466384933013608816e+02,1.771553043668794771e+02
9.473742162982060790e+02,1.720833585378950374e+02
9.481098636601752787e+02,1.670113827937309736e+02
9.488454353827554542e+02,1.649825841240756858e+02
9.495809314614335790e+02,1.528096917234367993e+02
9.503163518916965131e+02,1.528096917234367993e+02
9.510516966690312302e+02,1.426654834040558626e+02
9.517869657889247037e+02,1.396221976539386276e+02
9.525221592468637937e+02,1.294778343826739047e+02
9.532572770383353600e+02,1.254200557409846226e+02
9.539923191588264899e+02,1.162899842241673838e+02
9.547272856038240434e+02,1.142610663690965112e+02
9.554621763688148803e+02,1.091887509471208659e+02
9.561969914492860880e+02,1.071598164678893141e+02
9.569317308407244127e+02,1.020874595046509086e+02
9.576663945386170553e+02,9.904403109400523419e+01
9.584009825384507621e+02,9.701507289256203137e+01
9.591354948357123931e+02,9.194265665123795372e+01
9.598699314258890354e+02,9.397162670201863932e+01
9.606042923044675490e+02,9.194265665123795372e+01
9.613385774669350212e+02,8.889919269258665224e+01
9.620727869087780846e+02,8.788470233833824352e+01
9.628069206254838264e+02,8.382672908539328205e+01
9.635409786125391065e+02,8.382672908539328205e+01
9.642749608654311260e+02,8.078323672235644892e+01
9.650088673796464036e+02,8.179773535956016417e+01
9.657426981506722541e+02,8.078323672235644892e+01
9.664764531739954236e+02,7.976873690250552329e+01
9.672101324451027722e+02,8.179773535956016417e+01
9.679437359594815007e+02,7.773973371549490707e+01
9.686772637126182417e+02,7.571072579979500006e+01
9.694107157000000825e+02,7.773973371549490707e+01
9.701440919171138830e+02,7.773973371549490707e+01
9.708773923594465032e+02,7.976873690250552329e+01
9.716106170224851439e+02,7.773973371549490707e+01
9.723437659017165515e+02,7.976873690250552329e+01
9.730768389926276996e+02,7.368171315667356680e+01
9.738098362907055616e+02,7.266720506272625357e+01
9.745427577914369976e+02,7.571072579979500006e+01
9.752756034903088675e+02,7.672523034865190539e+01
9.760083733828082586e+02,7.875423590016556830e+01
9.767410674644220308e+02,7.368171315667356680e+01
9.774736857306371576e+02,8.078323672235644892e+01
9.782062281769404990e+02,7.571072579979500006e+01
9.789386947988189149e+02,8.179773535956016417e+01
9.796710855917596064e+02,7.571072579979500006e+01
9.804034005512492058e+02,7.469622006908269896e+01
9.811356396727749143e+02,7.469622006908269896e+01
9.818678029518234780e+02,7.773973371549490707e+01
9.825998903838818705e+02,7.672523034865190539e+01
9.833319019644371792e+02,7.976873690250552329e+01
9.840638376889760366e+02,8.179773535956016417e+01
9.847956975529855299e+02,7.875423590016556830e+01
9.855274815519526328e+02,7.875423590016556830e+01
9.862591896813644325e+02,7.875423590016556830e+01
9.869908219367073343e+02,7.773973371549490707e+01
9.877223783134688802e+02,7.469622006908269896e+01
9.884538588071354752e+02,7.773973371549490707e+01
9.891852634131944342e+02,8.281223281395845959e+01
9.899165921271326170e+02,7.976873690250552329e+01
9.906478449444368835e+02,8.484122417370659264e+01
9.913790218605942073e+02,-2.409661411558387645e+00
9.921101228710913347e+02,1.648711900826386190e+00
9.928411479714154666e+02,-2.409661411558387645e+00
9.935720971570532356e+02,6.341203274669696688e-01
