# {"Measurement": "Salicylaldehyde absorption in PEGDA", "Measurement Date": "2017-04-13", "Measurement Spectrometer": "Ocean Optics OE65PRO", "Absorber": "Salicylaldehyde", "Concentration w/w percent": 2.0, "Film thickness microns": 66.04, "Molar mass g/mole": 122.12, "Solvent": "PEGDA", "Solvent density g/L": 1110, "Solvent absorption measurement file": "Salicylaldehyde_2per_noresin_76ms_0_01.csv", "Solvent + absorber absorption measurement file": "Salicylaldehyde_2per_76ms_0_01.csv"}
2.999694198695810883e+02,1.959948836801950165e+02
3.007672975609717696e+02,2.059393820622737223e+02
3.015651034220029487e+02,2.198082973681427461e+02
3.023628374481613719e+02,2.229876115757715809e+02
3.031604996349340126e+02,2.662740425064903889e+02
3.039580899778078447e+02,2.315508752102843744e+02
3.047556084722697278e+02,2.917144655641624240e+02
3.055530551138066357e+02,2.757863590625935899e+02
3.063504298979054852e+02,3.036789190712951836e+02
3.071477328200533066e+02,3.003562142534572104e+02
3.079449638757367893e+02,3.070655913078944650e+02
3.087421230604431912e+02,3.445085043781961645e+02
3.095392103696592585e+02,3.614573842827674071e+02
3.103362257988718511e+02,3.856396826688574606e+02
3.111331693435679995e+02,4.286830320616799099e+02
3.119300409992346772e+02,4.060247781741812787e+02
3.127268407613587442e+02,4.489122048166104264e+02
3.135235686254271741e+02,4.846636902929607231e+02
3.143202245869268836e+02,5.030679835471030970e+02
3.151168086413447895e+02,5.296745906153224723e+02
3.159133207841677518e+02,5.251108907381350264e+02
3.167097610108829144e+02,5.423588768485104765e+02
3.175061293169770238e+02,5.437686065375283988e+02
3.183024256979371103e+02,5.360476396737109326e+02
3.190986501492500338e+02,5.478464678082528962e+02
3.198948026664027111e+02,5.509994565101117132e+02
3.206908832448821727e+02,5.477426154323078435e+02
3.214868918801753352e+02,5.471080559638754721e+02
3.222828285677690019e+02,5.578518372782547203e+02
3.230786933031503168e+02,5.552227384036095827e+02
3.238744860818059692e+02,5.557547892032606569e+02
3.246702068992230465e+02,5.662853234130743658e+02
3.254658557508884087e+02,5.580727061653581131e+02
3.262614326322891429e+02,5.512250823835523761e+02
3.270569375389120523e+02,5.591323369616670789e+02
3.278523704662439968e+02,5.450560231199025338e+02
3.286477314097720637e+02,5.605018355064902380e+02
3.294430203649830560e+02,5.660989142698241494e+02
3.302382373273640042e+02,5.849921294819076820e+02
3.310333822924017682e+02,6.004343317815433920e+02
3.318284552555833216e+02,6.289710363437629894e+02
3.326234562123955811e+02,6.530541616793440198e+02
3.334183851583254636e+02,6.833839571682160567e+02
3.342132420888599995e+02,6.807192646364308075e+02
3.350080269994859918e+02,6.784576824866663856e+02
3.358027398856904142e+02,6.647883214891705848e+02
3.365973807429602971e+02,6.398700657717300828e+02
3.373919495667823867e+02,6.176908529491896616e+02
3.381864463526437703e+02,6.115448691073112286e+02
3.389808710960313078e+02,6.164201446192470257e+02
3.397752237924318592e+02,6.088805775221267140e+02
3.405695044373325686e+02,6.163041956939614465e+02
3.413637130262201254e+02,6.081649393323972390e+02
3.421578495545816736e+02,6.039404686110757439e+02
3.429519140179040164e+02,5.963832832338191565e+02
3.437459064116741274e+02,6.012444416364332938e+02
3.445398267313788665e+02,5.865497881776700524e+02
3.453336749725053210e+02,5.810457718293431526e+02
3.461274511305402939e+02,5.722611734642175634e+02
3.469211552009707589e+02,5.623082101880536356e+02
3.477147871792836895e+02,5.529892360771069661e+02
3.485083470609658889e+02,5.340276126124546181e+02
3.493018348415043874e+02,5.093454666819312706e+02
3.500952505163861019e+02,4.996619738201795826e+02
3.508885940810980060e+02,4.788507748457640218e+02
3.516818655311269026e+02,4.685861422478136546e+02
3.524750648619599929e+02,4.568550316814406642e+02
3.532681920690838524e+02,4.397646891617506526e+02
3.540612471479857390e+02,4.234241321991678433e+02
3.548542300941522853e+02,4.199598482969390716e+02
3.556471409030706354e+02,4.033260985892813437e+02
3.564399795702276492e+02,3.858094450927816865e+02
3.572327460911102435e+02,3.686265918171576459e+02
3.580254404612053918e+02,3.570505223827397003e+02
3.588180626760000109e+02,3.420964903584420540e+02
3.596106127309809608e+02,3.341374092892956469e+02
3.604030906216353856e+02,3.192880346166822960e+02
3.611954963434500314e+02,3.097242891136149296e+02
3.619878298919118151e+02,2.963211269642082470e+02
3.627800912625078240e+02,2.834884046826052213e+02
3.635722804507248043e+02,2.667197940156383993e+02
3.643643974520497864e+02,2.426028885288394008e+02
3.651564422619696870e+02,2.239753437414186408e+02
3.659484148759714230e+02,1.971846128968599317e+02
3.667403152895419680e+02,1.811029229328123904e+02
3.675321434981682955e+02,1.655209498572114342e+02
3.683238994973372087e+02,1.491357056179611504e+02
3.691155832825357379e+02,1.344320633062298214e+02
3.699071948492508000e+02,1.216675986199670092e+02
3.706987341929692548e+02,1.085380373355767603e+02
3.714902013091781896e+02,9.503510806071662387e+01
3.722815961933643507e+02,8.467287803273399049e+01
3.730729188410147117e+02,7.479247730750935830e+01
3.738641692476163598e+02,6.727534893759887780e+01
3.746553474086559845e+02,5.723850607236552435e+01
3.754464533196207299e+02,5.370075284529648485e+01
3.762374869759974558e+02,4.655521783005636394e+01
3.770284483732730223e+02,4.153557005652231027e+01
3.778193375069345166e+02,3.756788903583913708e+01
3.786101543724687417e+02,3.421974008880985707e+01
3.794008989653627282e+02,3.110519628432302852e+01
3.801915712811032790e+02,2.720060883883072478e+01
3.809821713151773679e+02,2.439684172156523445e+01
3.817726990630719683e+02,2.122177208251937230e+01
3.825631545202739972e+02,1.929558004305771846e+01
3.833535376822703711e+02,1.676422323387409818e+01
3.841438485445480637e+02,1.792507258357085931e+01
3.849340871025939919e+02,1.409770149593238564e+01
3.857242533518951291e+02,1.160924457019929967e+01
3.865143472879382784e+02,1.168972008368202609e+01
3.873043689062104136e+02,1.222242601817892549e+01
3.880943182021986217e+02,9.758183561195670208e+00
3.888841951713895924e+02,9.051639626626794666e+00
3.896739998092704127e+02,8.537132481202027279e+00
3.904637321113279995e+02,7.429137812424848164e+00
3.912533920730492696e+02,7.382642568745523270e+00
3.920429796899210828e+02,5.257444449708426504e+00
3.928324949574305265e+02,7.109827918574680439e+00
3.936219378710644037e+02,5.271374104221421497e+00
3.944113084263098017e+02,3.701572126563330567e+00
3.952006066186534099e+02,7.149411144650584582e+00
3.959898324435823724e+02,3.362245501395585645e+00
3.967789858965834355e+02,3.182198582493200867e+00
3.975680669731436865e+02,5.487182087461573765e+00
3.983570756687500420e+02,4.266775339591635685e+00
3.991460119788893053e+02,1.647131472349835146e+00
3.999348758990485635e+02,3.313675418701847342e+00
4.007236674247147334e+02,2.006168490964922224e+00
4.015123865513746182e+02,4.026628688551533664e+00
4.023010332745152482e+02,3.032861950612793400e+00
4.030896075896235402e+02,1.660014264690535590e+00
4.038781094921864110e+02,6.423172918684052490e-01
4.046665389776909478e+02,9.324518333540537940e-01
4.054548960416237833e+02,9.243909462647962316e-01
4.062431806794720046e+02,1.392689126944543831e+00
4.070313928867226423e+02,7.953660911691466939e-01
4.078195326588623857e+02,8.944446655979155780e-01
4.086075999913784358e+02,1.211961705065689454e+00
4.093955948797575388e+02,7.759730354801919194e-01
4.101835173194867252e+02,3.707144506578886195e-02
4.109713673060529686e+02,1.012048229990714754e+00
4.117591448349429584e+02,1.186990622025594133e+00
4.125468499016439523e+02,1.544503555812244411e+00
4.133344825016426398e+02,1.918826891642462007e+00
4.141220426304259945e+02,-9.062834519703181213e-01
4.149095302834811037e+02,8.504907436435595880e-01
4.156969454562946567e+02,2.279618291846976064e+00
4.164842881443537976e+02,7.091094696230507699e-01
4.172715583431453297e+02,1.516747154464984204e+00
4.180587560481562264e+02,2.208809148285938717e-01
4.188458812548734613e+02,2.613475118822585763e-01
4.196329339587839513e+02,9.148110213597870910e-01
4.204199141553744994e+02,-7.300597567132428578e-01
4.212068218401323065e+02,-6.066818096181155751e-01
4.219936570085440621e+02,6.255744950862253129e-01
4.227804196560967398e+02,9.799730644783941069e-02
4.235671097782773131e+02,1.389859939208862638e+00
4.243537273705726989e+02,-8.223271138516757839e-01
4.251402724284698706e+02,7.491279949418846451e-01
4.259267449474557452e+02,-2.962804101672057988e-01
4.267131449230172393e+02,2.862625263766140904e-01
4.274994723506412697e+02,1.211122002969581279e+00
4.282857272258148100e+02,8.140109251911434862e-01
4.290719095440247770e+02,1.467394821582009012e-01
4.298580193007580306e+02,2.078268245261978286e+00
4.306440564915016012e+02,-3.086558208174616236e-01
4.314300211117423487e+02,1.191697205803450732e+00
4.322159131569672468e+02,6.566552906754716812e-01
4.330017326226632690e+02,-1.483035559087585997e-01
4.337874795043172185e+02,9.183699869895369794e-01
4.345731537974161824e+02,9.336896227660337888e-02
4.353587554974470208e+02,-1.624090981652815124e-01
4.361442845998966504e+02,7.977695783791418638e-01
4.369297411002519880e+02,1.442696271482707127e-01
4.377151249940000639e+02,-9.152617995377337889e-01
4.385004362766276813e+02,7.154886664074305846e-02
4.392856749436218138e+02,8.659263139412885779e-02
4.400708409904694349e+02,1.768815845864604719e-01
4.408559344126574615e+02,1.829319569604767604e-01
4.416409552056727534e+02,4.361602385411291749e-01
4.424259033650023412e+02,1.239519508771631306e+00
4.432107788861331414e+02,9.385651462384027033e-01
4.439955817645520710e+02,1.702983585065107608e-01
4.447803119957460467e+02,-1.097755462431230650e-01
4.455649695752019852e+02,7.251935888146106013e-01
4.463495544984069170e+02,-3.054519307970721131e-01
4.471340667608476451e+02,-3.211370146798566694e-01
4.479185063580111432e+02,-5.054261597644813531e-01
4.487028732853843849e+02,1.160603654800256068e+00
4.494871675384542300e+02,-5.523961754861624138e-04
4.502713891127077090e+02,1.614886914557288167e+00
4.510555380036316819e+02,-1.422284527310785640e-01
4.518396142067130654e+02,1.072573510039972033e+00
4.526236177174388899e+02,4.139443976527760749e-01
4.534075485312960723e+02,1.330610179602984278e-01
4.541914066437714155e+02,6.432653061121729188e-01
4.549751920503519500e+02,-5.774847230047500807e-02
4.557589047465245358e+02,9.159758705570020254e-02
4.565425447277761464e+02,5.674080887911224780e-01
4.573261119895937554e+02,-7.323278874190121412e-02
4.581096065274642797e+02,-3.598352369194466327e-01
4.588930283368745791e+02,2.081934115566442589e+00
4.596763774133116840e+02,1.680731688837466264e-01
4.604596537522625113e+02,4.716042167008260844e-01
4.612428573492140913e+02,1.328936300028306317e+00
4.620259881996530567e+02,4.142354664552070909e-01
4.628090462990665515e+02,4.653902815002408655e-01
4.635920316429414356e+02,5.605438460023804970e-01
4.643749442267647396e+02,9.723201298007201621e-02
4.651577840460232665e+02,-1.852930224313114882e-01
4.659405510962040466e+02,1.058094307950003587e+00
4.667232453727939401e+02,2.182409962942146731e-01
4.675058668712799772e+02,-2.407131851217746144e-01
4.682884155871489611e+02,1.335755033227600030e+00
4.690708915158879790e+02,-1.818869428749140538e-01
4.698532946529838910e+02,3.257449313743635555e-01
4.706356249939236136e+02,-1.869747857341301778e-01
4.714178825341940069e+02,7.419190971080112940e-01
4.722000672692821013e+02,5.417682557789607056e-01
4.729821791946747567e+02,8.023505350321238350e-01
4.737642183058590035e+02,9.271694200342616154e-01
4.745461845983217017e+02,1.943635273604409353e-01
4.753280780675498249e+02,1.368463557172106826e-01
4.761098987090302899e+02,7.332877164758115907e-01
4.768916465182499564e+02,4.222198023708362280e-01
4.776733214906958551e+02,9.046444613263163737e-01
4.784549236218550732e+02,9.296334582025800319e-01
4.792364529072141863e+02,9.806996479396955513e-01
4.800179093422602250e+02,4.265989433901270500e-01
4.807992929224802765e+02,4.250861180325472555e-01
4.815806036433611439e+02,8.051613972209979986e-01
4.823618415003898576e+02,-3.137218798924017449e-01
4.831430064890532776e+02,1.511757138341156326e+00
4.839240986048383206e+02,7.531562227558097344e-01
4.847051178432319603e+02,-4.436614967082507244e-01
4.854860641997211133e+02,7.898276414812458457e-01
4.862669376697929238e+02,2.331037297844521516e-01
4.870477382489339107e+02,1.951451157274040060e-01
4.878284659326312180e+02,5.044251600782826729e-03
4.886091207163717627e+02,9.587259202903100075e-01
4.893897025956425182e+02,6.828589144025701829e-01
4.901702115659304582e+02,8.085866396874256123e-01
4.909506476227223288e+02,8.204112736018065455e-01
4.917310107615052175e+02,8.434627492680576433e-01
4.925113009777659840e+02,2.873969901666285631e-01
4.932915182669916021e+02,4.506503916946536653e-02
4.940716626246689884e+02,-6.750136094948530618e-02
4.948517340462852303e+02,-1.754906109821722793e-01
4.956317325273270171e+02,4.713000060660313961e-01
4.964116580632813225e+02,1.802452236100844096e-01
4.971915106496351200e+02,3.630600149938590371e-01
4.979712902818753264e+02,2.810821712779037335e-02
4.987509969554889722e+02,-2.775088413337703508e-01
4.995306306659628603e+02,2.693234468332967868e-01
5.003101914087840214e+02,1.058853782999471665e-01
5.010896791794392584e+02,5.018300419650675304e-01
5.018690939734156586e+02,3.629039980954923972e-01
5.026484357862001957e+02,8.754227921422629288e-01
5.034277046132795590e+02,-7.439869686476566768e-01
5.042069004501407790e+02,1.459487245594519589e-01
5.049860232922708860e+02,1.378731535363798555e-01
5.057650731351566833e+02,3.510625559527375206e+00
5.065440499742852012e+02,-7.597122029423920564e-01
5.073229538051433565e+02,1.541761283772005997e-01
5.081017846232180091e+02,2.444138669386870966e+00
5.088805424239961326e+02,2.670279764515897103e-01
5.096592272029647575e+02,5.795759276651746283e-01
5.104378389556105731e+02,1.038178327463816775e+00
5.112163776774208941e+02,8.651943933517755037e-01
5.119948433638822394e+02,-7.496863208053525796e-01
5.127732360104818099e+02,-1.324642845208362507e+00
5.135515556127063519e+02,-6.980716254182368907e-02
5.143298021660430095e+02,-2.841341928869033362e-01
5.151079756659786426e+02,-7.782654420365622272e-01
5.158860761079999975e+02,-5.381202097860463551e-01
5.166641034875942751e+02,-8.410409314613556120e-01
5.174420578002482216e+02,-6.930847708097110926e-01
5.182199390414486970e+02,-5.182007564027270030e-01
5.189977472066831297e+02,1.182719741501808919e+00
5.197754822914378110e+02,3.754653267644368353e-01
5.205531442912000557e+02,5.713484577931943198e-01
5.213307332014566100e+02,1.440080944939316154e+00
5.221082490176944475e+02,-3.681030312465250476e-01
5.228856917354006555e+02,-4.183804290851462215e-01
5.236630613500619802e+02,2.406940405678735517e-01
5.244403578571653952e+02,-9.893706805689922446e-01
5.252175812521979879e+02,-7.140277462076319304e-02
5.259947315306465043e+02,-1.299713577982343710e-03
5.267718086879979182e+02,-7.819652665977222528e-01
5.275488127197393169e+02,4.872679836022584254e-01
5.283257436213573328e+02,8.335403264988122674e-01
5.291026013883391670e+02,1.087544692123042722e+00
5.298793860161715656e+02,5.913529672110432456e-01
5.306560975003416161e+02,7.551129411479822195e-01
5.314327358363360645e+02,8.877009378948675922e-01
5.322093010196419982e+02,1.653958312762340288e-01
5.329857930457461634e+02,-9.411084716550940366e-01
5.337622119101358749e+02,2.599873006753827265e-01
5.345385576082976513e+02,1.114751391313343554e+00
5.353148301357188075e+02,-1.593935918802372453e-01
5.360910294878859759e+02,-5.915257401047822050e-01
5.368671556602861301e+02,-3.360574078465757286e-01
5.376432086484061301e+02,1.941090128052936903e-01
5.384191884477331769e+02,2.220697461988694332e-01
5.391950950537540166e+02,7.081028824783741626e-01
5.399709284619556229e+02,-4.709351219845778758e-01
