# 03/27/17,100 um fiber,No slit,Integration time: 68.0 ms,Dark correction on,Nonlinearity correction on
# wavelength,intensity
1.907908162221780231e+02,4.312009213369663918e+00
1.915984207987377772e+02,-7.609449961511423055e-01
1.924059541587151330e+02,-7.609449961511423055e-01
1.932134162975970355e+02,-7.609449961511423055e-01
1.940208072108704584e+02,4.185095951565924821e+01
1.948281268940222617e+02,4.185095951565924821e+01
1.956353753425393904e+02,3.982186817180422622e+01
1.964425525519088183e+02,4.083641443191411469e+01
1.972496585176174051e+02,3.779277212313408540e+01
1.980566932351522098e+02,4.590912808377565568e+01
1.988636567000000070e+02,3.880732073549054206e+01
1.996705489076478273e+02,4.083641443191411469e+01
2.004773698535825872e+02,3.880732073549054206e+01
2.012841195332911752e+02,4.388004615341181136e+01
2.020907979422606502e+02,4.083641443191411469e+01
2.028974050759777583e+02,4.185095951565924821e+01
2.037039409299295301e+02,4.286550342287875281e+01
2.045104054996029674e+02,4.083641443191411469e+01
2.053167987804848735e+02,4.185095951565924821e+01
2.061231207680622219e+02,3.982186817180422622e+01
2.069293714578220147e+02,4.692366728328517667e+01
2.077355508452510833e+02,4.489458770709767066e+01
2.085416589258364297e+02,4.185095951565924821e+01
2.093476956950649424e+02,4.489458770709767066e+01
2.101536611484235664e+02,4.185095951565924821e+01
2.109595552813992754e+02,4.489458770709767066e+01
2.117653780894789293e+02,4.286550342287875281e+01
2.125711295681494732e+02,4.692366728328517667e+01
2.133768097128979093e+02,4.185095951565924821e+01
2.141824185192110974e+02,4.489458770709767066e+01
2.149879559825760111e+02,4.388004615341181136e+01
2.157934220984795672e+02,4.590912808377565568e+01
2.165988168624086541e+02,4.590912808377565568e+01
2.174041402698502736e+02,4.590912808377565568e+01
2.182093923162913143e+02,4.692366728328517667e+01
2.190145729972187212e+02,4.388004615341181136e+01
2.198196823081194964e+02,4.590912808377565568e+01
2.206247202444804145e+02,4.286550342287875281e+01
2.214296868017885629e+02,4.692366728328517667e+01
2.222345819755307730e+02,4.083641443191411469e+01
2.230394057611939900e+02,4.489458770709767066e+01
2.238441581542652159e+02,4.286550342287875281e+01
2.246488391502313107e+02,4.388004615341181136e+01
2.254534487445792479e+02,4.388004615341181136e+01
2.262579869327959159e+02,4.590912808377565568e+01
2.270624537103682599e+02,4.286550342287875281e+01
2.278668490727832534e+02,4.793820530546567227e+01
2.286711730155277849e+02,4.286550342287875281e+01
2.294754255340887710e+02,4.590912808377565568e+01
2.302796066239532138e+02,4.388004615341181136e+01
2.310837162806080016e+02,4.590912808377565568e+01
2.318877544995400797e+02,4.793820530546567227e+01
2.326917212762363363e+02,4.996727781719783223e+01
2.334956166061837735e+02,4.996727781719783223e+01
2.342994404848692795e+02,4.692366728328517667e+01
2.351031929077797713e+02,4.489458770709767066e+01
2.359068738704021939e+02,4.590912808377565568e+01
2.367104833682235210e+02,4.996727781719783223e+01
2.375140213967306408e+02,4.590912808377565568e+01
2.383174879514104987e+02,4.692366728328517667e+01
2.391208830277500113e+02,5.098181230642876471e+01
2.399242066212361237e+02,4.793820530546567227e+01
2.407274587273557813e+02,5.098181230642876471e+01
2.415306393415959008e+02,4.793820530546567227e+01
2.423337484594434272e+02,4.895274215015669483e+01
2.431367860763852491e+02,4.793820530546567227e+01
2.439397521879083683e+02,4.692366728328517667e+01
2.447426467894996449e+02,5.402540870565804454e+01
2.455454698766460524e+02,4.996727781719783223e+01
2.463482214448345360e+02,5.402540870565804454e+01
2.471509014895520124e+02,5.098181230642876471e+01
2.479535100062853985e+02,5.503993848204623873e+01
2.487560469905216110e+02,5.301087775081902720e+01
2.495585124377476518e+02,5.503993848204623873e+01
2.503609063434503810e+02,5.503993848204623873e+01
2.511632287031167721e+02,5.808352073890632283e+01
2.519654795122337134e+02,5.706899449883025000e+01
2.527676587662881786e+02,5.706899449883025000e+01
2.535697664607671129e+02,5.808352073890632283e+01
2.543718025911574045e+02,6.011256968162771841e+01
2.551737671529460272e+02,5.909804579989204854e+01
2.559756601416198691e+02,6.011256968162771841e+01
2.567774815526658472e+02,5.706899449883025000e+01
2.575792313815709917e+02,5.808352073890632283e+01
2.583809096238221059e+02,5.706899449883025000e+01
2.591825162749062770e+02,5.808352073890632283e+01
2.599840513303103080e+02,5.503993848204623873e+01
2.607855147855211158e+02,6.011256968162771841e+01
2.615869066360257875e+02,5.706899449883025000e+01
2.623882268773110695e+02,6.214161390671041829e+01
2.631894755048640491e+02,6.011256968162771841e+01
2.639906525141715292e+02,6.214161390671041829e+01
2.647917579007204836e+02,5.909804579989204854e+01
2.655927916599978857e+02,6.417065341287816693e+01
2.663937537874906525e+02,5.605446707982360977e+01
2.671946442786857006e+02,6.619968819885579592e+01
2.679954631290700036e+02,6.315613424973837908e+01
2.687962103341304783e+02,6.417065341287816693e+01
2.695968858893539846e+02,5.909804579989204854e+01
2.703974897902274961e+02,6.417065341287816693e+01
2.711980220322380433e+02,5.909804579989204854e+01
2.719984826108723723e+02,6.518517139597040000e+01
2.727988715216175706e+02,6.518517139597040000e+01
2.735991887599604979e+02,6.315613424973837908e+01
2.743994343213880143e+02,6.721420382137515048e+01
2.751996082013872638e+02,6.518517139597040000e+01
2.759997103954450495e+02,6.619968819885579592e+01
2.767997408990482313e+02,6.822871826336927370e+01
2.775996997076838397e+02,6.822871826336927370e+01
2.783995868168387915e+02,6.721420382137515048e+01
2.791994022220000033e+02,7.431578011540084105e+01
2.799991459186544489e+02,7.228676422291309223e+01
2.807988179022890449e+02,7.025774360514564876e+01
2.815984181683906513e+02,7.634479128133931169e+01
2.823979467124461848e+02,7.228676422291309223e+01
2.831974035299427896e+02,7.837379771945994378e+01
2.839967886163670983e+02,7.330127275989630675e+01
2.847961019672063685e+02,8.141729850921028344e+01
2.855953435779472898e+02,7.330127275989630675e+01
2.863945134440768356e+02,7.837379771945994378e+01
2.871936115610819797e+02,7.735929509145609018e+01
2.879926379244497525e+02,8.446078865424618698e+01
2.887915925296668433e+02,8.141729850921028344e+01
2.895904753722203395e+02,8.344629312224378737e+01
2.903892864475972146e+02,8.648977616843231431e+01
2.911880257512842718e+02,8.446078865424618698e+01
2.919866932787684846e+02,8.953324856279731137e+01
2.927852890255368834e+02,8.750426815030031946e+01
2.935838129870763282e+02,9.359119517842196956e+01
2.943822651588737358e+02,9.562016137903020763e+01
2.951806455364160229e+02,9.460567887112422625e+01
2.959789541151902199e+02,9.663464270198272743e+01
2.967771908906830731e+02,9.967807955954823740e+01
2.975753558583816698e+02,1.017070315369451947e+02
2.983734490137729267e+02,1.057649212597412145e+02
2.991714703523437606e+02,1.138806437422774707e+02
2.999694198695810883e+02,1.118517202451519807e+02
3.007672975609717696e+02,1.199673857221450533e+02
3.015651034220029487e+02,1.280829751219616242e+02
3.023628374481613719e+02,1.311263015170111430e+02
3.031604996349340126e+02,1.372129221617815631e+02
3.039580899778078447e+02,1.443139253723522302e+02
3.047556084722697278e+02,1.493860347532560695e+02
3.055530551138066357e+02,1.605445703636922303e+02
3.063504298979054852e+02,1.605445703636922303e+02
3.071477328200533066e+02,1.737317442145568123e+02
3.079449638757367893e+02,1.930049420609860533e+02
3.087421230604431912e+02,2.011198432222684289e+02
3.095392103696592585e+02,2.143063936480836276e+02
3.103362257988718511e+02,2.366216310891613261e+02
3.111331693435679995e+02,2.528505281051359646e+02
3.119300409992346772e+02,2.660362791561385052e+02
3.127268407613587442e+02,2.822646149874734647e+02
3.135235686254271741e+02,3.116776819704428476e+02
3.143202245869268836e+02,3.421039156503823051e+02
3.151168086413447895e+02,3.796280898363280585e+02
3.159133207841677518e+02,3.907836019746348484e+02
3.167097610108829144e+02,3.948401150175479302e+02
3.175061293169770238e+02,4.059954245168606235e+02
3.183024256979371103e+02,4.019389655442997764e+02
3.190986501492500338e+02,4.080236466242903361e+02
3.198948026664027111e+02,4.100518638110274878e+02
3.206908832448821727e+02,3.978824869021074164e+02
3.214868918801753352e+02,4.070095361855937313e+02
3.222828285677690019e+02,4.080236466242903361e+02
3.230786933031503168e+02,4.171505851983872049e+02
3.238744860818059692e+02,4.171505851983872049e+02
3.246702068992230465e+02,4.201928758961165613e+02
3.254658557508884087e+02,4.232351555075712213e+02
3.262614326322891429e+02,4.262774240290849548e+02
3.270569375389120523e+02,4.232351555075712213e+02
3.278523704662439968e+02,4.232351555075712213e+02
3.286477314097720637e+02,4.364182389598144027e+02
3.294430203649830560e+02,4.475729928544753307e+02
3.302382373273640042e+02,4.678539804571558989e+02
3.310333822924017682e+02,4.891484844096166853e+02
3.318284552555833216e+02,5.347777200210535966e+02
3.326234562123955811e+02,5.854739091783856111e+02
3.334183851583254636e+02,6.534018883729401068e+02
3.342132420888599995e+02,6.868568737721616344e+02
3.350080269994859918e+02,6.878706397192311215e+02
3.358027398856904142e+02,6.675950804971140542e+02
3.365973807429602971e+02,6.108208299569722612e+02
3.373919495667823867e+02,5.702653806536332013e+02
3.381864463526437703e+02,5.439032645594761561e+02
3.389808710960313078e+02,5.459311496220781237e+02
3.397752237924318592e+02,5.439032645594761561e+02
3.405695044373325686e+02,5.449172077147960636e+02
3.413637130262201254e+02,5.307218900272462179e+02
3.421578495545816736e+02,5.449172077147960636e+02
3.429519140179040164e+02,5.560705000246917962e+02
3.437459064116741274e+02,5.418753745052357544e+02
3.445398267313788665e+02,5.357916744029420215e+02
3.453336749725053210e+02,5.317358493953785228e+02
3.461274511305402939e+02,5.266660400936171982e+02
3.469211552009707589e+02,5.266660400936171982e+02
3.477147871792836895e+02,5.215961996487909573e+02
3.485083470609658889e+02,5.368056275379475437e+02
3.493018348415043874e+02,5.327498075171431537e+02
3.500952505163861019e+02,5.398474794603821465e+02
3.508885940810980060e+02,5.479590296920169976e+02
3.516818655311269026e+02,5.469450902811944388e+02
3.524750648619599929e+02,5.591122807871512350e+02
3.532681920690838524e+02,5.692514687375161202e+02
3.540612471479857390e+02,5.743210158046448441e+02
3.548542300941522853e+02,5.824322260158189692e+02
3.556471409030706354e+02,5.722932007320830508e+02
3.564399795702276492e+02,5.783766309280636051e+02
3.572327460911102435e+02,5.966266509259725126e+02
3.580254404612053918e+02,6.138624077271203987e+02
3.588180626760000109e+02,6.270424473351869210e+02
3.596106127309809608e+02,6.645537030142285175e+02
3.604030906216353856e+02,7.203104812076589951e+02
3.611954963434500314e+02,7.892408241614847384e+02
3.619878298919118151e+02,8.723548510784570453e+02
3.627800912625078240e+02,9.757285159353190238e+02
3.635722804507248043e+02,1.054769867080080758e+03
3.643643974520497864e+02,1.139882443503144486e+03
3.651564422619696870e+02,1.253351460583067592e+03
3.659484148759714230e+02,1.387061490198686215e+03
3.667403152895419680e+02,1.569355859837688513e+03
3.675321434981682955e+02,1.746544649069458501e+03
3.683238994973372087e+02,1.909521585979362044e+03
3.691155832825357379e+02,2.048175901322694244e+03
3.699071948492508000e+02,2.198945811859408423e+03
3.706987341929692548e+02,2.356765993456908291e+03
3.714902013091781896e+02,2.461960691903611860e+03
3.722815961933643507e+02,2.585342982896877402e+03
3.730729188410147117e+02,2.716793071354584299e+03
3.738641692476163598e+02,2.836088858178720329e+03
3.746553474086559845e+02,2.943236254686308712e+03
3.754464533196207299e+02,3.046325491282698295e+03
3.762374869759974558e+02,3.143337330682594711e+03
3.770284483732730223e+02,3.254480838696468254e+03
3.778193375069345166e+02,3.364597207860296294e+03
3.786101543724687417e+02,3.489846943272119006e+03
3.794008989653627282e+02,3.600937535363389543e+03
3.801915712811032790e+02,3.702923968412936119e+03
3.809821713151773679e+02,3.827105986478265095e+03
3.817726990630719683e+02,3.969434968901059619e+03
3.825631545202739972e+02,4.104672269185502955e+03
3.833535376822703711e+02,4.309499098143295669e+03
3.841438485445480637e+02,4.465855495674550184e+03
3.849340871025939919e+02,4.641338637183560422e+03
3.857242533518951291e+02,4.810731142176744470e+03
3.865143472879382784e+02,5.009314858655819990e+03
3.873043689062104136e+02,5.149400546942169058e+03
3.880943182021986217e+02,5.317670394634829790e+03
3.888841951713895924e+02,5.449640262443907886e+03
3.896739998092704127e+02,5.664168311108583111e+03
3.904637321113279995e+02,5.841385562570747425e+03
3.912533920730492696e+02,6.037686714642397419e+03
3.920429796899210828e+02,6.238969829844308151e+03
3.928324949574305265e+02,6.517661963089064557e+03
3.936219378710644037e+02,6.795251158242327620e+03
3.944113084263098017e+02,7.099886344058973009e+03
3.952006066186534099e+02,7.379287577823110951e+03
3.959898324435823724e+02,7.742973020017088857e+03
3.967789858965834355e+02,7.994046925260943681e+03
3.975680669731436865e+02,8.372530461566502709e+03
3.983570756687500420e+02,8.747844690825013458e+03
3.991460119788893053e+02,9.135041406487347558e+03
3.999348758990485635e+02,9.711534125516593122e+03
4.007236674247147334e+02,1.053509582956407758e+04
4.015123865513746182e+02,1.205536307730642329e+04
4.023010332745152482e+02,1.500381226121237341e+04
4.030896075896235402e+02,1.927473495022434872e+04
4.038781094921864110e+02,2.404373205981566934e+04
4.046665389776909478e+02,2.793494489967507980e+04
4.054548960416237833e+02,2.981680005254486605e+04
4.062431806794720046e+02,2.959572371207283140e+04
4.070313928867226423e+02,2.768406985612412245e+04
4.078195326588623857e+02,2.520839682275168525e+04
4.086075999913784358e+02,2.296458836296696609e+04
4.093955948797575388e+02,2.128981732786141220e+04
4.101835173194867252e+02,2.015341040400226484e+04
4.109713673060529686e+02,1.959455038565034920e+04
4.117591448349429584e+02,1.915018788156631854e+04
4.125468499016439523e+02,1.869978455158771612e+04
4.133344825016426398e+02,1.813170011481977417e+04
4.141220426304259945e+02,1.750766646405418578e+04
4.149095302834811037e+02,1.701610475254589255e+04
4.156969454562946567e+02,1.670196918588193148e+04
4.164842881443537976e+02,1.660821854467631056e+04
4.172715583431453297e+02,1.661520011419012371e+04
4.180587560481562264e+02,1.686253284385273582e+04
4.188458812548734613e+02,1.714772964876447440e+04
4.196329339587839513e+02,1.747875384678807677e+04
4.204199141553744994e+02,1.791938597902298716e+04
4.212068218401323065e+02,1.843469261044175073e+04
4.219936570085440621e+02,1.897880318710346182e+04
4.227804196560967398e+02,1.954772570983320838e+04
4.235671097782773131e+02,2.012751144233196101e+04
4.243537273705726989e+02,2.070820550201012884e+04
4.251402724284698706e+02,2.134458872682009678e+04
4.259267449474557452e+02,2.201972378579733413e+04
4.267131449230172393e+02,2.277642201394847507e+04
4.274994723506412697e+02,2.376997443075705087e+04
4.282857272258148100e+02,2.514369456175974483e+04
4.290719095440247770e+02,2.673637196862553174e+04
4.298580193007580306e+02,2.798770921035258289e+04
4.306440564915016012e+02,2.914065618494966839e+04
4.314300211117423487e+02,2.984568017038488688e+04
4.322159131569672468e+02,3.087155165815697546e+04
4.330017326226632690e+02,3.320934972399941762e+04
4.337874795043172185e+02,3.710125014728130918e+04
4.345731537974161824e+02,4.141049487707443768e+04
4.353587554974470208e+02,4.706399931250877125e+04
4.361442845998966504e+02,5.251612610809015314e+04
4.369297411002519880e+02,5.601404238888464897e+04
4.377151249940000639e+02,5.758083064026793727e+04
4.385004362766276813e+02,5.614038638698762952e+04
4.392856749436218138e+02,5.227785948390037083e+04
4.400708409904694349e+02,4.746884825888452906e+04
4.408559344126574615e+02,4.286640404953438701e+04
4.416409552056727534e+02,3.898579270214777353e+04
4.424259033650023412e+02,3.590781995782179001e+04
4.432107788861331414e+02,3.350346536655951058e+04
4.439955817645520710e+02,3.176619003053700726e+04
4.447803119957460467e+02,3.047611156177247176e+04
4.455649695752019852e+02,2.954792476824913319e+04
4.463495544984069170e+02,2.867367835813480997e+04
4.471340667608476451e+02,2.775972985775924462e+04
4.479185063580111432e+02,2.694740807950188901e+04
4.487028732853843849e+02,2.605151484125461138e+04
4.494871675384542300e+02,2.512776783820692799e+04
4.502713891127077090e+02,2.425576597566270721e+04
4.510555380036316819e+02,2.334986806296078066e+04
4.518396142067130654e+02,2.260716786635865355e+04
4.526236177174388899e+02,2.205258226890891456e+04
4.534075485312960723e+02,2.158258847377728671e+04
4.541914066437714155e+02,2.140533448485128974e+04
4.549751920503519500e+02,2.141130943791810205e+04
4.557589047465245358e+02,2.138243043271487113e+04
4.565425447277761464e+02,2.147205439641333578e+04
4.573261119895937554e+02,2.122309498187699501e+04
4.581096065274642797e+02,2.080680590449549709e+04
4.588930283368745791e+02,2.022512970025457616e+04
4.596763774133116840e+02,1.959554664846364540e+04
4.604596537522625113e+02,1.914122030720651674e+04
4.612428573492140913e+02,1.872170837666164152e+04
4.620259881996530567e+02,1.837589071535434414e+04
4.628090462990665515e+02,1.828220380397615736e+04
4.635920316429414356e+02,1.818353013170281338e+04
4.643749442267647396e+02,1.822638882712337727e+04
4.651577840460232665e+02,1.837090744774309132e+04
4.659405510962040466e+02,1.856225866528519327e+04
4.667232453727939401e+02,1.887018825452522287e+04
4.675058668712799772e+02,1.920698193852184704e+04
4.682884155871489611e+02,1.958259520956202323e+04
4.690708915158879790e+02,1.992927891748126058e+04
4.698532946529838910e+02,2.031178876320786731e+04
4.706356249939236136e+02,2.073310480411696335e+04
4.714178825341940069e+02,2.113944178643990017e+04
4.722000672692821013e+02,2.151288257173950842e+04
4.729821791946747567e+02,2.174290859254387033e+04
4.737642183058590035e+02,2.171502717282649246e+04
4.745461845983217017e+02,2.151487418182489637e+04
4.753280780675498249e+02,2.123504531988263989e+04
4.761098987090302899e+02,2.092133896234565327e+04
4.768916465182499564e+02,2.069426183017927906e+04
4.776733214906958551e+02,2.046318859274073475e+04
4.784549236218550732e+02,2.043231145514833770e+04
4.792364529072141863e+02,2.050004164643027616e+04
4.800179093422602250e+02,2.078290298076423642e+04
4.807992929224802765e+02,2.105080762762920494e+04
4.815806036433611439e+02,2.161544950830418748e+04
4.823618415003898576e+02,2.229055208503423273e+04
4.831430064890532776e+02,2.302133607214202857e+04
4.839240986048383206e+02,2.394119807686311105e+04
4.847051178432319603e+02,2.466788051966071362e+04
4.854860641997211133e+02,2.519943805298505686e+04
4.862669376697929238e+02,2.531888820716420014e+04
4.870477382489339107e+02,2.509690979526013689e+04
4.878284659326312180e+02,2.489384334191179369e+04
4.886091207163717627e+02,2.445684715457212951e+04
4.893897025956425182e+02,2.401585882217949984e+04
4.901702115659304582e+02,2.331900647696148371e+04
4.909506476227223288e+02,2.253349128995478895e+04
4.917310107615052175e+02,2.149495804661407237e+04
4.925113009777659840e+02,2.045721239074383629e+04
4.932915182669916021e+02,1.961248307257053239e+04
4.940716626246689884e+02,1.905353602870358736e+04
4.948517340462852303e+02,1.863002584804224171e+04
4.956317325273270171e+02,1.839682034329954695e+04
4.964116580632813225e+02,1.812372617845751302e+04
4.971915106496351200e+02,1.776686808721880516e+04
4.979712902818753264e+02,1.750866344481257693e+04
4.987509969554889722e+02,1.717265776966632620e+04
4.995306306659628603e+02,1.705300036344857290e+04
5.003101914087840214e+02,1.686652185616681527e+04
5.010896791794392584e+02,1.680169952775356433e+04
5.018690939734156586e+02,1.662417638491552134e+04
5.026484357862001957e+02,1.658328418451987818e+04
5.034277046132795590e+02,1.648254643530140675e+04
5.042069004501407790e+02,1.644364643195063763e+04
5.049860232922708860e+02,1.641771270074749918e+04
5.057650731351566833e+02,1.645761061750377485e+04
5.065440499742852012e+02,1.647855672405095538e+04
5.073229538051433565e+02,1.645761061750377485e+04
5.081017846232180091e+02,1.655834953716705058e+04
5.088805424239961326e+02,1.663215526115609464e+04
5.096592272029647575e+02,1.672590487774002031e+04
5.104378389556105731e+02,1.683460955948447736e+04
5.112163776774208941e+02,1.690541435656353497e+04
5.119948433638822394e+02,1.701909631056923172e+04
5.127732360104818099e+02,1.713576405662586330e+04
5.135515556127063519e+02,1.719658851720962411e+04
5.143298021660430095e+02,1.725741141060507653e+04
5.151079756659786426e+02,1.734116498657274133e+04
5.158860761079999975e+02,1.740298123372029295e+04
5.166641034875942751e+02,1.749171471715712323e+04
5.174420578002482216e+02,1.755552108768173275e+04
5.182199390414486970e+02,1.762331356369518471e+04
5.189977472066831297e+02,1.761932582179238671e+04
5.197754822914378110e+02,1.771203919123566811e+04
5.205531442912000557e+02,1.780076172764684452e+04
5.213307332014566100e+02,1.781073036060997765e+04
5.221082490176944475e+02,1.800511109085398493e+04
5.228856917354006555e+02,1.808186262722160973e+04
5.236630613500619802e+02,1.821941187573426214e+04
5.244403578571653952e+02,1.838884716997380383e+04
5.252175812521979879e+02,1.857122794155817610e+04
5.259947315306465043e+02,1.882036360463969686e+04
5.267718086879979182e+02,1.905253960251121316e+04
5.275488127197393169e+02,1.946802266537498144e+04
5.283257436213573328e+02,1.996016005080706964e+04
5.291026013883391670e+02,2.066139442483624589e+04
5.298793860161715656e+02,2.170208217979039910e+04
5.306560975003416161e+02,2.302432278282555853e+04
5.314327358363360645e+02,2.439911121339641613e+04
5.322093010196419982e+02,2.579668779500604433e+04
5.329857930457461634e+02,2.714451050893419597e+04
5.337622119101358749e+02,2.835109551949592424e+04
5.345385576082976513e+02,2.962758993602318878e+04
5.353148301357188075e+02,3.129293773921120010e+04
5.360910294878859759e+02,3.319539261453319341e+04
5.368671556602861301e+02,3.550554762271290383e+04
5.376432086484061301e+02,3.794971756029445532e+04
5.384191884477331769e+02,4.015392298891076643e+04
5.391950950537540166e+02,4.218985320644305466e+04
5.399709284619556229e+02,4.393041480820201832e+04
5.407466886678249693e+02,4.577924537875083479e+04
5.415223756668488022e+02,4.834092630866786931e+04
5.422979894545143225e+02,5.315308953420969192e+04
5.430735300263082763e+02,6.363838770670546364e+04
5.438489973777177511e+02,6.363838770670546364e+04
5.446243915042294930e+02,6.363838770670546364e+04
5.453997124013304756e+02,6.363838770670546364e+04
5.461749600645076725e+02,6.363838770670546364e+04
5.469501344892480574e+02,6.363838770670546364e+04
5.477252356710384902e+02,6.363838770670546364e+04
5.485002636053659444e+02,6.363838770670546364e+04
5.492752182877172800e+02,6.363838770670546364e+04
5.500500997135795842e+02,6.363838770670546364e+04
5.508249078784397170e+02,6.363838770670546364e+04
5.515996427777846520e+02,6.363838770670546364e+04
5.523743044071012491e+02,6.363838770670546364e+04
5.531488927618762546e+02,6.363838770670546364e+04
5.539234078375968693e+02,6.363838770670546364e+04
5.546978496297499532e+02,6.363838770670546364e+04
5.554722181338225937e+02,6.363838770670546364e+04
5.562465133453014232e+02,6.363838770670546364e+04
5.570207352596735291e+02,6.363838770670546364e+04
5.577948838724257712e+02,6.363838770670546364e+04
5.585689591790452369e+02,6.363838770670546364e+04
5.593429611750186723e+02,6.363838770670546364e+04
5.601168898558332785e+02,6.363838770670546364e+04
5.608907452169756880e+02,6.363838770670546364e+04
5.616645272539329881e+02,5.784927759412441083e+04
5.624382359621920386e+02,5.197458776185082388e+04
5.632118713372398133e+02,5.022241663954507385e+04
5.639854333745632857e+02,4.829138105085831194e+04
5.647589220696492021e+02,4.664121916705723561e+04
5.655323374179848770e+02,4.546191839186043217e+04
5.663056794150567157e+02,4.498264138560162974e+04
5.670789480563521465e+02,4.572483737224103970e+04
5.678521433373578020e+02,4.733757534267106530e+04
5.686252652535607695e+02,5.032891573008355044e+04
5.693983138004477951e+02,5.514213609596135939e+04
5.701712889735059662e+02,6.181762022991839331e+04
5.709441907682222563e+02,6.363838770670546364e+04
5.717170191800835255e+02,6.363838770670546364e+04
5.724897742045766336e+02,6.363838770670546364e+04
5.732624558371885541e+02,6.363838770670546364e+04
5.740350640734062608e+02,6.363838770670546364e+04
5.748075989087167272e+02,6.363838770670546364e+04
5.755800603386066996e+02,6.363838770670546364e+04
5.763524483585633789e+02,6.363838770670546364e+04
5.771247629640736250e+02,6.363838770670546364e+04
5.778970041506239568e+02,6.363838770670546364e+04
5.786691719137020300e+02,6.363838770670546364e+04
5.794412662487941361e+02,6.363838770670546364e+04
5.802132871513875898e+02,6.363838770670546364e+04
5.809852346169691373e+02,6.363838770670546364e+04
5.817571086410257521e+02,6.363838770670546364e+04
5.825289092190444080e+02,6.363838770670546364e+04
5.833006363465120785e+02,6.363838770670546364e+04
5.840722900189155098e+02,6.363838770670546364e+04
5.848438702317419029e+02,6.363838770670546364e+04
5.856153769804780040e+02,6.363838770670546364e+04
5.863868102606107868e+02,6.363838770670546364e+04
5.871581700676272249e+02,6.291632348757106229e+04
5.879294563970141780e+02,5.877534920255191537e+04
5.887006692442585063e+02,5.626780406910798047e+04
5.894718086048472969e+02,5.375823952604535589e+04
5.902428744742674098e+02,5.160337147650145926e+04
5.910138668480057049e+02,4.979762362749398744e+04
5.917847857215493832e+02,4.823071835738643131e+04
5.925556310903851909e+02,4.710235425968188792e+04
5.933264029500001016e+02,4.626203198916446854e+04
5.940971012958808615e+02,4.523432698529088520e+04
5.948677261235146716e+02,4.402693207336658816e+04
5.956382774283881645e+02,4.259532432909519412e+04
5.964087552059886548e+02,4.100049337810520956e+04
5.971791594518027750e+02,3.969433964872047363e+04
5.979494901613174989e+02,3.817966309999870282e+04
5.987197473300199135e+02,3.719017060810682597e+04
5.994899309533967653e+02,3.620534407119059324e+04
6.002600410269352551e+02,3.538678041035310162e+04
6.010300775461221292e+02,3.462845025837755384e+04
6.018000405064442475e+02,3.408283682115848205e+04
6.025699299033884699e+02,3.342768961627963290e+04
6.033397457324419975e+02,3.280163593550059159e+04
6.041094879890916900e+02,3.231127013669487496e+04
6.048791566688242938e+02,3.183693503882410369e+04
6.056487517671270098e+02,3.143241525998985162e+04
6.064182732794864705e+02,3.100603098017887532e+04
6.071877212013899907e+02,3.072412827259272308e+04
6.079570955283240892e+02,3.040041486190025171e+04
6.087263962557760806e+02,3.018130088109572171e+04
6.094956233792325975e+02,2.990941625481030133e+04
6.102647768941807271e+02,2.961564007738555665e+04
6.110338567961073295e+02,2.927209392830085926e+04
6.118028630804993782e+02,2.901818292474779082e+04
6.125717957428437330e+02,2.863285683122118644e+04
6.133406547786274814e+02,2.824257561305281706e+04
6.141094401833374832e+02,2.803947829157139495e+04
6.148781519524605983e+02,2.783837709271706626e+04
6.156467900814836867e+02,2.770497584880392242e+04
6.164153545658939493e+02,2.751483249828047337e+04
6.171838454011782460e+02,2.736252121458181136e+04
6.179522625828233231e+02,2.727392278505267677e+04
6.187206061063162679e+02,2.716740643073383035e+04
6.194888759671439402e+02,2.708279126534567331e+04
6.202570721607933137e+02,2.691455793611987974e+04
6.210251946827512484e+02,2.682894879593457154e+04
6.217932435285047177e+02,2.674632644246947166e+04
6.225612186935408090e+02,2.673537652154699390e+04
6.233291201733461548e+02,2.670650858017563587e+04
6.240969479634079562e+02,2.663782296898368077e+04
6.248647020592130730e+02,2.665773181627902886e+04
6.256323824562483651e+02,2.667764068421297998e+04
6.263999891500008061e+02,2.672641750032791242e+04
6.271675221359573698e+02,2.663782296898368077e+04
6.279349814096048021e+02,2.651438855257907926e+04
6.287023669664301906e+02,2.653529271750730186e+04
6.294696788019205087e+02,2.645963964120583842e+04
6.302369169115626164e+02,2.643475381478776035e+04
6.310040812908434873e+02,2.631629761664796752e+04
6.317711719352499813e+02,2.627548509563836342e+04
6.325381888402690720e+02,2.621078243059996385e+04
6.333051320013878467e+02,2.616001581303656712e+04
6.340720014140929379e+02,2.620580530790593548e+04
6.348387970738714330e+02,2.614707531431162352e+04
6.356055189762103055e+02,2.613015313047181553e+04
6.363721671165964153e+02,2.606146904695578996e+04
6.371387414905167361e+02,2.604156063776585870e+04
6.379052420934581278e+02,2.601866597787720093e+04
6.386716689209075639e+02,2.598581713687140291e+04
6.394380219683520181e+02,2.588428447857491847e+04
6.402043012312783503e+02,2.585740821329031678e+04
6.409705067051735341e+02,2.579071529701181498e+04
6.417366383855247705e+02,2.571307285083743409e+04
6.425026962678184645e+02,2.565235250244132840e+04
6.432686803475418174e+02,2.572402242388471495e+04
6.440345906201816888e+02,2.565533874873380773e+04
6.448004270812251661e+02,2.577777488586438994e+04
6.455661897261591093e+02,2.570212327850462680e+04
6.463318785504703783e+02,2.566031582595163491e+04
6.470974935496459466e+02,2.559063674991860171e+04
6.478630347191727878e+02,2.547417314411246844e+04
6.486285020545377620e+02,2.545625566156074274e+04
6.493938955512280700e+02,2.533282404491626221e+04
6.501592152047302307e+02,2.533083321110045290e+04
6.509244610105313313e+02,2.534875071372521052e+04
6.516896329641182319e+02,2.533879654607366683e+04
6.524547310609781334e+02,2.532486070935774114e+04
6.532197552965977820e+02,2.536069571340719631e+04
6.539847056664641514e+02,2.538856737340809195e+04
6.547495821660639876e+02,2.534775529701210326e+04
6.555143847908844918e+02,2.528205776639765463e+04
6.562791135364124102e+02,2.535472321376621039e+04
6.570437683981349437e+02,2.542141610605848109e+04
6.578083493715388386e+02,2.540548944899042908e+04
6.585728564521108410e+02,2.541345277779110984e+04
6.593372896353380384e+02,2.544530608790209226e+04
6.601016489167075179e+02,2.537960862641349013e+04
6.608659342917060258e+02,2.541245736172068064e+04
6.616301457558205357e+02,2.546322357166959046e+04
6.623942833045380212e+02,2.552493933598955482e+04
6.631583469333453422e+02,2.542440235402617691e+04
6.639223366377294724e+02,2.549507687154123414e+04
6.646862524131774990e+02,2.557471010460538673e+04
6.654500942551760545e+02,2.560258173390531010e+04
6.662138621592123400e+02,2.557471010460538673e+04
6.669775561207731016e+02,2.559262758058010877e+04
6.677411761353453130e+02,2.562448087151336222e+04
6.685047221984159478e+02,2.562547628687473116e+04
6.692681943054717522e+02,2.559362299591108604e+04
6.700315924520000408e+02,2.556276512051626560e+04
6.707949166334874462e+02,2.565832499505467058e+04
6.715581668454210558e+02,2.565334791786907954e+04
6.723213430832875019e+02,2.567425164263133775e+04
6.730844453425742131e+02,2.561751296402826119e+04
6.738474736187678218e+02,2.556376053586277703e+04
6.746104279073551879e+02,2.545526024580606099e+04
6.753733082038233988e+02,2.545326941427759812e+04
6.761361145036593143e+02,2.555878345911722863e+04
6.768988468023497944e+02,2.551697601245751866e+04
6.776615050953820401e+02,2.559063674991860171e+04
6.784240893782426838e+02,2.556774219723726492e+04
6.791865996464188129e+02,2.563742127135975898e+04
6.799490358953974010e+02,2.563045336370850055e+04
6.807113981206650806e+02,2.566628831872541923e+04
6.814736863177092800e+02,2.558665508859610054e+04
6.822359004820166319e+02,2.554783389014195200e+04
6.829980406090738825e+02,2.552892099768092157e+04
6.837601066943683463e+02,2.568321038233683066e+04
6.845220987333867697e+02,2.577379322120658981e+04
6.852840167216160125e+02,2.575388489996958015e+04
6.860458606545431621e+02,2.588428447857491847e+04
6.868076305276550784e+02,2.581759154085930641e+04
6.875693263364387349e+02,2.588328906116476719e+04
6.883309480763808779e+02,2.594500496904466490e+04
6.890924957429688220e+02,2.596789959604598698e+04
6.898539693316891999e+02,2.600074842557422744e+04
6.906153688380289850e+02,2.620978700600172670e+04
6.913766942574749237e+02,2.636009648508638566e+04
6.921379455855144442e+02,2.651936573290498200e+04
6.928991228176340655e+02,2.670650858017563587e+04
6.936602259493208749e+02,2.693148072840426903e+04
6.944212549760617321e+02,2.698224921911676938e+04
6.951822098933436109e+02,2.695437630089956292e+04
6.959430906966534849e+02,2.694043986133297221e+04
6.967038973814782139e+02,2.674234465226320026e+04
6.974646299433048853e+02,2.656913759879288773e+04
6.982252883776201315e+02,2.650941137336755492e+04
6.989858726799111537e+02,2.643574924735117020e+04
6.997463828456649253e+02,2.629240735353570562e+04
7.005068188703680789e+02,2.624164060817127393e+04
7.012671807495077019e+02,2.610526757953998094e+04
7.020274684785707677e+02,2.607938662294627284e+04
7.027876820530441364e+02,2.607440951775374560e+04
7.035478214684148952e+02,2.594400955068763142e+04
7.043078867201696767e+02,2.587831197432368208e+04
7.050678778037956818e+02,2.582256862389715025e+04
7.058277947147798841e+02,2.563742127135975898e+04
7.065876374486090299e+02,2.567524705813732362e+04
7.073474060007699791e+02,2.553887515171585255e+04
7.081071003667500463e+02,2.545924190878713489e+04
7.088667205420357504e+02,2.554186139787765569e+04
7.096262665221142925e+02,2.549009979377696072e+04
7.103857383024723049e+02,2.550702185773133897e+04
7.111451358785971024e+02,2.534576446355152439e+04
7.119044592459753176e+02,2.529002110654715580e+04
7.126637084000939240e+02,2.517455257346735743e+04
7.134228833364400089e+02,2.500035383262810137e+04
7.141819840505004322e+02,2.488289364497972201e+04
7.149410105377621676e+02,2.467883030707742000e+04
7.156999627937120749e+02,2.448969683375194654e+04
7.164588408138370141e+02,2.433540237012255966e+04
7.172176445936240725e+02,2.413232876461236810e+04
7.179763741285599963e+02,2.406364148046715854e+04
7.187350294141319864e+02,2.389739690558529765e+04
7.194936104458267891e+02,2.380183017634914358e+04
7.202521172191312644e+02,2.379983919477304153e+04
7.210105497295326131e+02,2.355992335695651127e+04
7.217689079725175816e+02,2.351014761861204897e+04
7.225271919435730297e+02,2.341855962161592106e+04
7.232854016381859310e+02,2.330208233827511503e+04
7.240435370518434866e+02,2.319257245009924009e+04
7.248015981800323289e+02,2.309998576445455183e+04
7.255595850182393178e+02,2.308107008270584265e+04
7.263174975619517681e+02,2.276845719963665761e+04
7.270753358066563123e+02,2.265794452208621806e+04
7.278330997478398103e+02,2.235527036304490684e+04
7.285907893809895768e+02,2.200777520160469430e+04
7.293484047015921306e+02,2.156267259612329508e+04
7.301059457051346726e+02,2.128185052837658077e+04
7.308634123871039492e+02,2.088448951578858760e+04
7.316208047429871613e+02,2.046318859274073475e+04
7.323781227682709414e+02,2.018229750218702247e+04
7.331353664584423768e+02,1.981671000750473468e+04
7.338925358089883275e+02,1.940724783665253926e+04
7.346496308153957671e+02,1.917410129071689880e+04
7.354066514731516691e+02,1.887417419136208991e+04
7.361635977777428934e+02,1.862603958658855845e+04
7.369204697246563001e+02,1.829017728039371650e+04
7.376772673093790900e+02,1.800710466512629864e+04
7.384339905273980094e+02,1.772300506455853974e+04
7.391906393741999182e+02,1.751364834257110124e+04
7.399472138452720174e+02,1.729230908983875270e+04
7.407037139361009395e+02,1.707593517603289365e+04
7.414601396421737718e+02,1.680269680856159903e+04
7.422164909589772606e+02,1.668002790634179109e+04
7.429727678819986068e+02,1.657131558969398611e+04
7.437289704067245566e+02,1.637382412329300314e+04
7.444850985286421974e+02,1.605261130550458256e+04
7.452411522432383890e+02,1.588999039272614755e+04
7.459971315459998777e+02,1.570839780039847574e+04
7.467530364324139782e+02,1.558566345843162526e+04
7.475088668979673230e+02,1.531023043031181805e+04
7.482646229381469993e+02,1.527130723323992243e+04
7.490203045484398672e+02,1.506669714957000360e+04
7.497759117243327864e+02,1.491197631649137475e+04
7.505314444613127307e+02,1.475724171385434602e+04
7.512869027548667873e+02,1.453060498083709535e+04
7.520422866004815887e+02,1.433489375627264599e+04
7.527975959936443360e+02,1.416212901479669927e+04
7.535528309298420027e+02,1.404427871158141170e+04
7.543079914045612213e+02,1.392342299427757825e+04
7.550630774132890792e+02,1.376859396485336219e+04
7.558180889515127774e+02,1.359176982837218384e+04
7.565730260147188346e+02,1.332699359929727325e+04
7.573278885983942246e+02,1.323106272275351148e+04
7.580826766980261482e+02,1.312313275819818045e+04
7.588373903091013517e+02,1.292124144333406730e+04
7.595920294271066950e+02,1.276630478053579645e+04
7.603465940475293792e+02,1.254736393405385934e+04
7.611010841658560366e+02,1.236638545496916413e+04
7.618554997775737547e+02,1.217038021469470186e+04
7.626098408781695071e+02,1.200135139489057656e+04
7.633641074631300398e+02,1.176027052276123322e+04
7.641182995279425541e+02,1.162620493979176354e+04
7.648724170680937959e+02,1.144209040975150674e+04
7.656264600790706254e+02,1.125194189896468015e+04
7.663804285563602434e+02,1.098768342028660663e+04
7.671343224954492825e+02,1.086253947560793313e+04
7.678881418918249437e+02,1.064826023522548894e+04
7.686418867409739732e+02,1.047700683672055675e+04
7.693955570383833447e+02,1.028068270349332124e+04
7.701491527795400316e+02,1.012039098374243622e+04
7.709026739599310076e+02,9.990135738802920969e+03
7.716561205750431327e+02,9.778686142850285250e+03
7.724094926203632667e+02,9.606286813216527662e+03
7.731627900913784970e+02,9.477970206644804421e+03
7.739160129835755697e+02,9.315545406840903524e+03
7.746691612924415722e+02,9.184181971150797835e+03
7.754222350134633643e+02,9.028728646626701448e+03
7.761752341421280335e+02,8.855192463029172359e+03
7.769281586739222121e+02,8.673596888723697703e+03
7.776810086043331012e+02,8.594325721797476945e+03
7.784337839288474470e+02,8.442788236721060457e+03
7.791864846429524505e+02,8.285202421434434655e+03
7.799391107421348579e+02,8.099476390454997272e+03
7.806916622218815291e+02,7.955888370630443205e+03
7.814441390776793241e+02,7.841402666174273691e+03
7.821965413050154439e+02,7.709825808627915649e+03
7.829488688993767482e+02,7.569186984864090846e+03
7.837011218562499835e+02,7.483787775938370942e+03
7.844533001711223505e+02,7.330047400454493072e+03
7.852054038394805957e+02,7.183314541151117737e+03
7.859574328568116925e+02,7.065708502564205446e+03
7.867093872186025010e+02,6.920939512754019233e+03
7.874612669203403357e+02,6.784189651097493879e+03
7.882130719575116018e+02,6.732902504459158990e+03
7.889648023256033866e+02,6.630318421518436480e+03
7.897164580201028912e+02,6.527721221092565429e+03
7.904680390364967479e+02,6.414044208596349563e+03
7.912195453702719306e+02,6.308400522832559545e+03
7.919709770169156400e+02,6.179596692962428278e+03
7.927223339719143951e+02,6.115186848111321524e+03
7.934736162307553968e+02,6.010509517506455268e+03
7.942248237889255051e+02,5.897764319586081001e+03
7.949759566419116936e+02,5.767885638142796779e+03
7.957270147852009359e+02,5.674238569334554995e+03
7.964779982142800918e+02,5.605758199733733818e+03
7.972289069246359077e+02,5.503026127301081942e+03
7.979797409117555844e+02,5.407331816550800795e+03
7.987305001711259820e+02,5.310617921678391212e+03
7.994811846982340739e+02,5.186685134510626995e+03
8.002317944885667202e+02,5.092966297545999623e+03
8.009823295376107808e+02,5.011330665952442359e+03
8.017327898408532292e+02,4.910533634526998867e+03
8.024831753937811527e+02,4.828878045827380447e+03
8.032334861918815250e+02,4.731081154080438864e+03
8.039837222306409785e+02,4.636296599949787378e+03
8.047338835055466006e+02,4.529397314394406749e+03
8.054839700120852513e+02,4.433578187407306359e+03
8.062339817457440176e+02,4.359940278804679110e+03
8.069839187020097597e+02,4.261072304417694795e+03
8.077337808763693374e+02,4.177326761152494328e+03
8.084835682643097243e+02,4.089535008790282973e+03
8.092332808613178941e+02,3.971453620083408168e+03
8.099829186628807065e+02,3.866476355439685904e+03
8.107324816644852490e+02,3.808934329928451916e+03
8.114819698616182677e+02,3.727156268162453216e+03
8.122313832497668500e+02,3.638300560117086661e+03
8.129807218244177420e+02,3.536305072215599012e+03
8.137299855810580311e+02,3.456516458045553918e+03
8.144791745151745772e+02,3.361566705145887227e+03
8.152282886222543539e+02,3.254480838696468254e+03
8.159773278977842210e+02,3.217098098638655301e+03
8.167262923372512660e+02,3.147379210169166072e+03
8.174751819361421212e+02,3.050367909272578345e+03
8.182239966899441015e+02,2.998825399708751775e+03
8.189727365941439530e+02,2.924031746824332004e+03
8.197214016442286493e+02,2.885621214079977563e+03
8.204699918356850503e+02,2.831034347166410498e+03
8.212185071640000160e+02,2.761278522980909202e+03
8.219669476246606337e+02,2.711737735163970683e+03
8.227153132131538769e+02,2.670282660820283581e+03
8.234636039249663781e+02,2.624780486603633562e+03
8.242118197555853385e+02,2.583320489616276518e+03
8.249599607004977315e+02,2.566129071523898801e+03
8.257080267551903034e+02,2.579275486320090295e+03
8.264560179151501416e+02,2.528711063079668747e+03
8.272039341758642195e+02,2.516575083111870299e+03
8.279517755328191697e+02,2.512529711882319589e+03
8.286995419815020796e+02,2.474097574051560059e+03
8.294472335173999227e+02,2.450835040601974470e+03
8.301948501359996726e+02,2.424537377640344403e+03
8.309423918327881893e+02,2.436674877351548730e+03
8.316898586032523326e+02,2.439709220994632233e+03
8.324372504428791899e+02,2.405319260387233498e+03
8.331845673471557348e+02,2.384077599825391189e+03
8.339318093115685997e+02,2.396215766592647014e+03
8.346789763316050994e+02,2.378008441440163551e+03
8.354260684027519801e+02,2.371939233063469146e+03
8.361730855204961017e+02,2.350696610167688050e+03
8.369200276803243241e+02,2.337546108332944186e+03
8.376668948777238484e+02,2.273813433580699439e+03
8.384136871081815343e+02,2.259649870141393876e+03
8.391604043671841282e+02,2.250544578920324511e+03
8.399070466502187173e+02,2.227274992078376727e+03
8.406536139527722753e+02,2.207039973953360914e+03
8.414001062703315483e+02,2.183769019547169592e+03
8.421465235983837374e+02,2.149367139804773615e+03
8.428928659324155888e+02,2.109904195817484833e+03
8.436391332679140760e+02,2.071451105796927550e+03
8.443853256003660590e+02,2.015791797906783586e+03
8.451314429252585114e+02,2.013767744715479694e+03
8.458774852380784068e+02,1.979358000048200893e+03
8.466234525343127189e+02,1.950007258506665266e+03
8.473693448094483074e+02,1.887253532607685202e+03
8.481151620589720324e+02,1.841703181189723182e+03
8.488609042783709810e+02,1.801211659821924513e+03
8.496065714631318997e+02,1.780965081496254243e+03
8.503521636087419893e+02,1.736420693369624132e+03
8.510976807106879960e+02,1.717184803339368500e+03
8.518431227644570072e+02,1.662511705373496397e+03
8.525884897655355417e+02,1.648336553690121491e+03
8.533337817094109141e+02,1.613910081774659375e+03
8.540789985915700981e+02,1.562267447488496600e+03
8.548241404074997263e+02,1.538976485195727719e+03
8.555692071526869995e+02,1.519735588218726434e+03
8.563141988226186641e+02,1.486316035398991517e+03
8.570591154127818072e+02,1.465048286442856806e+03
8.578039569186632889e+02,1.445805528200845174e+03
8.585487233357500827e+02,1.407318562695116270e+03
8.592934146595289349e+02,1.403267190911534499e+03
8.600380308854870464e+02,1.369842559037399496e+03
8.607825720091111634e+02,1.363765197249976609e+03
8.615270380258882597e+02,1.347558664756247708e+03
8.622714289313053087e+02,1.343506978389767255e+03
8.630157447208490566e+02,1.339455270736568309e+03
8.637599853900069320e+02,1.304001921569706155e+03
8.645041509342652262e+02,1.284755136669531112e+03
8.652482413491113675e+02,1.277664095260230397e+03
8.659922566300319886e+02,1.278677105151401747e+03
8.667361967725141767e+02,1.277664095260230397e+03
8.674800617720449054e+02,1.266520899029085967e+03
8.682238516241109210e+02,1.267533923490056168e+03
8.689675663241991970e+02,1.254364502249412681e+03
8.697112058677968207e+02,1.246260131882827409e+03
8.704547702503904247e+02,1.228024989214992502e+03
8.711982594674674374e+02,1.232077280138552624e+03
8.719416735145142638e+02,1.235116484460597803e+03
8.726850123870182188e+02,1.244234026066719935e+03
8.734282760804659347e+02,1.234103417674437878e+03
8.741714645903447263e+02,1.231064209389003963e+03
8.749145779121411124e+02,1.220933429255686860e+03
8.756576160413422940e+02,1.188514046184046492e+03
8.764005789734350174e+02,1.185474659822516969e+03
8.771434667039063697e+02,1.187500918713945566e+03
8.778862792282430974e+02,1.168251246635583357e+03
8.786290165419322875e+02,1.162172304138659001e+03
8.793716786404609138e+02,1.164198623564569516e+03
8.801142655193158362e+02,1.140895632778289837e+03
8.808567771739840282e+02,1.131776882049609640e+03
8.815992135999522361e+02,1.117591947481357465e+03
8.823415747927077746e+02,1.140895632778289837e+03
8.830838607477371625e+02,1.126710863496944512e+03
8.838260714605276007e+02,1.150014277163960514e+03
8.845682069265657219e+02,1.144948376749168801e+03
8.853102671413388407e+02,1.139882443503144486e+03
8.860522521003337033e+02,1.140895632778289837e+03
8.867941617990372833e+02,1.135829673275659161e+03
8.875359962329363270e+02,1.142922007389855708e+03
8.882777553975179217e+02,1.142922007389855708e+03
8.890194392882691545e+02,1.157106482566108753e+03
8.897610479006766582e+02,1.167238092840660329e+03
8.905025812302277473e+02,1.161159142453424693e+03
8.912440392724088269e+02,1.189527172336951253e+03
8.919854220227073256e+02,1.154066973849506667e+03
8.927267294766098757e+02,1.158119649509710143e+03
8.934679616296034510e+02,1.160145979453460313e+03
8.942091184771750250e+02,1.161159142453424693e+03
8.949502000148115712e+02,1.169264399115132846e+03
8.956912062380000634e+02,1.183448395663391238e+03
8.964321371422272478e+02,1.192566542891581548e+03
8.971729927229800978e+02,1.169264399115132846e+03
8.979137729757458146e+02,1.162172304138659001e+03
8.986544778960111444e+02,1.170277550279217394e+03
8.993951074792628333e+02,1.161159142453424693e+03
9.001356617209879687e+02,1.164198623564569516e+03
9.008761406166736379e+02,1.159132815138858177e+03
9.016165441618064733e+02,1.167238092840660329e+03
9.023568723518736761e+02,1.174330141779074438e+03
9.030971251823619923e+02,1.161159142453424693e+03
9.038373026487583957e+02,1.163185464509071380e+03
9.045774047465499734e+02,1.149001099708058291e+03
9.053174314712234718e+02,1.137856061014595980e+03
9.060573828182660918e+02,1.133803280287080725e+03
9.067972587831642386e+02,1.125697655851335639e+03
9.075370593614053405e+02,1.117591947481357465e+03
9.082767845484761438e+02,1.116578728035885661e+03
9.090164343398635083e+02,1.094287568815607301e+03
9.097560087310545214e+02,1.083141751643749785e+03
9.104955077175360429e+02,1.071995776267663814e+03
9.112349312947949329e+02,1.052743264729022940e+03
9.119742794583182786e+02,1.034503608843810980e+03
9.127135522035928261e+02,1.036530258130546372e+03
9.134527495261058903e+02,1.024370284259140362e+03
9.141918714213437624e+02,1.000049774317385527e+03
9.149309178847939847e+02,9.909293900568264917e+02
9.156698889119430760e+02,9.787687141155134896e+02
9.164087844982781235e+02,9.524199423080754059e+02
9.171476046392862145e+02,9.402586754339877189e+02
9.178863493304540953e+02,9.189760103796511430e+02
9.186250185672686257e+02,9.088412077911192455e+02
9.193636123452168931e+02,8.764089731210987111e+02
9.201021306597857574e+02,8.753954445400955819e+02
9.208405735064621922e+02,8.541110473222444170e+02
9.215789408807333984e+02,8.125541642963627282e+02
9.223172327780856676e+02,7.953226302539467270e+02
9.230554491940064281e+02,7.821453256139941459e+02
9.237935901239824261e+02,7.578174274776239372e+02
9.245316555635006353e+02,7.547763885988846368e+02
9.252696455080480291e+02,7.192967558145694511e+02
9.260075599531114676e+02,7.122006425335573567e+02
9.267453988941779244e+02,6.736778013566258778e+02
9.274831623267343730e+02,6.594847152901133995e+02
9.282208502462676734e+02,6.422499211046241498e+02
9.289584626482647991e+02,6.118346904700819096e+02
9.296959995282127238e+02,5.875016916880928193e+02
9.304334608815981937e+02,5.692514687375161202e+02
9.311708467039082961e+02,5.489729678544181297e+02
9.319081569906300047e+02,5.256520744955803366e+02
9.326453917372499518e+02,5.033445164331171782e+02
9.333825509392555659e+02,4.779942886066124856e+02
9.341196345921333659e+02,4.475729928544753307e+02
9.348566426913704390e+02,4.272915110711919624e+02
9.355935752324537589e+02,3.968683641692078368e+02
9.363304322108701854e+02,3.644157887330603103e+02
9.370672136221068058e+02,3.390613416761177064e+02
9.378039194616502527e+02,3.238483070825012646e+02
9.385405497249877271e+02,2.984926403610988359e+02
9.392771044076059752e+02,2.812503530873022441e+02
9.400135835049920843e+02,2.700933921869092273e+02
9.407499870126328005e+02,2.477790309931148727e+02
9.414863149260152113e+02,2.457504236929142678e+02
9.422225672406261765e+02,2.295213915144125849e+02
9.429587439519527834e+02,2.234354248777507621e+02
9.436948450554816645e+02,2.122777068060088652e+02
9.444308705467001346e+02,2.031485565062743319e+02
9.451668204210948261e+02,1.940193089067779795e+02
9.459026946741527127e+02,1.889474626820364165e+02
9.466384933013608816e+02,1.818468276083513047e+02
9.473742162982060790e+02,1.767749094678112556e+02
9.481098636601752787e+02,1.717029613945292397e+02
9.488454353827554542e+02,1.605445703636922303e+02
9.495809314614335790e+02,1.554725266334434366e+02
9.503163518916965131e+02,1.544581143044560179e+02
9.510516966690312302e+02,1.453283496339875001e+02
9.517869657889247037e+02,1.422850732719767848e+02
9.525221592468637937e+02,1.321407412680746063e+02
9.532572770383353600e+02,1.301118605755345925e+02
9.539923191588264899e+02,1.209818385592257357e+02
9.547272856038240434e+02,1.179384764820205334e+02
9.554621763688148803e+02,1.128661825875226015e+02
9.561969914492860880e+02,1.047504506084336668e+02
9.569317308407244127e+02,1.027215057468790320e+02
9.576663945386170553e+02,9.967807955954823740e+01
9.584009825384507621e+02,9.562016137903020763e+01
9.591354948357123931e+02,9.359119517842196956e+01
9.598699314258890354e+02,9.156222423925795795e+01
9.606042923044675490e+02,9.054773699311097346e+01
9.613385774669350212e+02,8.750426815030031946e+01
9.620727869087780846e+02,8.344629312224378737e+01
9.628069206254838264e+02,8.851875894847455584e+01
9.635409786125391065e+02,7.938829916519246410e+01
9.642749608654311260e+02,8.446078865424618698e+01
9.650088673796464036e+02,7.938829916519246410e+01
9.657426981506722541e+02,8.040279942849532802e+01
9.664764531739954236e+02,8.344629312224378737e+01
9.672101324451027722e+02,7.837379771945994378e+01
9.679437359594815007e+02,8.344629312224378737e+01
9.686772637126182417e+02,7.938829916519246410e+01
9.694107157000000825e+02,7.735929509145609018e+01
9.701440919171138830e+02,7.837379771945994378e+01
9.708773923594465032e+02,7.634479128133931169e+01
9.716106170224851439e+02,7.837379771945994378e+01
9.723437659017165515e+02,7.330127275989630675e+01
9.730768389926276996e+02,7.938829916519246410e+01
9.738098362907055616e+02,7.837379771945994378e+01
9.745427577914369976e+02,7.431578011540084105e+01
9.752756034903088675e+02,7.330127275989630675e+01
9.760083733828082586e+02,7.533028628926804515e+01
9.767410674644220308e+02,7.533028628926804515e+01
9.774736857306371576e+02,7.837379771945994378e+01
9.782062281769404990e+02,8.040279942849532802e+01
9.789386947988189149e+02,7.634479128133931169e+01
9.796710855917596064e+02,7.634479128133931169e+01
9.804034005512492058e+02,7.938829916519246410e+01
9.811356396727749143e+02,7.938829916519246410e+01
9.818678029518234780e+02,8.040279942849532802e+01
9.825998903838818705e+02,8.040279942849532802e+01
9.833319019644371792e+02,7.634479128133931169e+01
9.840638376889760366e+02,8.446078865424618698e+01
9.847956975529855299e+02,7.938829916519246410e+01
9.855274815519526328e+02,8.141729850921028344e+01
9.862591896813644325e+02,8.141729850921028344e+01
9.869908219367073343e+02,7.634479128133931169e+01
9.877223783134688802e+02,8.446078865424618698e+01
9.884538588071354752e+02,8.141729850921028344e+01
9.891852634131944342e+02,8.344629312224378737e+01
9.899165921271326170e+02,8.040279942849532802e+01
9.906478449444368835e+02,8.750426815030031946e+01
9.913790218605942073e+02,-7.609449961511423055e-01
9.921101228710913347e+02,-7.609449961511423055e-01
9.928411479714154666e+02,-1.775539347835701998e+00
9.935720971570532356e+02,1.268240197928596658e+00
