# {"Measurement": "Avobenzone absorption in PEGDA", "Measurement Date": "2020-01-20", "Measurement Spectrometer": "Ocean Optics OE65PRO", "Absorber": "Avobenzone", "Concentration w/w percent": 0.24, "Film thickness microns": 60, "Molar mass g/mole": 310.39, "Solvent": "PEGDA", "Solvent density g/L": 1110, "Solvent absorption measurement file": "QEPB00791_17-10-07-458.txt", "Solvent + absorber absorption measurement file": "QEPB00791_17-18-57-140.txt"}
2.999689999999999941e+02,3.277615346469827662e-01
3.007669999999999959e+02,3.241809346445437834e-01
3.015649999999999977e+02,3.419478796615164629e-01
3.023629999999999995e+02,3.395841772707990924e-01
3.031600000000000250e+02,3.204727665095921663e-01
3.039580000000000268e+02,3.311831183252804123e-01
3.047559999999999718e+02,3.495865724665236374e-01
3.055529999999999973e+02,3.433716080291592254e-01
3.063500000000000227e+02,3.297134232445048108e-01
3.071480000000000246e+02,3.583860231404534247e-01
3.079449999999999932e+02,3.669131101699145137e-01
3.087420000000000186e+02,3.679645408736618717e-01
3.095389999999999873e+02,3.659664687503187963e-01
3.103360000000000127e+02,3.857402334669605692e-01
3.111329999999999814e+02,3.848265682062488313e-01
3.119300000000000068e+02,3.872592536119279227e-01
3.127269999999999754e+02,3.865750633494703381e-01
3.135240000000000009e+02,4.058308507164969936e-01
3.143199999999999932e+02,4.253120276610144468e-01
3.151170000000000186e+02,4.253944933362506231e-01
3.159130000000000109e+02,4.370302435465973079e-01
3.167099999999999795e+02,4.623020602862684680e-01
3.175059999999999718e+02,4.732701400916854428e-01
3.183020000000000209e+02,4.808539817933585314e-01
3.190989999999999895e+02,4.952146125236184249e-01
3.198949999999999818e+02,5.104971334985637377e-01
3.206909999999999741e+02,5.237441476307150845e-01
3.214870000000000232e+02,5.367605023030268541e-01
3.222830000000000155e+02,5.498495915769435749e-01
3.230790000000000077e+02,5.542821889456601703e-01
3.238740000000000236e+02,5.891889552116409412e-01
3.246700000000000159e+02,6.020158242946765936e-01
3.254660000000000082e+02,6.132190739249532285e-01
3.262610000000000241e+02,6.060125539032558128e-01
3.270570000000000164e+02,6.422594776301898678e-01
3.278519999999999754e+02,6.441316163258393734e-01
3.286480000000000246e+02,6.745555781901239056e-01
3.294429999999999836e+02,6.944124987778632629e-01
3.302379999999999995e+02,7.027147176655396121e-01
3.310330000000000155e+02,7.163127564511151402e-01
3.318279999999999745e+02,7.290964899731192661e-01
3.326229999999999905e+02,7.477132258455105873e-01
3.334180000000000064e+02,7.771225644415968858e-01
3.342130000000000223e+02,7.895313869297205800e-01
3.350079999999999814e+02,8.042454346768058704e-01
3.358029999999999973e+02,8.337326360480459275e-01
3.365969999999999800e+02,8.240683145024731981e-01
3.373919999999999959e+02,8.443937569555441947e-01
3.381859999999999786e+02,8.514789491215881689e-01
3.389809999999999945e+02,8.678466040886569921e-01
3.397749999999999773e+02,8.578658789363613479e-01
3.405699999999999932e+02,8.864673736178315666e-01
3.413639999999999759e+02,9.004451489337200742e-01
3.421580000000000155e+02,9.175273469288759420e-01
3.429519999999999982e+02,9.340949637228913582e-01
3.437459999999999809e+02,9.348098925009903359e-01
3.445400000000000205e+02,9.471021167850071087e-01
3.453340000000000032e+02,9.554227959597656472e-01
3.461270000000000095e+02,9.607928610875804409e-01
3.469209999999999923e+02,9.628774718718254855e-01
3.477149999999999750e+02,9.693542287552490144e-01
3.485079999999999814e+02,9.681528296432267977e-01
3.493020000000000209e+02,9.520514666081404398e-01
3.500950000000000273e+02,9.608296529730576685e-01
3.508890000000000100e+02,9.655149608019155671e-01
3.516820000000000164e+02,9.729744005521644423e-01
3.524750000000000227e+02,9.646487118298565644e-01
3.532679999999999723e+02,9.599393777004456840e-01
3.540609999999999786e+02,9.537660795816956805e-01
3.548539999999999850e+02,9.522278666279896386e-01
3.556469999999999914e+02,9.569463286696932025e-01
3.564399999999999977e+02,9.669913534444034564e-01
3.572330000000000041e+02,9.725344619165405824e-01
3.580249999999999773e+02,9.685084100956404818e-01
3.588179999999999836e+02,9.815611918999062047e-01
3.596109999999999900e+02,1.004506763081836063e+00
3.604030000000000200e+02,1.024193266575557093e+00
3.611949999999999932e+02,1.069466495037637355e+00
3.619879999999999995e+02,1.086702432561515108e+00
3.627799999999999727e+02,1.109084945523703070e+00
3.635720000000000027e+02,1.106818180394311124e+00
3.643639999999999759e+02,1.090601509798040603e+00
3.651560000000000059e+02,1.086064007365844075e+00
3.659479999999999791e+02,1.072110432703778038e+00
3.667400000000000091e+02,1.055520106518205159e+00
3.675319999999999823e+02,1.028308739672974426e+00
3.683240000000000123e+02,1.003991294640153464e+00
3.691159999999999854e+02,9.671383680544652917e-01
3.699069999999999823e+02,9.366198101341263182e-01
3.706990000000000123e+02,9.058415923185104690e-01
3.714900000000000091e+02,8.726973927334805703e-01
3.722819999999999823e+02,8.426371651648288941e-01
3.730729999999999791e+02,8.156131732873169726e-01
3.738639999999999759e+02,7.864256866109634592e-01
3.746549999999999727e+02,7.624014122513794733e-01
3.754460000000000264e+02,7.374705531053934449e-01
3.762370000000000232e+02,7.132070196029547393e-01
3.770280000000000200e+02,6.918825759080023952e-01
3.778190000000000168e+02,6.684133194542213330e-01
3.786100000000000136e+02,6.451170277408441178e-01
3.794010000000000105e+02,6.278355991094755062e-01
3.801920000000000073e+02,5.986041955317427110e-01
3.809820000000000277e+02,5.705086284781557548e-01
3.817730000000000246e+02,5.516147795451847857e-01
3.825629999999999882e+02,5.200997105775816420e-01
3.833539999999999850e+02,4.904457224379804026e-01
3.841440000000000055e+02,4.556533275625665458e-01
3.849340000000000259e+02,4.217104800047098978e-01
3.857239999999999895e+02,3.890887895368472238e-01
3.865140000000000100e+02,3.504744662084424145e-01
3.873039999999999736e+02,3.154933267812782827e-01
3.880939999999999941e+02,2.766983286077783211e-01
3.888840000000000146e+02,2.435109598989186608e-01
3.896739999999999782e+02,2.096172045110370197e-01
3.904639999999999986e+02,1.786727772418921223e-01
3.912529999999999859e+02,1.490518410512715608e-01
3.920430000000000064e+02,1.264972189121928992e-01
3.928319999999999936e+02,1.077819587470483231e-01
3.936220000000000141e+02,9.234538380035377247e-02
3.944110000000000014e+02,7.744509688046788409e-02
3.952010000000000218e+02,6.324716643736560950e-02
3.959900000000000091e+02,5.510977540612219117e-02
3.967789999999999964e+02,4.572851152863670332e-02
3.975679999999999836e+02,3.871998258153057371e-02
3.983570000000000277e+02,3.179234951380091601e-02
3.991460000000000150e+02,2.766262273150102424e-02
3.999350000000000023e+02,2.124628973752428970e-02
4.007239999999999895e+02,1.986673930951174394e-02
4.015120000000000005e+02,1.441499836008369728e-02
4.023009999999999877e+02,1.344267037608290992e-02
4.030899999999999750e+02,1.359834957483700528e-02
4.038779999999999859e+02,1.149827925589237687e-02
4.046669999999999732e+02,1.032764981234073412e-02
4.054549999999999841e+02,8.965633209706475037e-03
4.062429999999999950e+02,6.768868153899709750e-03
4.070310000000000059e+02,9.266104843777312611e-03
4.078199999999999932e+02,5.881958548830387018e-03
4.086080000000000041e+02,5.318827032638927949e-03
4.093960000000000150e+02,6.313781793758195537e-03
4.101840000000000259e+02,3.100954463994120419e-03
4.109710000000000036e+02,4.055118050692019943e-03
4.117590000000000146e+02,3.104550588013101076e-03
4.125470000000000255e+02,4.732342461686737944e-03
4.133340000000000032e+02,2.142419218235283584e-03
4.141220000000000141e+02,3.954956921539874715e-03
4.149100000000000250e+02,2.794551962448800497e-03
4.156970000000000027e+02,2.871757389259533416e-03
4.164839999999999804e+02,3.349377929943282706e-03
4.172719999999999914e+02,3.253083518691354120e-03
4.180590000000000259e+02,3.664897327660433801e-04
4.188460000000000036e+02,2.938869829456541849e-03
4.196329999999999814e+02,2.061938222374371660e-03
4.204200000000000159e+02,1.406671003823040805e-03
4.212069999999999936e+02,1.936663149067603673e-03
4.219940000000000282e+02,2.417713724794458979e-03
4.227799999999999727e+02,-1.172559651390521485e-04
4.235670000000000073e+02,9.630624682911426149e-04
4.243539999999999850e+02,7.067989226442160378e-04
4.251399999999999864e+02,1.735353644427024139e-03
4.259270000000000209e+02,1.334227431154244581e-03
4.267130000000000223e+02,2.065469588618033120e-03
4.274990000000000236e+02,1.037748013658138652e-03
4.282860000000000014e+02,4.355734250416562481e-04
4.290720000000000027e+02,1.470300823155242659e-03
4.298580000000000041e+02,7.571869796708721734e-04
4.306440000000000055e+02,2.760055718997633106e-03
4.314300000000000068e+02,1.330859635266846280e-03
4.322160000000000082e+02,5.794146590517128270e-04
4.330020000000000095e+02,1.501036446809395769e-03
4.337869999999999777e+02,4.994271904145194257e-03
4.345729999999999791e+02,7.023693766560572954e-03
4.353589999999999804e+02,9.220547381537630427e-03
4.361440000000000055e+02,9.708338108256751170e-03
4.369300000000000068e+02,7.139679622450285229e-03
4.377149999999999750e+02,5.948308175838860207e-03
4.385000000000000000e+02,4.756990842649359147e-03
4.392860000000000014e+02,4.559010433933887579e-03
4.400710000000000264e+02,3.589715328514046094e-03
4.408559999999999945e+02,2.508287644029227187e-03
4.416410000000000196e+02,2.207572758026323662e-03
4.424259999999999877e+02,1.107619402872385417e-03
4.432110000000000127e+02,1.990474675337031846e-03
4.439959999999999809e+02,1.161824776375827012e-03
4.447799999999999727e+02,7.803399496429663795e-05
4.455649999999999977e+02,1.252750437572693748e-03
4.463500000000000227e+02,6.888050742399932924e-04
4.471340000000000146e+02,1.340810517674775881e-03
4.479189999999999827e+02,9.680447584735803190e-04
4.487029999999999745e+02,-8.199588353682736586e-04
4.494870000000000232e+02,7.542207887483963480e-04
4.502710000000000150e+02,6.337057484347256853e-04
4.510559999999999832e+02,2.895813840326395827e-04
4.518399999999999750e+02,4.106519461484700595e-04
4.526240000000000236e+02,-3.509550122263692395e-04
4.534080000000000155e+02,1.851713143046739007e-04
4.541909999999999741e+02,9.480720840222139900e-04
4.549750000000000227e+02,9.442443693244498282e-04
4.557590000000000146e+02,1.150578312856843921e-04
4.565430000000000064e+02,7.340290799373802577e-04
4.573260000000000218e+02,-3.219169317847762890e-04
4.581100000000000136e+02,-3.410340546794871086e-04
4.588929999999999723e+02,7.514230720553072285e-04
4.596759999999999877e+02,-6.225470874640127994e-04
4.604599999999999795e+02,-3.184897419112042716e-04
4.612429999999999950e+02,1.098201045135957510e-04
4.620260000000000105e+02,-2.261807480230328821e-03
4.628090000000000259e+02,-4.998902405925625958e-04
4.635919999999999845e+02,3.468787875934055409e-03
4.643750000000000000e+02,-1.637072254698258844e-04
4.651580000000000155e+02,-1.264762844395427716e-03
4.659409999999999741e+02,-4.818601622406867846e-04
4.667230000000000132e+02,2.980108622698852960e-04
4.675059999999999718e+02,-1.977752435759448646e-04
4.682880000000000109e+02,-2.056348168933769260e-03
4.690710000000000264e+02,1.580788567320107196e-05
4.698530000000000086e+02,-1.485747394289416157e-03
4.706360000000000241e+02,-1.106425132776634596e-03
4.714180000000000064e+02,-7.059772792690349741e-04
4.721999999999999886e+02,1.373925881303191682e-03
4.729820000000000277e+02,7.157464316904782464e-04
4.737640000000000100e+02,-7.107826064438431402e-04
4.745459999999999923e+02,3.383758518837112761e-04
4.753279999999999745e+02,-3.093446003675157097e-04
4.761100000000000136e+02,-1.197283258492880254e-04
4.768919999999999959e+02,1.792777723461261991e-03
4.776730000000000018e+02,-8.772496317571362723e-05
4.784549999999999841e+02,9.960529942290470562e-04
4.792359999999999900e+02,-2.223248843417416354e-04
4.800179999999999723e+02,-1.117935921336778160e-04
4.807989999999999782e+02,-2.080653875606963688e-03
4.815810000000000173e+02,-1.373003141445922060e-04
4.823620000000000232e+02,-8.191120239020577287e-04
4.831429999999999723e+02,-1.022481516741242241e-03
4.839239999999999782e+02,1.064227692950878157e-04
4.847049999999999841e+02,4.404242425456415810e-04
4.854859999999999900e+02,1.142253034679879820e-03
4.862669999999999959e+02,1.466854002552826081e-03
4.870480000000000018e+02,2.369004864131822596e-04
4.878279999999999745e+02,2.157632446792671910e-04
4.886089999999999804e+02,-9.613546059433070168e-05
4.893899999999999864e+02,-7.251221934652871126e-04
4.901700000000000159e+02,-1.297063623879723265e-03
4.909510000000000218e+02,9.127086055217281668e-04
4.917309999999999945e+02,1.146063179100417773e-03
4.925110000000000241e+02,-7.888279585065161026e-04
4.932919999999999732e+02,-9.426783138805142070e-04
4.940720000000000027e+02,-1.509896905078588619e-03
4.948519999999999754e+02,2.668144376255857098e-05
4.956320000000000050e+02,-1.619561557430128362e-03
4.964119999999999777e+02,-1.141134180447173074e-03
4.971920000000000073e+02,1.140539913340794798e-03
4.979710000000000036e+02,-6.234841174245116246e-04
4.987509999999999764e+02,1.730591395264081955e-03
4.995310000000000059e+02,1.103325970707367404e-03
5.003100000000000023e+02,-7.270520925762545550e-04
5.010899999999999750e+02,-1.562158564673881561e-03
5.018690000000000282e+02,1.715190395263459233e-04
5.026480000000000246e+02,1.879125344402682307e-04
5.034279999999999973e+02,-5.559315911204121274e-04
5.042069999999999936e+02,1.128823919911307871e-03
5.049859999999999900e+02,1.251248740762656020e-03
5.057649999999999864e+02,1.441817026506590077e-03
5.065439999999999827e+02,-1.021210209105501837e-03
5.073229999999999791e+02,-1.432824157172118279e-03
5.081019999999999754e+02,-1.291139743370906673e-03
5.088809999999999718e+02,-3.368921324493033553e-04
5.096589999999999918e+02,-1.099207755348746707e-03
5.104379999999999882e+02,-7.217786583874480355e-04
5.112160000000000082e+02,-4.156343185325352130e-04
5.119950000000000045e+02,-1.156419071699589518e-03
5.127730000000000246e+02,-1.530881455428151350e-03
5.135520000000000209e+02,-3.081081956951333550e-03
5.143300000000000409e+02,-1.023671760912118339e-03
5.151079999999999472e+02,1.070879310592760120e-03
5.158859999999999673e+02,-2.165236097315875047e-03
5.166639999999999873e+02,-1.271487041681527985e-03
5.174420000000000073e+02,-8.497930378438857402e-04
5.182200000000000273e+02,2.451219896680047194e-04
5.189980000000000473e+02,7.436698201370717243e-04
5.197749999999999773e+02,1.075430063931896718e-04
5.205529999999999973e+02,-1.728320021954183466e-03
5.213310000000000173e+02,6.840450558920074808e-04
5.221079999999999472e+02,-2.467640862688601222e-04
5.228859999999999673e+02,3.295806916305717149e-04
5.236630000000000109e+02,-1.266346608063833451e-03
5.244400000000000546e+02,1.592428221925009518e-03
5.252179999999999609e+02,-2.299502527105600630e-03
5.259950000000000045e+02,2.509864929304828074e-04
5.267720000000000482e+02,-2.472903986617536187e-04
5.275489999999999782e+02,-1.037422825964213341e-03
5.283260000000000218e+02,-9.825517051512654143e-04
5.291029999999999518e+02,1.986871253080627064e-03
5.298790000000000191e+02,-1.465409412399761024e-03
5.306559999999999491e+02,-2.031883250992561757e-03
5.314329999999999927e+02,-1.112485968440535961e-03
5.322089999999999463e+02,-4.884343796967838269e-04
5.329859999999999900e+02,2.621231462547911339e-03
5.337619999999999436e+02,-3.009295979449141956e-04
5.345389999999999873e+02,3.904157881218506265e-04
5.353150000000000546e+02,8.079455869435120396e-04
5.360910000000000082e+02,-1.535218596091229848e-03
5.368669999999999618e+02,4.200325999654773435e-04
5.376430000000000291e+02,-1.317766097853809854e-03
5.384189999999999827e+02,3.031665037081521241e-05
5.391950000000000500e+02,-8.321340982404903941e-04
5.399710000000000036e+02,-2.838936978191361482e-04
