# 03/29/17,100 um fiber,No slit,Integration time: 72.0 ms,Dark correction on,Nonlinearity correction on
# wavelength,intensity
1.907908162221780231e+02,1.141416260398616656e+00
1.915984207987377772e+02,1.268241020519031148e-01
1.924059541587151330e+02,-1.902363724033246051e+00
1.932134162975970355e+02,1.141416260398616656e+00
1.940208072108704584e+02,3.665140352869502749e+01
1.948281268940222617e+02,4.273868549882305246e+01
1.956353753425393904e+02,3.868050222325751974e+01
1.964425525519088183e+02,3.665140352869502749e+01
1.972496585176174051e+02,3.868050222325751974e+01
1.980566932351522098e+02,3.969504980658535942e+01
1.988636567000000070e+02,4.375322837645071417e+01
1.996705489076478273e+02,3.969504980658535942e+01
2.004773698535825872e+02,4.070959621372952597e+01
2.012841195332911752e+02,4.070959621372952597e+01
2.020907979422606502e+02,4.273868549882305246e+01
2.028974050759777583e+02,4.172414144452905305e+01
2.037039409299295301e+02,4.172414144452905305e+01
2.045104054996029674e+02,4.172414144452905305e+01
2.053167987804848735e+02,4.070959621372952597e+01
2.061231207680622219e+02,4.273868549882305246e+01
2.069293714578220147e+02,4.070959621372952597e+01
2.077355508452510833e+02,4.476777007725126367e+01
2.085416589258364297e+02,4.070959621372952597e+01
2.093476956950649424e+02,4.375322837645071417e+01
2.101536611484235664e+02,4.070959621372952597e+01
2.109595552813992754e+02,4.578231060106401884e+01
2.117653780894789293e+02,3.868050222325751974e+01
2.125711295681494732e+02,4.476777007725126367e+01
2.133768097128979093e+02,4.476777007725126367e+01
2.141824185192110974e+02,4.476777007725126367e+01
2.149879559825760111e+02,4.070959621372952597e+01
2.157934220984795672e+02,4.273868549882305246e+01
2.165988168624086541e+02,4.273868549882305246e+01
2.174041402698502736e+02,4.172414144452905305e+01
2.182093923162913143e+02,4.476777007725126367e+01
2.190145729972187212e+02,4.375322837645071417e+01
2.198196823081194964e+02,4.476777007725126367e+01
2.206247202444804145e+02,4.781138811708378000e+01
2.214296868017885629e+02,4.476777007725126367e+01
2.222345819755307730e+02,4.984046092322589772e+01
2.230394057611939900e+02,4.375322837645071417e+01
2.238441581542652159e+02,4.578231060106401884e+01
2.246488391502313107e+02,4.273868549882305246e+01
2.254534487445792479e+02,4.781138811708378000e+01
2.262579869327959159e+02,4.070959621372952597e+01
2.270624537103682599e+02,4.578231060106401884e+01
2.278668490727832534e+02,4.476777007725126367e+01
2.286711730155277849e+02,4.984046092322589772e+01
2.294754255340887710e+02,4.679684994772837570e+01
2.302796066239532138e+02,4.781138811708378000e+01
2.310837162806080016e+02,4.882592510896975568e+01
2.318877544995400797e+02,4.476777007725126367e+01
2.326917212762363363e+02,5.288406129861230198e+01
2.334956166061837735e+02,4.578231060106401884e+01
2.342994404848692795e+02,4.578231060106401884e+01
2.351031929077797713e+02,4.578231060106401884e+01
2.359068738704021939e+02,4.679684994772837570e+01
2.367104833682235210e+02,4.375322837645071417e+01
2.375140213967306408e+02,4.578231060106401884e+01
2.383174879514104987e+02,4.679684994772837570e+01
2.391208830277500113e+02,4.882592510896975568e+01
2.399242066212361237e+02,4.882592510896975568e+01
2.407274587273557813e+02,4.984046092322589772e+01
2.415306393415959008e+02,4.882592510896975568e+01
2.423337484594434272e+02,4.984046092322589772e+01
2.431367860763852491e+02,5.288406129861230198e+01
2.439397521879083683e+02,4.781138811708378000e+01
2.447426467894996449e+02,4.984046092322589772e+01
2.455454698766460524e+02,4.781138811708378000e+01
2.463482214448345360e+02,5.389859240074642344e+01
2.471509014895520124e+02,5.491312232444971642e+01
2.479535100062853985e+02,5.491312232444971642e+01
2.487560469905216110e+02,5.592765106956218091e+01
2.495585124377476518e+02,4.781138811708378000e+01
2.503609063434503810e+02,5.491312232444971642e+01
2.511632287031167721e+02,5.186952901820740891e+01
2.519654795122337134e+02,5.694217863592390927e+01
2.527676587662881786e+02,5.592765106956218091e+01
2.535697664607671129e+02,5.592765106956218091e+01
2.543718025911574045e+02,5.795670502337504360e+01
2.551737671529460272e+02,5.186952901820740891e+01
2.559756601416198691e+02,5.897123023175578993e+01
2.567774815526658472e+02,5.288406129861230198e+01
2.575792313815709917e+02,6.201479878087897646e+01
2.583809096238221059e+02,5.795670502337504360e+01
2.591825162749062770e+02,5.897123023175578993e+01
2.599840513303103080e+02,5.795670502337504360e+01
2.607855147855211158e+02,5.897123023175578993e+01
2.615869066360257875e+02,5.694217863592390927e+01
2.623882268773110695e+02,5.998575426090644669e+01
2.631894755048640491e+02,5.795670502337504360e+01
2.639906525141715292e+02,5.897123023175578993e+01
2.647917579007204836e+02,5.998575426090644669e+01
2.655927916599978857e+02,5.795670502337504360e+01
2.663937537874906525e+02,5.998575426090644669e+01
2.671946442786857006e+02,6.100027711066736913e+01
2.679954631290700036e+02,6.302931927138175183e+01
2.687962103341304783e+02,6.100027711066736913e+01
2.695968858893539846e+02,6.302931927138175183e+01
2.703974897902274961e+02,6.100027711066736913e+01
2.711980220322380433e+02,6.607287366304312570e+01
2.719984826108723723e+02,6.607287366304312570e+01
2.727988715216175706e+02,6.505835671262316566e+01
2.735991887599604979e+02,6.708738943311692537e+01
2.743994343213880143e+02,6.607287366304312570e+01
2.751996082013872638e+02,6.302931927138175183e+01
2.759997103954450495e+02,6.505835671262316566e+01
2.767997408990482313e+02,6.708738943311692537e+01
2.775996997076838397e+02,6.708738943311692537e+01
2.783995868168387915e+02,6.505835671262316566e+01
2.791994022220000033e+02,7.013092965967013015e+01
2.799991459186544489e+02,6.810190402268541732e+01
2.807988179022890449e+02,7.114544070676839738e+01
2.815984181683906513e+02,6.708738943311692537e+01
2.823979467124461848e+02,7.215995057272536428e+01
2.831974035299427896e+02,7.114544070676839738e+01
2.839967886163670983e+02,7.520347308216086901e+01
2.847961019672063685e+02,7.013092965967013015e+01
2.855953435779472898e+02,7.317445925738226720e+01
2.863945134440768356e+02,7.824698495561167988e+01
2.871936115610819797e+02,7.520347308216086901e+01
2.879926379244497525e+02,7.824698495561167988e+01
2.887915925296668433e+02,7.621797822196528216e+01
2.895904753722203395e+02,7.824698495561167988e+01
2.903892864475972146e+02,7.723248217983504560e+01
2.911880257512842718e+02,7.824698495561167988e+01
2.919866932787684846e+02,7.926148654913677660e+01
2.927852890255368834e+02,8.230498423461986590e+01
2.935838129870763282e+02,8.331948109755619214e+01
2.943822651588737358e+02,8.230498423461986590e+01
2.951806455364160229e+02,8.839194766344141385e+01
2.959789541151902199e+02,8.433397677744999044e+01
2.967771908906830731e+02,9.042092600407764280e+01
2.975753558583816698e+02,8.737745671729683750e+01
2.983734490137729267e+02,9.042092600407764280e+01
2.991714703523437606e+02,9.244989960812601737e+01
2.999694198695810883e+02,8.940643742575423403e+01
3.007672975609717696e+02,9.143541339825407022e+01
3.015651034220029487e+02,9.853679198815171958e+01
3.023628374481613719e+02,9.650783260142117115e+01
3.031604996349340126e+02,9.955126990348783522e+01
3.039580899778078447e+02,1.005657466332618810e+02
3.047556084722697278e+02,1.056381124932124749e+02
3.055530551138066357e+02,1.066525821063218871e+02
3.063504298979054852e+02,1.086815177724077728e+02
3.071477328200533066e+02,1.076670505327724499e+02
3.079449638757367893e+02,1.096959838250715222e+02
3.087421230604431912e+02,1.096959838250715222e+02
3.095392103696592585e+02,1.127393748596708178e+02
3.103362257988718511e+02,1.218694838164385033e+02
3.111331693435679995e+02,1.249128320723359167e+02
3.119300409992346772e+02,1.259272791122480015e+02
3.127268407613587442e+02,1.330283750736227262e+02
3.135235686254271741e+02,1.299850553741568149e+02
3.143202245869268836e+02,1.401294126905541759e+02
3.151168086413447895e+02,1.431726966527061506e+02
3.159133207841677518e+02,1.492592323822030380e+02
3.167097610108829144e+02,1.512880680816552683e+02
3.175061293169770238e+02,1.675185817137885067e+02
3.183024256979371103e+02,1.746193351929722439e+02
3.190986501492500338e+02,1.715761623093480921e+02
3.198948026664027111e+02,1.837487891901506032e+02
3.206908832448821727e+02,1.908494085303909173e+02
3.214868918801753352e+02,1.938925131166693063e+02
3.222828285677690019e+02,2.030217620667808944e+02
3.230786933031503168e+02,2.111365683433565152e+02
3.238744860818059692e+02,2.202656334162760743e+02
3.246702068992230465e+02,2.344662074633788791e+02
3.254658557508884087e+02,2.446093299639665588e+02
3.262614326322891429e+02,2.598237872990600863e+02
3.270569375389120523e+02,2.770665099333205603e+02
3.278523704662439968e+02,2.902518850606201113e+02
3.286477314097720637e+02,3.115509037029175943e+02
3.294430203649830560e+02,3.369061784635308072e+02
3.302382373273640042e+02,3.612465246501668048e+02
3.310333822924017682e+02,4.078968828867255070e+02
3.318284552555833216e+02,4.586008412314724865e+02
3.326234562123955811e+02,5.336370198511748413e+02
3.334183851583254636e+02,6.198187980972829791e+02
3.342132420888599995e+02,7.019365115912338524e+02
3.350080269994859918e+02,7.282935243141970432e+02
3.358027398856904142e+02,7.688410973061918412e+02
3.365973807429602971e+02,7.921550286525953197e+02
3.373919495667823867e+02,8.073594025077404694e+02
3.381864463526437703e+02,8.408080114009333101e+02
3.389808710960313078e+02,8.935120737912006916e+02
3.397752237924318592e+02,9.482395278375983025e+02
3.405695044373325686e+02,1.012083453597394168e+03
3.413637130262201254e+02,1.068829277151884753e+03
3.421578495545816736e+02,1.121518160451559424e+03
3.429519140179040164e+02,1.185348018466891062e+03
3.437459064116741274e+02,1.246133500424267140e+03
3.445398267313788665e+02,1.292732480615301029e+03
3.453336749725053210e+02,1.327173401907982679e+03
3.461274511305402939e+02,1.357561174295818091e+03
3.469211552009707589e+02,1.364651482164444133e+03
3.477147871792836895e+02,1.355535360062406198e+03
3.485083470609658889e+02,1.352496628727040843e+03
3.493018348415043874e+02,1.359586983203003001e+03
3.500952505163861019e+02,1.355535360062406198e+03
3.508885940810980060e+02,1.367690165556442025e+03
3.516818655311269026e+02,1.370728836957112208e+03
3.524750648619599929e+02,1.399089191385019603e+03
3.532681920690838524e+02,1.428461312336252149e+03
3.540612471479857390e+02,1.444666139200580801e+03
3.548542300941522853e+02,1.490240376823060387e+03
3.556471409030706354e+02,1.511507424938754411e+03
3.564399795702276492e+02,1.556065032540168886e+03
3.572327460911102435e+02,1.599607448605750960e+03
3.580254404612053918e+02,1.656310109150130984e+03
3.588180626760000109e+02,1.740343742327690506e+03
3.596106127309809608e+02,1.879029368268962571e+03
3.604030906216353856e+02,2.112813394703007816e+03
3.611954963434500314e+02,2.503301125366584074e+03
3.619878298919118151e+02,3.013859008306499163e+03
3.627800912625078240e+02,3.561426574792224983e+03
3.635722804507248043e+02,3.864331229828818778e+03
3.643643974520497864e+02,4.107573541659640796e+03
3.651564422619696870e+02,4.303319815325906347e+03
3.659484148759714230e+02,4.481867541663504198e+03
3.667403152895419680e+02,4.709780894702471414e+03
3.675321434981682955e+02,4.872101178552686179e+03
3.683238994973372087e+02,4.834800897655807603e+03
3.691155832825357379e+02,4.695664409150427673e+03
3.699071948492508000e+02,4.476824415113442228e+03
3.706987341929692548e+02,4.232695744690583524e+03
3.714902013091781896e+02,4.025828937182328900e+03
3.722815961933643507e+02,3.788616871986421302e+03
3.730729188410147117e+02,3.587683298855450630e+03
3.738641692476163598e+02,3.384673969486754231e+03
3.746553474086559845e+02,3.224044361149016368e+03
3.754464533196207299e+02,3.096727786514368745e+03
3.762374869759974558e+02,2.978485317975608723e+03
3.770284483732730223e+02,2.853147574501208055e+03
3.778193375069345166e+02,2.793503508647303988e+03
3.786101543724687417e+02,2.732843532177452744e+03
3.794008989653627282e+02,2.715655623757869762e+03
3.801915712811032790e+02,2.719699873843439491e+03
3.809821713151773679e+02,2.761152147690910624e+03
3.817726990630719683e+02,2.806645839870613145e+03
3.825631545202739972e+02,2.870332248602055643e+03
3.833535376822703711e+02,2.977474615881206773e+03
3.841438485445480637e+02,3.128053771014689119e+03
3.849340871025939919e+02,3.246271955608379358e+03
3.857242533518951291e+02,3.371542062299401550e+03
3.865143472879382784e+02,3.519009865371716842e+03
3.873043689062104136e+02,3.648272124290266675e+03
3.880943182021986217e+02,3.768425048290293034e+03
3.888841951713895924e+02,3.864331229828818778e+03
3.896739998092704127e+02,3.976374058963125208e+03
3.904637321113279995e+02,4.071243734512363517e+03
3.912533920730492696e+02,4.153992337060354657e+03
3.920429796899210828e+02,4.207471214032731041e+03
3.928324949574305265e+02,4.334594018457104539e+03
3.936219378710644037e+02,4.402182103926382297e+03
3.944113084263098017e+02,4.507082656787000815e+03
3.952006066186534099e+02,4.603900690622650473e+03
3.959898324435823724e+02,4.700706042011033787e+03
3.967789858965834355e+02,4.853955329546613029e+03
3.975680669731436865e+02,5.011204678155659167e+03
3.983570756687500420e+02,5.237948424210574558e+03
3.991460119788893053e+02,5.488798657190197446e+03
3.999348758990485635e+02,5.859381907598988619e+03
4.007236674247147334e+02,6.465226024641923686e+03
4.015123865513746182e+02,7.498733259609500237e+03
4.023010332745152482e+02,9.502908043204504793e+03
4.030896075896235402e+02,1.254223988694278887e+04
4.038781094921864110e+02,1.601756911484924967e+04
4.046665389776909478e+02,1.922080665656193014e+04
4.054548960416237833e+02,2.112537495949846561e+04
4.062431806794720046e+02,2.168801691218116321e+04
4.070313928867226423e+02,2.109848604125390193e+04
4.078195326588623857e+02,1.995704704499788932e+04
4.086075999913784358e+02,1.889497571507090834e+04
4.093955948797575388e+02,1.808173803235040759e+04
4.101835173194867252e+02,1.770593317312861109e+04
4.109713673060529686e+02,1.753246624109019103e+04
4.117591448349429584e+02,1.757732952970150291e+04
4.125468499016439523e+02,1.745171027220610267e+04
4.133344825016426398e+02,1.715358778097049071e+04
4.141220426304259945e+02,1.676966164432538790e+04
4.149095302834811037e+02,1.649439084667000134e+04
4.156969454562946567e+02,1.633778991941539789e+04
4.164842881443537976e+02,1.636272715064825934e+04
4.172715583431453297e+02,1.646845773409942194e+04
4.180587560481562264e+02,1.663302794897222702e+04
4.188458812548734613e+02,1.698107830413902047e+04
4.196329339587839513e+02,1.742578804034767745e+04
4.204199141553744994e+02,1.787739460816111750e+04
4.212068218401323065e+02,1.841862187455326421e+04
4.219936570085440621e+02,1.898963955974696364e+04
4.227804196560967398e+02,1.955059000346149696e+04
4.235671097782773131e+02,2.018516129758847092e+04
4.243537273705726989e+02,2.070210515113109795e+04
4.251402724284698706e+02,2.131359316856350415e+04
4.259267449474557452e+02,2.193595872219454759e+04
4.267131449230172393e+02,2.274045583236276798e+04
4.274994723506412697e+02,2.373699866483520236e+04
4.282857272258148100e+02,2.504701428274386490e+04
4.290719095440247770e+02,2.655806334862940275e+04
4.298580193007580306e+02,2.793581600591554161e+04
4.306440564915016012e+02,2.894039385528107232e+04
4.314300211117423487e+02,2.965036943641163816e+04
4.322159131569672468e+02,3.064631003441328357e+04
4.330017326226632690e+02,3.284836009857471072e+04
4.337874795043172185e+02,3.671553192501425656e+04
4.345731537974161824e+02,4.091618228045119758e+04
4.353587554974470208e+02,4.626795532142130105e+04
4.361442845998966504e+02,5.172017477037758363e+04
4.369297411002519880e+02,5.531110111027345556e+04
4.377151249940000639e+02,5.673974445284691319e+04
4.385004362766276813e+02,5.535210464291738026e+04
4.392856749436218138e+02,5.160121104713755631e+04
4.400708409904694349e+02,4.689533729150361614e+04
4.408559344126574615e+02,4.228004069502312632e+04
4.416409552056727534e+02,3.847652690723876003e+04
4.424259033650023412e+02,3.537368157529157907e+04
4.432107788861331414e+02,3.304473579402016912e+04
4.439955817645520710e+02,3.124598994858804144e+04
4.447803119957460467e+02,3.003776258944546862e+04
4.455649695752019852e+02,2.906186972740228157e+04
4.463495544984069170e+02,2.831612505345227692e+04
4.471340667608476451e+02,2.735841481180084156e+04
4.479185063580111432e+02,2.644259284732996821e+04
4.487028732853843849e+02,2.559051232300227275e+04
4.494871675384542300e+02,2.471852324345229135e+04
4.502713891127077090e+02,2.385645760416701523e+04
4.510555380036316819e+02,2.297939756190932167e+04
4.518396142067130654e+02,2.224064389289842802e+04
4.526236177174388899e+02,2.166710565059894725e+04
4.534075485312960723e+02,2.118612343678049001e+04
4.541914066437714155e+02,2.100088793005638581e+04
4.549751920503519500e+02,2.103076512039684894e+04
4.557589047465245358e+02,2.098893699973095863e+04
4.565425447277761464e+02,2.093416150330927121e+04
4.573261119895937554e+02,2.078078656979568041e+04
4.581096065274642797e+02,2.037939646102409461e+04
4.588930283368745791e+02,1.991620416635380025e+04
4.596763774133116840e+02,1.931147542678169339e+04
4.604596537522625113e+02,1.877539615565358690e+04
4.612428573492140913e+02,1.830101618827836137e+04
4.620259881996530567e+02,1.805283186627323448e+04
4.628090462990665515e+02,1.784051142282709770e+04
4.635920316429414356e+02,1.781858063200696415e+04
4.643749442267647396e+02,1.781858063200696415e+04
4.651577840460232665e+02,1.799601538928910304e+04
4.659405510962040466e+02,1.817742520489510935e+04
4.667232453727939401e+02,1.842559832919220207e+04
4.675058668712799772e+02,1.884016900059821273e+04
4.682884155871489611e+02,1.919290806584910024e+04
4.690708915158879790e+02,1.950675359585833212e+04
4.698532946529838910e+02,1.990624242005979249e+04
4.706356249939236136e+02,2.027580556152087593e+04
4.714178825341940069e+02,2.068118959683475623e+04
4.722000672692821013e+02,2.108255179510008384e+04
4.729821791946747567e+02,2.123591669754562099e+04
4.737642183058590035e+02,2.125483800263507146e+04
4.745461845983217017e+02,2.105367083589996037e+04
4.753280780675498249e+02,2.073397627710017696e+04
4.761098987090302899e+02,2.041027400030359786e+04
4.768916465182499564e+02,2.025787609313291250e+04
4.776733214906958551e+02,2.003076232486503432e+04
4.784549236218550732e+02,2.002478546433207521e+04
4.792364529072141863e+02,2.001183556723703077e+04
4.800179093422602250e+02,2.026982908111586949e+04
4.807992929224802765e+02,2.068716547986611477e+04
4.815806036433611439e+02,2.118711930703095641e+04
4.823618415003898576e+02,2.180750830678995771e+04
4.831430064890532776e+02,2.257020522080849332e+04
4.839240986048383206e+02,2.336268554690177552e+04
4.847051178432319603e+02,2.405953516480969483e+04
4.854860641997211133e+02,2.458712567137014412e+04
4.862669376697929238e+02,2.478024003180688669e+04
4.870477382489339107e+02,2.462893407374356684e+04
4.878284659326312180e+02,2.430541433581623278e+04
4.886091207163717627e+02,2.394804199628581046e+04
4.893897025956425182e+02,2.347816657900621794e+04
4.901702115659304582e+02,2.282010389384835071e+04
4.909506476227223288e+02,2.195288608254013525e+04
4.917310107615052175e+02,2.099989202038139047e+04
4.925113009777659840e+02,1.995306239375202131e+04
4.932915182669916021e+02,1.913013535419019172e+04
4.940716626246689884e+02,1.857508970477538242e+04
4.948517340462852303e+02,1.823324117290139839e+04
4.956317325273270171e+02,1.795215622641414302e+04
4.964116580632813225e+02,1.768798887179079611e+04
4.971915106496351200e+02,1.732608457340202949e+04
4.979712902818753264e+02,1.704290398801867195e+04
4.987509969554889722e+02,1.684545480491180933e+04
4.995306306659628603e+02,1.667890590320120464e+04
5.003101914087840214e+02,1.656420920516303886e+04
5.010896791794392584e+02,1.640362356938187077e+04
5.018690939734156586e+02,1.636472211634278574e+04
5.026484357862001957e+02,1.625000849524057230e+04
5.034277046132795590e+02,1.618217484537500786e+04
5.042069004501407790e+02,1.606445817143204295e+04
5.049860232922708860e+02,1.614626200547502776e+04
5.057650731351566833e+02,1.606246291467673291e+04
5.065440499742852012e+02,1.608341301226467476e+04
5.073229538051433565e+02,1.615224752262027141e+04
5.081017846232180091e+02,1.624103064034355884e+04
5.088805424239961326e+02,1.628691704537869737e+04
5.096592272029647575e+02,1.636771456133274114e+04
5.104378389556105731e+02,1.645249873879275401e+04
5.112163776774208941e+02,1.651034952879060438e+04
5.119948433638822394e+02,1.658315951199834672e+04
5.127732360104818099e+02,1.673076678341687148e+04
5.135515556127063519e+02,1.673375872005415658e+04
5.143298021660430095e+02,1.685841916749947268e+04
5.151079756659786426e+02,1.692523431593904024e+04
5.158860761079999975e+02,1.698805870664452596e+04
5.166641034875942751e+02,1.700401383254646498e+04
5.174420578002482216e+02,1.709475651043208927e+04
5.182199390414486970e+02,1.709675081508119547e+04
5.189977472066831297e+02,1.714860213746739828e+04
5.197754822914378110e+02,1.729218445617692123e+04
5.205531442912000557e+02,1.724532173830691318e+04
5.213307332014566100e+02,1.737394274961684641e+04
5.221082490176944475e+02,1.748859912954651008e+04
5.228856917354006555e+02,1.769197650526471625e+04
5.236630613500619802e+02,1.776574659883536515e+04
5.244403578571653952e+02,1.791726773606500137e+04
5.252175812521979879e+02,1.807775099342916292e+04
5.259947315306465043e+02,1.830500290241521725e+04
5.267718086879979182e+02,1.860100075799617844e+04
5.275488127197393169e+02,1.895177436906135335e+04
5.283257436213573328e+02,1.941907908801473968e+04
5.291026013883391670e+02,2.009650716681949780e+04
5.298793860161715656e+02,2.109051892492799379e+04
5.306560975003416161e+02,2.250449337048679081e+04
5.314327358363360645e+02,2.387835828074139135e+04
5.322093010196419982e+02,2.520130446347514589e+04
5.329857930457461634e+02,2.648141476077877087e+04
5.337622119101358749e+02,2.773073508148741166e+04
5.345385576082976513e+02,2.889857487888225660e+04
5.353148301357188075e+02,3.041821839580238156e+04
5.360910294878859759e+02,3.240781617141574679e+04
5.368671556602861301e+02,3.473307658579364943e+04
5.376432086484061301e+02,3.704917423343444534e+04
5.384191884477331769e+02,3.915676157886219880e+04
5.391950950537540166e+02,4.111563338398189808e+04
5.399709284619556229e+02,4.289841170229541603e+04
5.407466886678249693e+02,4.444919673364234040e+04
5.415223756668488022e+02,4.701441845936244499e+04
5.422979894545143225e+02,5.162662841592500627e+04
5.430735300263082763e+02,6.300095005799829232e+04
5.438489973777177511e+02,6.363825462790387246e+04
5.446243915042294930e+02,6.363825462790387246e+04
5.453997124013304756e+02,6.363825462790387246e+04
5.461749600645076725e+02,6.363825462790387246e+04
5.469501344892480574e+02,6.363825462790387246e+04
5.477252356710384902e+02,6.363825462790387246e+04
5.485002636053659444e+02,6.363825462790387246e+04
5.492752182877172800e+02,6.363825462790387246e+04
5.500500997135795842e+02,6.363825462790387246e+04
5.508249078784397170e+02,6.363825462790387246e+04
5.515996427777846520e+02,6.363825462790387246e+04
5.523743044071012491e+02,6.363825462790387246e+04
5.531488927618762546e+02,6.363825462790387246e+04
5.539234078375968693e+02,6.363825462790387246e+04
5.546978496297499532e+02,6.363825462790387246e+04
5.554722181338225937e+02,6.363825462790387246e+04
5.562465133453014232e+02,6.363825462790387246e+04
5.570207352596735291e+02,6.363825462790387246e+04
5.577948838724257712e+02,6.363825462790387246e+04
5.585689591790452369e+02,6.363825462790387246e+04
5.593429611750186723e+02,6.363825462790387246e+04
5.601168898558332785e+02,6.363825462790387246e+04
5.608907452169756880e+02,5.840751196518254437e+04
5.616645272539329881e+02,5.248748229299247032e+04
5.624382359621920386e+02,5.076411571682678186e+04
5.632118713372398133e+02,4.893360774353654415e+04
5.639854333745632857e+02,4.711938753678501234e+04
5.647589220696492021e+02,4.560784775493324560e+04
5.655323374179848770e+02,4.438079552643552597e+04
5.663056794150567157e+02,4.396849260460151709e+04
5.670789480563521465e+02,4.437073699140453391e+04
5.678521433373578020e+02,4.611975983830389305e+04
5.686252652535607695e+02,4.906620334862985328e+04
5.693983138004477951e+02,5.376015422632214177e+04
5.701712889735059662e+02,6.031739964633304771e+04
5.709441907682222563e+02,6.363825462790387246e+04
5.717170191800835255e+02,6.363825462790387246e+04
5.724897742045766336e+02,6.363825462790387246e+04
5.732624558371885541e+02,6.363825462790387246e+04
5.740350640734062608e+02,6.363825462790387246e+04
5.748075989087167272e+02,6.363825462790387246e+04
5.755800603386066996e+02,6.363825462790387246e+04
5.763524483585633789e+02,6.363825462790387246e+04
5.771247629640736250e+02,6.363825462790387246e+04
5.778970041506239568e+02,6.363825462790387246e+04
5.786691719137020300e+02,6.363825462790387246e+04
5.794412662487941361e+02,6.363825462790387246e+04
5.802132871513875898e+02,6.363825462790387246e+04
5.809852346169691373e+02,6.363825462790387246e+04
5.817571086410257521e+02,6.363825462790387246e+04
5.825289092190444080e+02,6.363825462790387246e+04
5.833006363465120785e+02,6.363825462790387246e+04
5.840722900189155098e+02,6.363825462790387246e+04
5.848438702317419029e+02,6.363825462790387246e+04
5.856153769804780040e+02,6.363825462790387246e+04
5.863868102606107868e+02,6.363825462790387246e+04
5.871581700676272249e+02,6.047503161414596980e+04
5.879294563970141780e+02,5.731559293533087475e+04
5.887006692442585063e+02,5.486649266843351506e+04
5.894718086048472969e+02,5.248442705005706375e+04
5.902428744742674098e+02,5.038863972057119827e+04
5.910138668480057049e+02,4.863612547319198347e+04
5.917847857215493832e+02,4.721225752008140262e+04
5.925556310903851909e+02,4.602904208465934789e+04
5.933264029500001016e+02,4.515466004684982181e+04
5.940971012958808615e+02,4.405495928153521527e+04
5.948677261235146716e+02,4.293054598499913118e+04
5.956382774283881645e+02,4.148155996215473715e+04
5.964087552059886548e+02,4.007568561449573463e+04
5.971791594518027750e+02,3.862354653010184848e+04
5.979494901613174989e+02,3.739088612111886323e+04
5.987197473300199135e+02,3.633003586722962791e+04
5.994899309533967653e+02,3.541360213706672221e+04
6.002600410269352551e+02,3.457545337833344820e+04
6.010300775461221292e+02,3.377156753815308184e+04
6.018000405064442475e+02,3.321620369180097623e+04
6.025699299033884699e+02,3.264402610857435502e+04
6.033397457324419975e+02,3.210087381357621416e+04
6.041094879890916900e+02,3.160863887681740016e+04
6.048791566688242938e+02,3.115931884485759656e+04
6.056487517671270098e+02,3.071304685605681516e+04
6.064182732794864705e+02,3.031961520639906666e+04
6.071877212013899907e+02,2.996904517238465269e+04
6.079570955283240892e+02,2.973601137669425225e+04
6.087263962557760806e+02,2.938349493688805524e+04
6.094956233792325975e+02,2.921919483109648354e+04
6.102647768941807271e+02,2.885874755545101652e+04
6.110338567961073295e+02,2.866658435473286954e+04
6.118028630804993782e+02,2.838083921651632772e+04
6.125717957428437330e+02,2.806324737812332751e+04
6.133406547786274814e+02,2.781933743060382039e+04
6.141094401833374832e+02,2.750873502820543581e+04
6.148781519524605983e+02,2.735443284687244886e+04
6.156467900814836867e+02,2.714936344551573711e+04
6.164153545658939493e+02,2.693732905068840773e+04
6.171838454011782460e+02,2.680493352229213269e+04
6.179522625828233231e+02,2.665462105753861033e+04
6.187206061063162679e+02,2.650331433034320798e+04
6.194888759671439402e+02,2.635698576768038765e+04
6.202570721607933137e+02,2.634105890017614365e+04
6.210251946827512484e+02,2.628232865465737268e+04
6.217932435285047177e+02,2.622061225011600254e+04
6.225612186935408090e+02,2.619672206089081737e+04
6.233291201733461548e+02,2.622558937504502319e+04
6.240969479634079562e+02,2.620468545540187552e+04
6.248647020592130730e+02,2.614595546367433781e+04
6.256323824562483651e+02,2.609618435733741717e+04
6.263999891500008061e+02,2.603944536980496559e+04
6.271675221359573698e+02,2.604740873205014941e+04
6.279349814096048021e+02,2.599066980522398080e+04
6.287023669664301906e+02,2.594189428673517614e+04
6.294696788019205087e+02,2.588615088625697172e+04
6.302369169115626164e+02,2.593194010444366359e+04
6.310040812908434873e+02,2.586027003737403720e+04
6.317711719352499813e+02,2.567213638469452417e+04
6.325381888402690720e+02,2.568009970878860622e+04
6.333051320013878467e+02,2.557558109302370940e+04
6.340720014140929379e+02,2.561241146037674116e+04
6.348387970738714330e+02,2.557359026235247438e+04
6.356055189762103055e+02,2.554173697095466196e+04
6.363721671165964153e+02,2.549793869120477393e+04
6.371387414905167361e+02,2.539043377893386059e+04
6.379052420934581278e+02,2.543721833410479667e+04
6.386716689209075639e+02,2.538844294637185158e+04
6.394380219683520181e+02,2.537052545155558983e+04
6.402043012312783503e+02,2.528790584440937528e+04
6.409705067051735341e+02,2.523514869614214695e+04
6.417366383855247705e+02,2.520628155780079032e+04
6.425026962678184645e+02,2.511768920558551326e+04
6.432686803475418174e+02,2.512764341065743793e+04
6.440345906201816888e+02,2.513759761354721559e+04
6.448004270812251661e+02,2.510972583992536238e+04
6.455661897261591093e+02,2.515153349401609012e+04
6.463318785504703783e+02,2.517741440422182859e+04
6.470974935496459466e+02,2.501615617833472061e+04
6.478630347191727878e+02,2.501117906232129826e+04
6.486285020545377620e+02,2.493851308780252293e+04
6.493938955512280700e+02,2.488575549797349959e+04
6.501592152047302307e+02,2.484693381614235841e+04
6.509244610105313313e+02,2.479218519938310055e+04
6.516896329641182319e+02,2.476929029004265249e+04
6.524547310609781334e+02,2.482602981174819797e+04
6.532197552965977820e+02,2.479218519938310055e+04
6.539847056664641514e+02,2.482204809484011275e+04
6.547495821660639876e+02,2.477526287703492926e+04
6.555143847908844918e+02,2.485489724230509819e+04
6.562791135364124102e+02,2.473644103646037183e+04
6.570437683981349437e+02,2.483697953028673146e+04
6.578083493715388386e+02,2.486584694966587631e+04
6.585728564521108410e+02,2.487679665289957848e+04
6.593372896353380384e+02,2.483399324384070860e+04
6.601016489167075179e+02,2.485788352654360642e+04
6.608659342917060258e+02,2.491959999984087335e+04
6.616301457558205357e+02,2.496140786369313719e+04
6.623942833045380212e+02,2.492955425806405765e+04
6.631583469333453422e+02,2.504203717083073207e+04
6.639223366377294724e+02,2.499823855747831840e+04
6.646862524131774990e+02,2.498430262390942517e+04
6.654500942551760545e+02,2.509678536762328076e+04
6.662138621592123400e+02,2.507389067615851673e+04
6.669775561207731016e+02,2.494349021435820032e+04
6.677411761353453130e+02,2.509379910422953981e+04
6.685047221984159478e+02,2.520727697661137790e+04
6.692681943054717522e+02,2.509678536762328076e+04
6.700315924520000408e+02,2.516049227216727377e+04
6.707949166334874462e+02,2.514954265420047159e+04
6.715581668454210558e+02,2.511171668147544915e+04
6.723213430832875019e+02,2.507488609779027684e+04
6.730844453425742131e+02,2.506393645849403038e+04
6.738474736187678218e+02,2.504104174837075698e+04
6.746104279073551879e+02,2.494050393851657645e+04
6.753733082038233988e+02,2.500719736901953002e+04
6.761361145036593143e+02,2.506791814585501197e+04
6.768988468023497944e+02,2.511669378495649653e+04
6.776615050953820401e+02,2.509678536762328076e+04
6.784240893782426838e+02,2.514058387399563435e+04
6.791865996464188129e+02,2.510474873565269809e+04
6.799490358953974010e+02,2.512963425140846448e+04
6.807113981206650806e+02,2.511271210221661386e+04
6.814736863177092800e+02,2.501018363903691352e+04
6.822359004820166319e+02,2.510873041911634209e+04
6.829980406090738825e+02,2.514755181430169250e+04
6.837601066943683463e+02,2.515949685245442379e+04
6.845220987333867697e+02,2.526799749165850517e+04
6.852840167216160125e+02,2.526998832720113933e+04
6.860458606545431621e+02,2.537351170091741369e+04
6.868076305276550784e+02,2.532971336705756767e+04
6.875693263364387349e+02,2.533170420090086918e+04
6.883309480763808779e+02,2.532871795011749782e+04
6.890924957429688220e+02,2.542527334300344955e+04
6.898539693316891999e+02,2.557657650835834283e+04
6.906153688380289850e+02,2.572190716539647838e+04
6.913766942574749237e+02,2.580253586630391146e+04
6.921379455855144442e+02,2.603844994962176497e+04
6.928991228176340655e+02,2.618875866824421610e+04
6.936602259493208749e+02,2.630024634394287204e+04
6.944212549760617321e+02,2.639680297820656779e+04
6.951822098933436109e+02,2.638684866987007263e+04
6.959430906966534849e+02,2.633508632725723146e+04
6.967038973814782139e+02,2.615192800079837252e+04
6.974646299433048853e+02,2.609817520038565635e+04
6.982252883776201315e+02,2.603247742897228090e+04
6.989858726799111537e+02,2.588515546882036142e+04
6.997463828456649253e+02,2.576869171356922016e+04
7.005068188703680789e+02,2.568806303315997502e+04
7.012671807495077019e+02,2.559648481498902402e+04
7.020274684785707677e+02,2.550092493777207346e+04
7.027876820530441364e+02,2.547404871715671834e+04
7.035478214684148952e+02,2.541133751863143698e+04
7.043078867201696767e+02,2.537251628447376061e+04
7.050678778037956818e+02,2.526998832720113933e+04
7.058277947147798841e+02,2.521723116373103403e+04
7.065876374486090299e+02,2.510773499828461354e+04
7.073474060007699791e+02,2.512963425140846448e+04
7.081071003667500463e+02,2.504303259326486659e+04
7.088667205420357504e+02,2.501117906232129826e+04
7.096262665221142925e+02,2.495742616468015694e+04
7.103857383024723049e+02,2.501217448557838361e+04
7.111451358785971024e+02,2.491263201720780489e+04
7.119044592459753176e+02,2.476929029004265249e+04
7.126637084000939240e+02,2.472350040949758477e+04
7.134228833364400089e+02,2.454233086219644247e+04
7.141819840505004322e+02,2.437210964245697323e+04
7.149410105377621676e+02,2.420686405533001744e+04
7.156999627937120749e+02,2.406252157631766750e+04
7.164588408138370141e+02,2.395700130349924802e+04
7.172176445936240725e+02,2.377283647393913634e+04
7.179763741285599963e+02,2.355283032885505963e+04
7.187350294141319864e+02,2.343635463813510069e+04
7.194936104458267891e+02,2.326810952537336561e+04
7.202521172191312644e+02,2.321733673416984675e+04
7.210105497295326131e+02,2.310882136457562592e+04
7.217689079725175816e+02,2.294654350411197811e+04
7.225271919435730297e+02,2.290373346963425502e+04
7.232854016381859310e+02,2.270262270687540877e+04
7.240435370518434866e+02,2.266478938708237547e+04
7.248015981800323289e+02,2.256224018095823340e+04
7.255595850182393178e+02,2.249155005382165837e+04
7.263174975619517681e+02,2.232129334733276119e+04
7.270753358066563123e+02,2.215999341393433861e+04
7.278330997478398103e+02,2.179854654141384162e+04
7.285907893809895768e+02,2.157151027610242454e+04
7.293484047015921306e+02,2.126180899128138481e+04
7.301059457051346726e+02,2.087838940936410654e+04
7.308634123871039492e+02,2.049493702013857182e+04
7.316208047429871613e+02,2.005466967220995866e+04
7.323781227682709414e+02,1.967312974069920892e+04
7.331353664584423768e+02,1.943800900362408356e+04
7.338925358089883275e+02,1.903647218665855689e+04
7.346496308153957671e+02,1.878635781158260943e+04
7.354066514731516691e+02,1.840068234105510419e+04
7.361635977777428934e+02,1.815250699481838456e+04
7.369204697246563001e+02,1.784848620989499977e+04
7.376772673093790900e+02,1.764512141540031735e+04
7.384339905273980094e+02,1.742578804034767745e+04
7.391906393741999182e+02,1.717153600990876657e+04
7.399472138452720174e+02,1.698307270702620008e+04
7.407037139361009395e+02,1.680755854612081384e+04
7.414601396421737718e+02,1.657617783932953171e+04
7.422164909589772606e+02,1.640162864053467638e+04
7.429727678819986068e+02,1.616820881591100624e+04
7.437289704067245566e+02,1.603851967950362450e+04
7.444850985286421974e+02,1.571825113110651546e+04
7.452411522432383890e+02,1.564042091323314162e+04
7.459971315459998777e+02,1.547177783780333448e+04
7.467530364324139782e+02,1.528315893572470668e+04
7.475088668979673230e+02,1.510150746670207263e+04
7.482646229381469993e+02,1.490486382018833683e+04
7.490203045484398672e+02,1.474713356474659304e+04
7.497759117243327864e+02,1.465827909689509579e+04
7.505314444613127307e+02,1.444760530437913803e+04
7.512869027548667873e+02,1.422292335752061808e+04
7.520422866004815887e+02,1.406313035961834066e+04
7.527975959936443360e+02,1.391730504716614087e+04
7.535528309298420027e+02,1.378645005000925448e+04
7.543079914045612213e+02,1.357865703521796968e+04
7.550630774132890792e+02,1.343478330200145137e+04
7.558180889515127774e+02,1.327190907719921051e+04
7.565730260147188346e+02,1.317897255199862229e+04
7.573278885983942246e+02,1.295510026706770259e+04
7.580826766980261482e+02,1.284714892854331447e+04
7.588373903091013517e+02,1.267820789387446166e+04
7.595920294271066950e+02,1.252324324590640754e+04
7.603465940475293792e+02,1.233826154073355428e+04
7.611010841658560366e+02,1.210424664338962430e+04
7.618554997775737547e+02,1.199322443478328205e+04
7.626098408781695071e+02,1.183917719838776611e+04
7.633641074631300398e+02,1.163608528217370622e+04
7.641182995279425541e+02,1.143295898445610328e+04
7.648724170680937959e+02,1.129285147225414403e+04
7.656264600790706254e+02,1.109567144900184940e+04
7.663804285563602434e+02,1.086541794399546598e+04
7.671343224954492825e+02,1.070621487767853614e+04
7.678881418918249437e+02,1.051193572379857869e+04
7.686418867409739732e+02,1.037571913413735092e+04
7.693955570383833447e+02,1.013329036964178886e+04
7.701491527795400316e+02,9.998026669650002077e+03
7.709026739599310076e+02,9.803616440266183417e+03
7.716561205750431327e+02,9.683343970788517254e+03
7.724094926203632667e+02,9.543007760780628814e+03
7.731627900913784970e+02,9.396635864225741898e+03
7.739160129835755697e+02,9.147953585507410025e+03
7.746691612924415722e+02,9.078752289421388923e+03
7.754222350134633643e+02,8.997509543493839374e+03
7.761752341421280335e+02,8.773804928867553826e+03
7.769281586739222121e+02,8.617279945812459118e+03
7.776810086043331012e+02,8.545028634104535740e+03
7.784337839288474470e+02,8.366382645214833246e+03
7.791864846429524505e+02,8.215810691254155245e+03
7.799391107421348579e+02,8.064209133727081280e+03
7.806916622218815291e+02,7.909568669804597448e+03
7.814441390776793241e+02,7.762936064141265888e+03
7.821965413050154439e+02,7.624315144691061505e+03
7.829488688993767482e+02,7.513804067985757683e+03
7.837011218562499835e+02,7.401268866087997594e+03
7.844533001711223505e+02,7.284698652029059303e+03
7.852054038394805957e+02,7.152029953960259263e+03
7.859574328568116925e+02,7.011297463866971157e+03
7.867093872186025010e+02,6.880595668433531500e+03
7.874612669203403357e+02,6.854452795071841138e+03
7.882130719575116018e+02,6.738810748578278435e+03
7.889648023256033866e+02,6.622146332254499612e+03
7.897164580201028912e+02,6.561796015585558962e+03
7.904680390364967479e+02,6.418948751602752964e+03
7.912195453702719306e+02,6.302237538489730468e+03
7.919709770169156400e+02,6.198591553781766379e+03
7.927223339719143951e+02,6.101977142329498747e+03
7.934736162307553968e+02,6.016423155114065594e+03
7.942248237889255051e+02,5.887571143591344480e+03
7.949759566419116936e+02,5.746614658663780574e+03
7.957270147852009359e+02,5.673105671894158149e+03
7.964779982142800918e+02,5.598582511831726151e+03
7.972289069246359077e+02,5.499878479850822259e+03
7.979797409117555844e+02,5.439441120797267104e+03
7.987305001711259820e+02,5.304446953814977860e+03
7.994811846982340739e+02,5.224849537320060335e+03
8.002317944885667202e+02,5.092840323489140246e+03
8.009823295376107808e+02,5.013220480356205371e+03
8.017327898408532292e+02,4.951736066202228358e+03
8.024831753937811527e+02,4.873109268303150202e+03
8.032334861918815250e+02,4.734988235822690513e+03
8.039837222306409785e+02,4.642220990165859803e+03
8.047338835055466006e+02,4.502039702764493086e+03
8.054839700120852513e+02,4.473798522614706599e+03
8.062339817457440176e+02,4.358805390321240338e+03
8.069839187020097597e+02,4.266999713836112278e+03
8.077337808763693374e+02,4.163073931027150138e+03
8.084835682643097243e+02,4.074271287366016168e+03
8.092332808613178941e+02,3.956187432037276267e+03
8.099829186628807065e+02,3.884520397622821292e+03
8.107324816644852490e+02,3.786597714791857470e+03
8.114819698616182677e+02,3.668467278913925384e+03
8.122313832497668500e+02,3.588693153940860611e+03
8.129807218244177420e+02,3.499820541656636578e+03
8.137299855810580311e+02,3.416997654232881359e+03
8.144791745151745772e+02,3.337195953519186332e+03
8.152282886222543539e+02,3.236168587751635641e+03
8.159773278977842210e+02,3.178576712294333447e+03
8.167262923372512660e+02,3.089653990590563808e+03
8.174751819361421212e+02,3.010827044985860539e+03
8.182239966899441015e+02,2.949174388297750738e+03
8.189727365941439530e+02,2.853147574501208055e+03
8.197214016442286493e+02,2.783393862208004066e+03
8.204699918356850503e+02,2.768229130280721620e+03
8.212185071640000160e+02,2.722733046732622370e+03
8.219669476246606337e+02,2.674200771376205466e+03
8.227153132131538769e+02,2.605441206667955157e+03
8.234636039249663781e+02,2.554878587153787521e+03
8.242118197555853385e+02,2.530607291828584493e+03
8.249599607004977315e+02,2.526561997909881484e+03
8.257080267551903034e+02,2.507346547428523081e+03
8.264560179151501416e+02,2.484085066346011899e+03
8.272039341758642195e+02,2.461834264993477518e+03
8.279517755328191697e+02,2.443628563010021480e+03
8.286995419815020796e+02,2.419353592798521277e+03
8.294472335173999227e+02,2.422388007868495151e+03
8.301948501359996726e+02,2.400135340217067551e+03
8.309423918327881893e+02,2.399123839343400050e+03
8.316898586032523326e+02,2.402158337796244723e+03
8.324372504428791899e+02,2.357651107678771496e+03
8.331845673471557348e+02,2.359674221909725475e+03
8.339318093115685997e+02,2.352593297812537912e+03
8.346789763316050994e+02,2.353604862561514892e+03
8.354260684027519801e+02,2.350570164151229164e+03
8.361730855204961017e+02,2.327303728144970137e+03
8.369200276803243241e+02,2.324268921523403606e+03
8.376668948777238484e+02,2.298978381052445457e+03
8.384136871081815343e+02,2.251429820487272536e+03
8.391604043671841282e+02,2.240300992290227896e+03
8.399070466502187173e+02,2.248394702131721715e+03
8.406536139527722753e+02,2.221078076537099150e+03
8.414001062703315483e+02,2.202866432670528866e+03
8.421465235983837374e+02,2.151264343866977470e+03
8.428928659324155888e+02,2.104718204333363701e+03
8.436391332679140760e+02,2.069300709818231098e+03
8.443853256003660590e+02,2.049061384375363559e+03
8.451314429252585114e+02,2.033881529215687351e+03
8.458774852380784068e+02,1.990364230705037698e+03
8.466234525343127189e+02,1.955953407047442624e+03
8.473693448094483074e+02,1.926601746277888424e+03
8.481151620589720324e+02,1.858784887094698433e+03
8.488609042783709810e+02,1.812220508102619760e+03
8.496065714631318997e+02,1.771727399232970811e+03
8.503521636087419893e+02,1.755529545922278203e+03
8.510976807106879960e+02,1.726170049821320163e+03
8.518431227644570072e+02,1.682634902447308377e+03
8.525884897655355417e+02,1.664410143044495271e+03
8.533337817094109141e+02,1.610745805606445401e+03
8.540789985915700981e+02,1.558090316445900044e+03
8.548241404074997263e+02,1.559102956378783347e+03
8.555692071526869995e+02,1.515558224100108646e+03
8.563141988226186641e+02,1.509482017297703123e+03
8.570591154127818072e+02,1.487202178771751733e+03
8.578039569186632889e+02,1.456819534519105900e+03
8.585487233357500827e+02,1.424410052122284469e+03
8.592934146595289349e+02,1.403140585199044153e+03
8.600380308854870464e+02,1.385922014014199021e+03
8.607825720091111634e+02,1.369715947822726775e+03
8.615270380258882597e+02,1.343380362847788547e+03
8.622714289313053087e+02,1.351483715619513532e+03
8.630157447208490566e+02,1.328186346938390216e+03
8.637599853900069320e+02,1.309953133108957445e+03
8.645041509342652262e+02,1.289693502141265071e+03
8.652482413491113675e+02,1.276524457548929149e+03
8.659922566300319886e+02,1.257276989670498324e+03
8.667361967725141767e+02,1.271459380769029849e+03
8.674800617720449054e+02,1.257276989670498324e+03
8.682238516241109210e+02,1.259303061425899386e+03
8.689675663241991970e+02,1.238029044110414816e+03
8.697112058677968207e+02,1.231950646367101854e+03
8.704547702503904247e+02,1.205610373509912733e+03
8.711982594674674374e+02,1.209662781243111112e+03
8.719416735145142638e+02,1.215741353268854027e+03
8.726850123870182188e+02,1.209662781243111112e+03
8.734282760804659347e+02,1.205610373509912733e+03
8.741714645903447263e+02,1.201557944677236719e+03
8.749145779121411124e+02,1.180282347370801745e+03
8.756576160413422940e+02,1.175216643363255116e+03
8.764005789734350174e+02,1.150900806360222532e+03
8.771434667039063697e+02,1.145834911692090373e+03
8.778862792282430974e+02,1.135703023867663205e+03
8.786290165419322875e+02,1.135703023867663205e+03
8.793716786404609138e+02,1.107333040063113231e+03
8.801142655193158362e+02,1.111385957809231058e+03
8.808567771739840282e+02,1.079975297448911533e+03
8.815992135999522361e+02,1.075922217452719678e+03
8.823415747927077746e+02,1.076935489412187280e+03
8.830838607477371625e+02,1.086054878226111441e+03
8.838260714605276007e+02,1.093147662962082677e+03
8.845682069265657219e+02,1.098213898522731370e+03
8.853102671413388407e+02,1.110372730337672465e+03
8.860522521003337033e+02,1.109359501556069972e+03
8.867941617990372833e+02,1.101253624153071769e+03
8.875359962329363270e+02,1.095174161112280672e+03
8.882777553975179217e+02,1.084028356530352312e+03
8.890194392882691545e+02,1.107333040063113231e+03
8.897610479006766582e+02,1.105306573331120489e+03
8.905025812302277473e+02,1.128610624297304867e+03
8.912440392724088269e+02,1.133676630551007293e+03
8.919854220227073256e+02,1.126584212612967804e+03
8.927267294766098757e+02,1.124557795682410870e+03
8.934679616296034510e+02,1.136716218557440016e+03
8.942091184771750250e+02,1.142795359130499946e+03
8.949502000148115712e+02,1.149887630053814519e+03
8.956912062380000634e+02,1.157993003713642111e+03
8.964321371422272478e+02,1.143808544630872575e+03
8.971729927229800978e+02,1.156979836605740729e+03
8.979137729757458146e+02,1.150900806360222532e+03
8.986544778960111444e+02,1.142795359130499946e+03
8.993951074792628333e+02,1.150900806360222532e+03
9.001356617209879687e+02,1.141782172317075492e+03
9.008761406166736379e+02,1.149887630053814519e+03
9.016165441618064733e+02,1.151913981352835663e+03
9.023568723518736761e+02,1.140768984190692663e+03
9.030971251823619923e+02,1.144821728818100382e+03
9.038373026487583957e+02,1.134689827865487814e+03
9.045774047465499734e+02,1.117465295122351563e+03
9.053174314712234718e+02,1.112399183970650711e+03
9.060573828182660918e+02,1.119491730408746662e+03
9.067972587831642386e+02,1.122531373506386444e+03
9.075370593614053405e+02,1.104293338000723452e+03
9.082767845484761438e+02,1.098213898522731370e+03
9.090164343398635083e+02,1.080988564180270942e+03
9.097560087310545214e+02,1.076935489412187280e+03
9.104955077175360429e+02,1.048563380900631046e+03
9.112349312947949329e+02,1.049576688109148790e+03
9.119742794583182786e+02,1.028296962989716349e+03
9.127135522035928261e+02,1.003976574020487078e+03
9.134527495261058903e+02,1.017150211067565124e+03
9.141918714213437624e+02,9.877625653627393376e+02
9.149309178847939847e+02,9.796554363856268992e+02
9.156698889119430760e+02,9.654677609180159834e+02
9.164087844982781235e+02,9.401319945903123880e+02
9.171476046392862145e+02,9.289840012361519257e+02
9.178863493304540953e+02,9.137819401751366968e+02
9.186250185672686257e+02,9.026335774926263866e+02
9.193636123452168931e+02,8.894580386421727098e+02
9.201021306597857574e+02,8.945255793576378665e+02
9.208405735064621922e+02,8.590521186180176301e+02
9.215789408807333984e+02,8.276314532265059825e+02
9.223172327780856676e+02,8.063457865336653185e+02
9.230554491940064281e+02,8.053321692805885732e+02
9.237935901239824261e+02,7.627590912078218253e+02
9.245316555635006353e+02,7.424854064151063540e+02
9.252696455080480291e+02,7.252523743206151039e+02
9.260075599531114676e+02,7.161288557816864113e+02
9.267453988941779244e+02,6.907852097675628329e+02
9.274831623267343730e+02,6.735510784693460664e+02
9.282208502462676734e+02,6.502337313673884864e+02
9.289584626482647991e+02,6.147495324465660360e+02
9.296959995282127238e+02,5.904166202622268429e+02
9.304334608815981937e+02,5.812915919229435531e+02
9.311708467039082961e+02,5.508740985435887296e+02
9.319081569906300047e+02,5.346509756356525713e+02
9.326453917372499518e+02,5.062597428751147959e+02
9.333825509392555659e+02,4.788815596745391190e+02
9.341196345921333659e+02,4.515024728340397928e+02
9.348566426913704390e+02,4.291929209523683539e+02
9.355935752324537589e+02,3.987698432853964619e+02
9.363304322108701854e+02,3.764588831782739362e+02
9.370672136221068058e+02,3.429913309894753297e+02
9.378039194616502527e+02,3.298067783224913683e+02
9.385405497249877271e+02,3.115509037029175943e+02
9.392771044076059752e+02,2.851806111946943361e+02
9.400135835049920843e+02,2.699666076979345348e+02
9.407499870126328005e+02,2.547523317339656330e+02
9.414863149260152113e+02,2.425807151175833383e+02
9.422225672406261765e+02,2.253372941101530387e+02
9.429587439519527834e+02,2.162082831927219502e+02
9.436948450554816645e+02,2.070791748195699711e+02
9.444308705467001346e+02,2.080935250036098694e+02
9.451668204210948261e+02,2.060648234337173790e+02
9.459026946741527127e+02,1.918637779254266604e+02
9.466384933013608816e+02,1.847631669778768924e+02
9.473742162982060790e+02,1.756337237604084009e+02
9.481098636601752787e+02,1.725905544672901328e+02
9.488454353827554542e+02,1.594033631281564283e+02
9.495809314614335790e+02,1.604177696344194146e+02
9.503163518916965131e+02,1.523024841412439514e+02
9.510516966690312302e+02,1.452015466664988139e+02
9.517869657889247037e+02,1.370861180023450743e+02
9.525221592468637937e+02,1.391149823193963186e+02
9.532572770383353600e+02,1.259272791122480015e+02
9.539923191588264899e+02,1.238983838429601292e+02
9.547272856038240434e+02,1.178116694966661271e+02
9.554621763688148803e+02,1.147682962783492826e+02
9.561969914492860880e+02,1.096959838250715222e+02
9.569317308407244127e+02,1.005657466332618810e+02
9.576663945386170553e+02,1.015802221773169833e+02
9.584009825384507621e+02,9.650783260142117115e+01
9.591354948357123931e+02,9.346438463353604220e+01
9.598699314258890354e+02,9.143541339825407022e+01
9.606042923044675490e+02,8.940643742575423403e+01
9.613385774669350212e+02,8.940643742575423403e+01
9.620727869087780846e+02,8.534847127414332135e+01
9.628069206254838264e+02,8.839194766344141385e+01
9.635409786125391065e+02,7.926148654913677660e+01
9.642749608654311260e+02,8.027598696025199843e+01
9.650088673796464036e+02,8.331948109755619214e+01
9.657426981506722541e+02,7.723248217983504560e+01
9.664764531739954236e+02,7.723248217983504560e+01
9.672101324451027722e+02,7.723248217983504560e+01
9.679437359594815007e+02,7.520347308216086901e+01
9.686772637126182417e+02,7.824698495561167988e+01
9.694107157000000825e+02,7.520347308216086901e+01
9.701440919171138830e+02,7.520347308216086901e+01
9.708773923594465032e+02,7.723248217983504560e+01
9.716106170224851439e+02,7.317445925738226720e+01
9.723437659017165515e+02,7.520347308216086901e+01
9.730768389926276996e+02,7.621797822196528216e+01
9.738098362907055616e+02,7.723248217983504560e+01
9.745427577914369976e+02,7.317445925738226720e+01
9.752756034903088675e+02,7.723248217983504560e+01
9.760083733828082586e+02,7.317445925738226720e+01
9.767410674644220308e+02,7.317445925738226720e+01
9.774736857306371576e+02,7.926148654913677660e+01
9.782062281769404990e+02,7.520347308216086901e+01
9.789386947988189149e+02,7.520347308216086901e+01
9.796710855917596064e+02,7.215995057272536428e+01
9.804034005512492058e+02,7.824698495561167988e+01
9.811356396727749143e+02,7.621797822196528216e+01
9.818678029518234780e+02,8.230498423461986590e+01
9.825998903838818705e+02,7.723248217983504560e+01
9.833319019644371792e+02,7.824698495561167988e+01
9.840638376889760366e+02,7.317445925738226720e+01
9.847956975529855299e+02,7.824698495561167988e+01
9.855274815519526328e+02,7.824698495561167988e+01
9.862591896813644325e+02,7.621797822196528216e+01
9.869908219367073343e+02,7.723248217983504560e+01
9.877223783134688802e+02,7.621797822196528216e+01
9.884538588071354752e+02,8.129048618879909327e+01
9.891852634131944342e+02,8.027598696025199843e+01
9.899165921271326170e+02,7.926148654913677660e+01
9.906478449444368835e+02,8.331948109755619214e+01
9.913790218605942073e+02,-8.877692261466350043e-01
9.921101228710913347e+02,2.156007248729824521e+00
9.928411479714154666e+02,-3.931556228215331572e+00
9.935720971570532356e+02,2.156007248729824521e+00
