# 03/27/17,100 um fiber,No slit,Integration time: 72.0 ms,Dark correction on,Nonlinearity correction on
# wavelength,intensity
1.907908162221780231e+02,4.438832693758504533e+00
1.915984207987377772e+02,-6.341207844323458742e-01
1.924059541587151330e+02,3.804722513185850308e-01
1.932134162975970355e+02,-2.663310364957456322e+00
1.940208072108704584e+02,3.893413922934789184e+01
1.948281268940222617e+02,3.893413922934789184e+01
1.956353753425393904e+02,4.197777756840623198e+01
1.964425525519088183e+02,4.096323263171800022e+01
1.972496585176174051e+02,3.487593831314198667e+01
1.980566932351522098e+02,3.791959076398797635e+01
1.988636567000000070e+02,3.690504112272623871e+01
1.996705489076478273e+02,3.893413922934789184e+01
2.004773698535825872e+02,3.994868651864490516e+01
2.012841195332911752e+02,4.299232132854871935e+01
2.020907979422606502e+02,4.096323263171800022e+01
2.028974050759777583e+02,4.096323263171800022e+01
2.037039409299295301e+02,4.197777756840623198e+01
2.045104054996029674e+02,3.994868651864490516e+01
2.053167987804848735e+02,4.299232132854871935e+01
2.061231207680622219e+02,3.893413922934789184e+01
2.069293714578220147e+02,4.197777756840623198e+01
2.077355508452510833e+02,3.994868651864490516e+01
2.085416589258364297e+02,4.197777756840623198e+01
2.093476956950649424e+02,3.893413922934789184e+01
2.101536611484235664e+02,3.994868651864490516e+01
2.109595552813992754e+02,4.299232132854871935e+01
2.117653780894789293e+02,4.299232132854871935e+01
2.125711295681494732e+02,4.400686391198466652e+01
2.133768097128979093e+02,4.400686391198466652e+01
2.141824185192110974e+02,4.096323263171800022e+01
2.149879559825760111e+02,3.487593831314198667e+01
2.157934220984795672e+02,3.893413922934789184e+01
2.165988168624086541e+02,4.197777756840623198e+01
2.174041402698502736e+02,4.299232132854871935e+01
2.182093923162913143e+02,3.791959076398797635e+01
2.190145729972187212e+02,3.690504112272623871e+01
2.198196823081194964e+02,4.197777756840623198e+01
2.206247202444804145e+02,3.994868651864490516e+01
2.214296868017885629e+02,4.197777756840623198e+01
2.222345819755307730e+02,4.096323263171800022e+01
2.230394057611939900e+02,4.400686391198466652e+01
2.238441581542652159e+02,4.502140531855332739e+01
2.246488391502313107e+02,3.893413922934789184e+01
2.254534487445792479e+02,4.299232132854871935e+01
2.262579869327959159e+02,4.299232132854871935e+01
2.270624537103682599e+02,4.299232132854871935e+01
2.278668490727832534e+02,4.400686391198466652e+01
2.286711730155277849e+02,4.603594554809404116e+01
2.294754255340887710e+02,4.096323263171800022e+01
2.302796066239532138e+02,4.299232132854871935e+01
2.310837162806080016e+02,3.994868651864490516e+01
2.318877544995400797e+02,4.502140531855332739e+01
2.326917212762363363e+02,4.096323263171800022e+01
2.334956166061837735e+02,4.299232132854871935e+01
2.342994404848692795e+02,3.893413922934789184e+01
2.351031929077797713e+02,4.299232132854871935e+01
2.359068738704021939e+02,4.299232132854871935e+01
2.367104833682235210e+02,4.197777756840623198e+01
2.375140213967306408e+02,4.502140531855332739e+01
2.383174879514104987e+02,4.400686391198466652e+01
2.391208830277500113e+02,4.299232132854871935e+01
2.399242066212361237e+02,4.096323263171800022e+01
2.407274587273557813e+02,4.299232132854871935e+01
2.415306393415959008e+02,4.400686391198466652e+01
2.423337484594434272e+02,4.705048460044621095e+01
2.431367860763852491e+02,4.502140531855332739e+01
2.439397521879083683e+02,4.603594554809404116e+01
2.447426467894996449e+02,4.705048460044621095e+01
2.455454698766460524e+02,4.806502247544929673e+01
2.463482214448345360e+02,5.110862903475986485e+01
2.471509014895520124e+02,4.907955917294285086e+01
2.479535100062853985e+02,5.313769418461496485e+01
2.487560469905216110e+02,5.009409469276648252e+01
2.495585124377476518e+02,5.009409469276648252e+01
2.503609063434503810e+02,5.110862903475986485e+01
2.511632287031167721e+02,5.313769418461496485e+01
2.519654795122337134e+02,5.110862903475986485e+01
2.527676587662881786e+02,5.009409469276648252e+01
2.535697664607671129e+02,5.009409469276648252e+01
2.543718025911574045e+02,5.212316219876275625e+01
2.551737671529460272e+02,5.516675462122696416e+01
2.559756601416198691e+02,5.212316219876275625e+01
2.567774815526658472e+02,5.719581034331580582e+01
2.575792313815709917e+02,5.212316219876275625e+01
2.583809096238221059e+02,5.415222499215638408e+01
2.591825162749062770e+02,5.415222499215638408e+01
2.599840513303103080e+02,5.719581034331580582e+01
2.607855147855211158e+02,5.516675462122696416e+01
2.615869066360257875e+02,5.618128307166674063e+01
2.623882268773110695e+02,5.719581034331580582e+01
2.631894755048640491e+02,5.313769418461496485e+01
2.639906525141715292e+02,5.719581034331580582e+01
2.647917579007204836e+02,5.313769418461496485e+01
2.655927916599978857e+02,5.516675462122696416e+01
2.663937537874906525e+02,5.415222499215638408e+01
2.671946442786857006e+02,5.821033643601431606e+01
2.679954631290700036e+02,5.212316219876275625e+01
2.687962103341304783e+02,5.618128307166674063e+01
2.695968858893539846e+02,5.719581034331580582e+01
2.703974897902274961e+02,5.922486134960251292e+01
2.711980220322380433e+02,5.415222499215638408e+01
2.719984826108723723e+02,5.415222499215638408e+01
2.727988715216175706e+02,6.023938508392070190e+01
2.735991887599604979e+02,5.618128307166674063e+01
2.743994343213880143e+02,5.821033643601431606e+01
2.751996082013872638e+02,5.821033643601431606e+01
2.759997103954450495e+02,6.023938508392070190e+01
2.767997408990482313e+02,6.125390763880924538e+01
2.775996997076838397e+02,6.125390763880924538e+01
2.783995868168387915e+02,6.125390763880924538e+01
2.791994022220000033e+02,5.821033643601431606e+01
2.799991459186544489e+02,6.328294920965925030e+01
2.807988179022890449e+02,5.821033643601431606e+01
2.815984181683906513e+02,6.328294920965925030e+01
2.823979467124461848e+02,5.821033643601431606e+01
2.831974035299427896e+02,6.226842901410859810e+01
2.839967886163670983e+02,6.226842901410859810e+01
2.847961019672063685e+02,6.429746822530179884e+01
2.855953435779472898e+02,6.226842901410859810e+01
2.863945134440768356e+02,6.734101819118764354e+01
2.871936115610819797e+02,6.429746822530179884e+01
2.879926379244497525e+02,6.734101819118764354e+01
2.887915925296668433e+02,6.734101819118764354e+01
2.895904753722203395e+02,6.632650271622524940e+01
2.903892864475972146e+02,6.835553248560493955e+01
2.911880257512842718e+02,6.734101819118764354e+01
2.919866932787684846e+02,6.937004559931806114e+01
2.927852890255368834e+02,6.734101819118764354e+01
2.935838129870763282e+02,7.038455753216800304e+01
2.943822651588737358e+02,6.937004559931806114e+01
2.951806455364160229e+02,6.632650271622524940e+01
2.959789541151902199e+02,6.835553248560493955e+01
2.967771908906830731e+02,7.139906828399583105e+01
2.975753558583816698e+02,7.444259345175829878e+01
2.983734490137729267e+02,7.444259345175829878e+01
2.991714703523437606e+02,7.850061046483521920e+01
2.999694198695810883e+02,7.139906828399583105e+01
3.007672975609717696e+02,8.154411081114106707e+01
3.015651034220029487e+02,7.748610798460661897e+01
3.023628374481613719e+02,8.154411081114106707e+01
3.031604996349340126e+02,8.255860856125553937e+01
3.039580899778078447e+02,8.560209471342305676e+01
3.047556084722697278e+02,8.560209471342305676e+01
3.055530551138066357e+02,8.052961187826070955e+01
3.063504298979054852e+02,8.357310512844605910e+01
3.071477328200533066e+02,9.168903506175675489e+01
3.079449638757367893e+02,9.371800570479791759e+01
3.087421230604431912e+02,9.777593277371893521e+01
3.095392103696592585e+02,1.038627878153438644e+02
3.103362257988718511e+02,1.079206674539513244e+02
3.111331693435679995e+02,1.099496001527548259e+02
3.119300409992346772e+02,1.140074513031098178e+02
3.127268407613587442e+02,1.261808906863541182e+02
3.135235686254271741e+02,1.373397263026033386e+02
3.143202245869268836e+02,1.495128371056655112e+02
3.151168086413447895e+02,1.616857760869663991e+02
3.159133207841677518e+02,1.657433841856719425e+02
3.167097610108829144e+02,1.708153674056595719e+02
3.175061293169770238e+02,1.779160936598688636e+02
3.183024256979371103e+02,1.860311375271226950e+02
3.190986501492500338e+02,1.911030009916002825e+02
3.198948026664027111e+02,1.931317379823233011e+02
3.206908832448821727e+02,1.992179201557294732e+02
3.214868918801753352e+02,2.022609950356824129e+02
3.222828285677690019e+02,2.124044998745781641e+02
3.230786933031503168e+02,2.093614610433824907e+02
3.238744860818059692e+02,2.113901547999115564e+02
3.246702068992230465e+02,2.154475278823936435e+02
3.254658557508884087e+02,2.205192171658530924e+02
3.262614326322891429e+02,2.174762072059578486e+02
3.270569375389120523e+02,2.215335514117687694e+02
3.278523704662439968e+02,2.276195315993317649e+02
3.286477314097720637e+02,2.347197869961149195e+02
3.294430203649830560e+02,2.499344209561382684e+02
3.302382373273640042e+02,2.499344209561382684e+02
3.310333822924017682e+02,2.671773441538924772e+02
3.318284552555833216e+02,2.854341756084443205e+02
3.326234562123955811e+02,3.178897937815388559e+02
3.334183851583254636e+02,3.361455313079477492e+02
3.342132420888599995e+02,3.696133559459060507e+02
3.350080269994859918e+02,3.716416661314943326e+02
3.358027398856904142e+02,3.675850408605143116e+02
3.365973807429602971e+02,3.432448780574782745e+02
3.373919495667823867e+02,3.371597273628408971e+02
3.381864463526437703e+02,3.300603293567199898e+02
3.389808710960313078e+02,3.351313340327300239e+02
3.397752237924318592e+02,3.483158033848944797e+02
3.405695044373325686e+02,3.503441649627391712e+02
3.413637130262201254e+02,3.533866981619358967e+02
3.421578495545816736e+02,3.574433919755109628e+02
3.429519140179040164e+02,3.685991990156160227e+02
3.437459064116741274e+02,3.756982717988123568e+02
3.445398267313788665e+02,3.777265672783204309e+02
3.453336749725053210e+02,3.878679710900120767e+02
3.461274511305402939e+02,3.777265672783204309e+02
3.469211552009707589e+02,3.919244982539831312e+02
3.477147871792836895e+02,3.969951295780157352e+02
3.485083470609658889e+02,3.959810057700258881e+02
3.493018348415043874e+02,3.929386269753312604e+02
3.500952505163861019e+02,3.990233735078086283e+02
3.508885940810980060e+02,3.990233735078086283e+02
3.516818655311269026e+02,4.030798466188037423e+02
3.524750648619599929e+02,4.091645193973758410e+02
3.532681920690838524e+02,4.243760075029380801e+02
3.540612471479857390e+02,4.314746070877564534e+02
3.548542300941522853e+02,4.385731462401023464e+02
3.556471409030706354e+02,4.466856883559002540e+02
3.564399795702276492e+02,4.578403046585149809e+02
3.572327460911102435e+02,4.730509038589818829e+02
3.580254404612053918e+02,4.963732811222790247e+02
3.588180626760000109e+02,5.156390973529887560e+02
3.596106127309809608e+02,5.501136467947061419e+02
3.604030906216353856e+02,6.160168518052591935e+02
3.611954963434500314e+02,7.133410935033120950e+02
3.619878298919118151e+02,8.562648513837491464e+02
3.627800912625078240e+02,9.910560627808596337e+02
3.635722804507248043e+02,1.085294933203168512e+03
3.643643974520497864e+02,1.156219960412267255e+03
3.651564422619696870e+02,1.227138547758487448e+03
3.659484148759714230e+02,1.282855756945422627e+03
3.667403152895419680e+02,1.336543092715492776e+03
3.675321434981682955e+02,1.398329552667024018e+03
3.683238994973372087e+02,1.391239555097197581e+03
3.691155832825357379e+02,1.347685279612143859e+03
3.699071948492508000e+02,1.300076629312120531e+03
3.706987341929692548e+02,1.271712635394495010e+03
3.714902013091781896e+02,1.238282309650716797e+03
3.722815961933643507e+02,1.189653813013444278e+03
3.730729188410147117e+02,1.180535631707348102e+03
3.738641692476163598e+02,1.194719423193404964e+03
3.746553474086559845e+02,1.165338425930157200e+03
3.754464533196207299e+02,1.147101388437695732e+03
3.762374869759974558e+02,1.158246295285239739e+03
3.770284483732730223e+02,1.161285787735980193e+03
3.778193375069345166e+02,1.193706303792552035e+03
3.786101543724687417e+02,1.226125470570126936e+03
3.794008989653627282e+02,1.250438958423760596e+03
3.801915712811032790e+02,1.286907761389875986e+03
3.809821713151773679e+02,1.312232308372216039e+03
3.817726990630719683e+02,1.357814400700507576e+03
3.825631545202739972e+02,1.413522184326073102e+03
3.833535376822703711e+02,1.477327951728826292e+03
3.841438485445480637e+02,1.526950981467058000e+03
3.849340871025939919e+02,1.590747275286026706e+03
3.857242533518951291e+02,1.654538215188774757e+03
3.865143472879382784e+02,1.748695972149124600e+03
3.873043689062104136e+02,1.802350513668701979e+03
3.880943182021986217e+02,1.859037946481746758e+03
3.888841951713895924e+02,1.936976171821280332e+03
3.896739998092704127e+02,2.012882219716329928e+03
3.904637321113279995e+02,2.101935462273813755e+03
3.912533920730492696e+02,2.168718393558438038e+03
3.920429796899210828e+02,2.268881509253992135e+03
3.928324949574305265e+02,2.380157940752645118e+03
3.936219378710644037e+02,2.509622087546787043e+03
3.944113084263098017e+02,2.605694011004888125e+03
3.952006066186534099e+02,2.741184577436229574e+03
3.959898324435823724e+02,2.881704236916958962e+03
3.967789858965834355e+02,3.057568410749202485e+03
3.975680669731436865e+02,3.200047900458475397e+03
3.983570756687500420e+02,3.380885943663663511e+03
3.991460119788893053e+02,3.580866740378909981e+03
3.999348758990485635e+02,3.842374875487638292e+03
4.007236674247147334e+02,4.236983828587864991e+03
4.015123865513746182e+02,4.862272231932099203e+03
4.023010332745152482e+02,6.033786341911346426e+03
4.030896075896235402e+02,7.805371688797222305e+03
4.038781094921864110e+02,9.913102026893935545e+03
4.046665389776909478e+02,1.157830288334979923e+04
4.054548960416237833e+02,1.262347244492803657e+04
4.062431806794720046e+02,1.284440005652206855e+04
4.070313928867226423e+02,1.241650700675506050e+04
4.078195326588623857e+02,1.165934753931375235e+04
4.086075999913784358e+02,1.102084422557827565e+04
4.093955948797575388e+02,1.055725395130314428e+04
4.101835173194867252e+02,1.032788895498285456e+04
4.109713673060529686e+02,1.032588554954042047e+04
4.117591448349429584e+02,1.039800575866513645e+04
4.125468499016439523e+02,1.047312577906899787e+04
4.133344825016426398e+02,1.042605118472453432e+04
4.141220426304259945e+02,1.040802206702044714e+04
4.149095302834811037e+02,1.032588554954042047e+04
4.156969454562946567e+02,1.047613047009233560e+04
4.164842881443537976e+02,1.072048401607450432e+04
4.172715583431453297e+02,1.101083351924289309e+04
4.180587560481562264e+02,1.136916211287228907e+04
4.188458812548734613e+02,1.181241702737277592e+04
4.196329339587839513e+02,1.233751156130881645e+04
4.204199141553744994e+02,1.283640330640794309e+04
4.212068218401323065e+02,1.353694509208659474e+04
4.219936570085440621e+02,1.422716763986581645e+04
4.227804196560967398e+02,1.494204812872496950e+04
4.235671097782773131e+02,1.564665742549064817e+04
4.243537273705726989e+02,1.639389827344439254e+04
4.251402724284698706e+02,1.716679968503330747e+04
4.259267449474557452e+02,1.791153601126057401e+04
4.267131449230172393e+02,1.888924596812950767e+04
4.274994723506412697e+02,1.994633828506529244e+04
4.282857272258148100e+02,2.140944226584118587e+04
4.290719095440247770e+02,2.311703473116314126e+04
4.298580193007580306e+02,2.453461619067412903e+04
4.306440564915016012e+02,2.574903224715871329e+04
4.314300211117423487e+02,2.670165578417727011e+04
4.322159131569672468e+02,2.796194923453313095e+04
4.330017326226632690e+02,3.041846739684407657e+04
4.337874795043172185e+02,3.437619787027328857e+04
4.345731537974161824e+02,3.868080875021061365e+04
4.353587554974470208e+02,4.442228824583003006e+04
4.361442845998966504e+02,4.978862915128231543e+04
4.369297411002519880e+02,5.363788519881913817e+04
4.377151249940000639e+02,5.545181303652487259e+04
4.385004362766276813e+02,5.425800533699215157e+04
4.392856749436218138e+02,5.094407625228703546e+04
4.400708409904694349e+02,4.663630161382634105e+04
4.408559344126574615e+02,4.218696834861281241e+04
4.416409552056727534e+02,3.854078341109401663e+04
4.424259033650023412e+02,3.562844027167386230e+04
4.432107788861331414e+02,3.340887069937651540e+04
4.439955817645520710e+02,3.189385610149667991e+04
4.447803119957460467e+02,3.068241749490895381e+04
4.455649695752019852e+02,2.978704874249274872e+04
4.463495544984069170e+02,2.908402441697317408e+04
4.471340667608476451e+02,2.824668241544574266e+04
4.479185063580111432e+02,2.744328077334852787e+04
4.487028732853843849e+02,2.654736239329014643e+04
4.494871675384542300e+02,2.568831188705131353e+04
4.502713891127077090e+02,2.477451630373659646e+04
4.510555380036316819e+02,2.401001041234237709e+04
4.518396142067130654e+02,2.321061678448722159e+04
4.526236177174388899e+02,2.264910841408447959e+04
4.534075485312960723e+02,2.233846856414927606e+04
4.541914066437714155e+02,2.212240595101251165e+04
4.549751920503519500e+02,2.212141025350844575e+04
4.557589047465245358e+02,2.209253495533576279e+04
4.565425447277761464e+02,2.210946187082918914e+04
4.573261119895937554e+02,2.197205376961542061e+04
4.581096065274642797e+02,2.157375081233673700e+04
4.588930283368745791e+02,2.101607552594814479e+04
4.596763774133116840e+02,2.036769281588260856e+04
4.604596537522625113e+02,1.986564802422029607e+04
4.612428573492140913e+02,1.941932816654296039e+04
4.620259881996530567e+02,1.911643479733288405e+04
4.628090462990665515e+02,1.897095613510720432e+04
4.635920316429414356e+02,1.895600931461611253e+04
4.643749442267647396e+02,1.899088511740837930e+04
4.651577840460232665e+02,1.915230522185198060e+04
4.659405510962040466e+02,1.929777563605463365e+04
4.667232453727939401e+02,1.965345393470511044e+04
4.675058668712799772e+02,2.001308075159114742e+04
4.682884155871489611e+02,2.038661784214150612e+04
4.690708915158879790e+02,2.082286560860502868e+04
4.698532946529838910e+02,2.115749207864826167e+04
4.706356249939236136e+02,2.160462032617060686e+04
4.714178825341940069e+02,2.208556503526742017e+04
4.722000672692821013e+02,2.248881204140327100e+04
4.729821791946747567e+02,2.263317850194065250e+04
4.737642183058590035e+02,2.259932732127148847e+04
4.745461845983217017e+02,2.248084690814953137e+04
4.753280780675498249e+02,2.217916044288147896e+04
4.761098987090302899e+02,2.192226743882142910e+04
4.768916465182499564e+02,2.156379286623633379e+04
4.776733214906958551e+02,2.146520817687511953e+04
4.784549236218550732e+02,2.129591690000665767e+04
4.792364529072141863e+02,2.143334201661005864e+04
4.800179093422602250e+02,2.167332924878272752e+04
4.807992929224802765e+02,2.205171102357711425e+04
4.815806036433611439e+02,2.254655898233957487e+04
4.823618415003898576e+02,2.326736286873505014e+04
4.831430064890532776e+02,2.406675232485252491e+04
4.839240986048383206e+02,2.495369332142226631e+04
4.847051178432319603e+02,2.577292223208157884e+04
4.854860641997211133e+02,2.627560952397021902e+04
4.862669376697929238e+02,2.648962709690074553e+04
4.870477382489339107e+02,2.634827576085613691e+04
4.878284659326312180e+02,2.598195988798983308e+04
4.886091207163717627e+02,2.554895373243333961e+04
4.893897025956425182e+02,2.504029518150878721e+04
4.901702115659304582e+02,2.438928115320832148e+04
4.909506476227223288e+02,2.345950055566442097e+04
4.917310107615052175e+02,2.242509071436840895e+04
4.925113009777659840e+02,2.139649652051446174e+04
4.932915182669916021e+02,2.048522576244989250e+04
4.940716626246689884e+02,1.995829224763478851e+04
4.948517340462852303e+02,1.955482417228538543e+04
4.956317325273270171e+02,1.925393592176150923e+04
4.964116580632813225e+02,1.889323188017735083e+04
4.971915106496351200e+02,1.857932518112796970e+04
4.979712902818753264e+02,1.830226203705826629e+04
4.987509969554889722e+02,1.801620032881597217e+04
4.995306306659628603e+02,1.785970071282631397e+04
5.003101914087840214e+02,1.766530908712114615e+04
5.010896791794392584e+02,1.758954217395950400e+04
5.018690939734156586e+02,1.743002534704354912e+04
5.026484357862001957e+02,1.737518904362757530e+04
5.034277046132795590e+02,1.722064365957041809e+04
5.042069004501407790e+02,1.721864946017496186e+04
5.049860232922708860e+02,1.716679968503330747e+04
5.057650731351566833e+02,1.720469001735908387e+04
5.065440499742852012e+02,1.729143665406964283e+04
5.073229538051433565e+02,1.729343079250321171e+04
5.081017846232180091e+02,1.734926599600626287e+04
5.088805424239961326e+02,1.745395352936140989e+04
5.096592272029647575e+02,1.751377296488626598e+04
5.104378389556105731e+02,1.754467910540029698e+04
5.112163776774208941e+02,1.764736449800942501e+04
5.119948433638822394e+02,1.776300518072435807e+04
5.127732360104818099e+02,1.784674172731532235e+04
5.135515556127063519e+02,1.791751694120751927e+04
5.143298021660430095e+02,1.801520354526822121e+04
5.151079756659786426e+02,1.813680840549438653e+04
5.158860761079999975e+02,1.816571367449156241e+04
5.166641034875942751e+02,1.818963504489527622e+04
5.174420578002482216e+02,1.837701194935378226e+04
5.182199390414486970e+02,1.842086430826889409e+04
5.189977472066831297e+02,1.845275650766797116e+04
5.197754822914378110e+02,1.851753644345860084e+04
5.205531442912000557e+02,1.859427387204179104e+04
5.213307332014566100e+02,1.868994369121110867e+04
5.221082490176944475e+02,1.878062786004840382e+04
5.228856917354006555e+02,1.892013665132597089e+04
5.236630613500619802e+02,1.901479972824165816e+04
5.244403578571653952e+02,1.912639884451366015e+04
5.252175812521979879e+02,1.941932816654296039e+04
5.259947315306465043e+02,1.970326588866285238e+04
5.267718086879979182e+02,1.994235362230669125e+04
5.275488127197393169e+02,2.034079920430029233e+04
5.283257436213573328e+02,2.080991825481343039e+04
5.291026013883391670e+02,2.161756555282060799e+04
5.298793860161715656e+02,2.266503829114254768e+04
5.306560975003416161e+02,2.401100588653719387e+04
5.314327358363360645e+02,2.548325631165799132e+04
5.322093010196419982e+02,2.702119673405700814e+04
5.329857930457461634e+02,2.833628594213018732e+04
5.337622119101358749e+02,2.959883563874930405e+04
5.345385576082976513e+02,3.102906730694846192e+04
5.353148301357188075e+02,3.265922600139050701e+04
5.360910294878859759e+02,3.474430024815299839e+04
5.368671556602861301e+02,3.712435396103029780e+04
5.376432086484061301e+02,3.966443303359892161e+04
5.384191884477331769e+02,4.199834222790399508e+04
5.391950950537540166e+02,4.407230392820159614e+04
5.399709284619556229e+02,4.587509834295755718e+04
5.407466886678249693e+02,4.778817076942865242e+04
5.415223756668488022e+02,5.041628473176596890e+04
5.422979894545143225e+02,5.551436858370219124e+04
5.430735300263082763e+02,6.363852078563895338e+04
5.438489973777177511e+02,6.363852078563895338e+04
5.446243915042294930e+02,6.363852078563895338e+04
5.453997124013304756e+02,6.363852078563895338e+04
5.461749600645076725e+02,6.363852078563895338e+04
5.469501344892480574e+02,6.363852078563895338e+04
5.477252356710384902e+02,6.363852078563895338e+04
5.485002636053659444e+02,6.363852078563895338e+04
5.492752182877172800e+02,6.363852078563895338e+04
5.500500997135795842e+02,6.363852078563895338e+04
5.508249078784397170e+02,6.363852078563895338e+04
5.515996427777846520e+02,6.363852078563895338e+04
5.523743044071012491e+02,6.363852078563895338e+04
5.531488927618762546e+02,6.363852078563895338e+04
5.539234078375968693e+02,6.363852078563895338e+04
5.546978496297499532e+02,6.363852078563895338e+04
5.554722181338225937e+02,6.363852078563895338e+04
5.562465133453014232e+02,6.363852078563895338e+04
5.570207352596735291e+02,6.363852078563895338e+04
5.577948838724257712e+02,6.363852078563895338e+04
5.585689591790452369e+02,6.363852078563895338e+04
5.593429611750186723e+02,6.363852078563895338e+04
5.601168898558332785e+02,6.363852078563895338e+04
5.608907452169756880e+02,6.363852078563895338e+04
5.616645272539329881e+02,6.363852078563895338e+04
5.624382359621920386e+02,5.849990798504837585e+04
5.632118713372398133e+02,5.230547328233657026e+04
5.639854333745632857e+02,5.040208162710208853e+04
5.647589220696492021e+02,4.873957119287032401e+04
5.655323374179848770e+02,4.749624192506250256e+04
5.663056794150567157e+02,4.699852302489941212e+04
5.670789480563521465e+02,4.745180665197121562e+04
5.678521433373578020e+02,4.942389354991883738e+04
5.686252652535607695e+02,5.260283147373859538e+04
5.693983138004477951e+02,5.746127043718211644e+04
5.701712889735059662e+02,6.363852078563895338e+04
5.709441907682222563e+02,6.363852078563895338e+04
5.717170191800835255e+02,6.363852078563895338e+04
5.724897742045766336e+02,6.363852078563895338e+04
5.732624558371885541e+02,6.363852078563895338e+04
5.740350640734062608e+02,6.363852078563895338e+04
5.748075989087167272e+02,6.363852078563895338e+04
5.755800603386066996e+02,6.363852078563895338e+04
5.763524483585633789e+02,6.363852078563895338e+04
5.771247629640736250e+02,6.363852078563895338e+04
5.778970041506239568e+02,6.363852078563895338e+04
5.786691719137020300e+02,6.363852078563895338e+04
5.794412662487941361e+02,6.363852078563895338e+04
5.802132871513875898e+02,6.363852078563895338e+04
5.809852346169691373e+02,6.363852078563895338e+04
5.817571086410257521e+02,6.363852078563895338e+04
5.825289092190444080e+02,6.363852078563895338e+04
5.833006363465120785e+02,6.363852078563895338e+04
5.840722900189155098e+02,6.363852078563895338e+04
5.848438702317419029e+02,6.363852078563895338e+04
5.856153769804780040e+02,6.363852078563895338e+04
5.863868102606107868e+02,6.363852078563895338e+04
5.871581700676272249e+02,6.363852078563895338e+04
5.879294563970141780e+02,6.363852078563895338e+04
5.887006692442585063e+02,5.882627415964644752e+04
5.894718086048472969e+02,5.609634056499572034e+04
5.902428744742674098e+02,5.379717338865069905e+04
5.910138668480057049e+02,5.185772809426643653e+04
5.917847857215493832e+02,5.022964275668316986e+04
5.925556310903851909e+02,4.920312952989947371e+04
5.933264029500001016e+02,4.827937445913322154e+04
5.940971012958808615e+02,4.721553847250795661e+04
5.948677261235146716e+02,4.593657138207440585e+04
5.956382774283881645e+02,4.436696507152270351e+04
5.964087552059886548e+02,4.289866274706653348e+04
5.971791594518027750e+02,4.132539872217465745e+04
5.979494901613174989e+02,4.003287641613861342e+04
5.987197473300199135e+02,3.887086791284260107e+04
5.994899309533967653e+02,3.777291104731031373e+04
6.002600410269352551e+02,3.685762053189268772e+04
6.010300775461221292e+02,3.605869687432849605e+04
6.018000405064442475e+02,3.549968392671307811e+04
6.025699299033884699e+02,3.489096218213211250e+04
6.033397457324419975e+02,3.423456144902737287e+04
6.041094879890916900e+02,3.382267393181160151e+04
6.048791566688242938e+02,3.328524295150111720e+04
6.056487517671270098e+02,3.282468641399426997e+04
6.064182732794864705e+02,3.250174944789557412e+04
6.071877212013899907e+02,3.203236449859206550e+04
6.079570955283240892e+02,3.166966563181046513e+04
6.087263962557760806e+02,3.140962521814577485e+04
6.094956233792325975e+02,3.113565901800716529e+04
6.102647768941807271e+02,3.088562194081634152e+04
6.110338567961073295e+02,3.059675622174259115e+04
6.118028630804993782e+02,3.017544970198613373e+04
6.125717957428437330e+02,2.990356544375442172e+04
6.133406547786274814e+02,2.967352248252034042e+04
6.141094401833374832e+02,2.933594695306930953e+04
6.148781519524605983e+02,2.909398160925194315e+04
6.156467900814836867e+02,2.889882380048790219e+04
6.164153545658939493e+02,2.869371584876623456e+04
6.171838454011782460e+02,2.856726911991204543e+04
6.179522625828233231e+02,2.835818919336659746e+04
6.187206061063162679e+02,2.833230353993820245e+04
6.194888759671439402e+02,2.815309765068973138e+04
6.202570721607933137e+02,2.817997826412463837e+04
6.210251946827512484e+02,2.804358498743188466e+04
6.217932435285047177e+02,2.792810049658277057e+04
6.225612186935408090e+02,2.797290032572354903e+04
6.233291201733461548e+02,2.786836775397208476e+04
6.240969479634079562e+02,2.783949707410053452e+04
6.248647020592130730e+02,2.784945247035342618e+04
6.256323824562483651e+02,2.786239450214694807e+04
6.263999891500008061e+02,2.778972025817536269e+04
6.271675221359573698e+02,2.778076046026201584e+04
6.279349814096048021e+02,2.768419429642195246e+04
6.287023669664301906e+02,2.763541382196113409e+04
6.294696788019205087e+02,2.757170091158260038e+04
6.302369169115626164e+02,2.758563807623700995e+04
6.310040812908434873e+02,2.755676825631094107e+04
6.317711719352499813e+02,2.741341584525969301e+04
6.325381888402690720e+02,2.743033929456492115e+04
6.333051320013878467e+02,2.737658254438488802e+04
6.340720014140929379e+02,2.732581251435453305e+04
6.348387970738714330e+02,2.726707883278217560e+04
6.356055189762103055e+02,2.719540421650850112e+04
6.363721671165964153e+02,2.716952181685547112e+04
6.371387414905167361e+02,2.717250824491303501e+04
6.379052420934581278e+02,2.718345848707152982e+04
6.386716689209075639e+02,2.713766662706802163e+04
6.394380219683520181e+02,2.703015592177896178e+04
6.402043012312783503e+02,2.702617405987130769e+04
6.409705067051735341e+02,2.687088228538235126e+04
6.417366383855247705e+02,2.688481866217544666e+04
6.425026962678184645e+02,2.678825972554405598e+04
6.432686803475418174e+02,2.683902775534488683e+04
6.440345906201816888e+02,2.683205958521708453e+04
6.448004270812251661e+02,2.681215054390084697e+04
6.455661897261591093e+02,2.671459657636057818e+04
6.463318785504703783e+02,2.673151916464062015e+04
6.470974935496459466e+02,2.670563756541493785e+04
6.478630347191727878e+02,2.654935326829615587e+04
6.486285020545377620e+02,2.653840345804376193e+04
6.493938955512280700e+02,2.653740802102355883e+04
6.501592152047302307e+02,2.653840345804376193e+04
6.509244610105313313e+02,2.651053123859330299e+04
6.516896329641182319e+02,2.650455862470344073e+04
6.524547310609781334e+02,2.646772754039374558e+04
6.532197552965977820e+02,2.643288737884099100e+04
6.539847056664641514e+02,2.635823005459945853e+04
6.547495821660639876e+02,2.653243083660706907e+04
6.555143847908844918e+02,2.652446734390190613e+04
6.562791135364124102e+02,2.641496960096733528e+04
6.570437683981349437e+02,2.652844908989239048e+04
6.578083493715388386e+02,2.657822097688520080e+04
6.585728564521108410e+02,2.648962709690074553e+04
6.593372896353380384e+02,2.652446734390190613e+04
6.601016489167075179e+02,2.653342627339925821e+04
6.608659342917060258e+02,2.648166361940603019e+04
6.616301457558205357e+02,2.652844908989239048e+04
6.623942833045380212e+02,2.662600210050719033e+04
6.631583469333453422e+02,2.661604769042442786e+04
6.639223366377294724e+02,2.664591093573334001e+04
6.646862524131774990e+02,2.666581979136595692e+04
6.654500942551760545e+02,2.675839624951510632e+04
6.662138621592123400e+02,2.674744632112615727e+04
6.669775561207731016e+02,2.667577422695687710e+04
6.677411761353453130e+02,2.673649639951424615e+04
6.685047221984159478e+02,2.673749184665518260e+04
6.692681943054717522e+02,2.675640535293737048e+04
6.700315924520000408e+02,2.683205958521708453e+04
6.707949166334874462e+02,2.682210506157442069e+04
6.715581668454210558e+02,2.678925517563698304e+04
6.723213430832875019e+02,2.670265122940593574e+04
6.730844453425742131e+02,2.658717992903079721e+04
6.738474736187678218e+02,2.657921641582105076e+04
6.746104279073551879e+02,2.662102489484336911e+04
6.753733082038233988e+02,2.664591093573334001e+04
6.761361145036593143e+02,2.670165578417727011e+04
6.768988468023497944e+02,2.671061479317627891e+04
6.776615050953820401e+02,2.669369222427904242e+04
6.784240893782426838e+02,2.672355559171193090e+04
6.791865996464188129e+02,2.677631432894049794e+04
6.799490358953974010e+02,2.670563756541493785e+04
6.807113981206650806e+02,2.673052371783176204e+04
6.814736863177092800e+02,2.672156469902905883e+04
6.822359004820166319e+02,2.671161023889093849e+04
6.829980406090738825e+02,2.671360113048304265e+04
6.837601066943683463e+02,2.675540990473320198e+04
6.845220987333867697e+02,2.687585956140414055e+04
6.852840167216160125e+02,2.684400502153671187e+04
6.860458606545431621e+02,2.696545080230593885e+04
6.868076305276550784e+02,2.693260061973123084e+04
6.875693263364387349e+02,2.696843718611990334e+04
6.883309480763808779e+02,2.696047349728444533e+04
6.890924957429688220e+02,2.713169378762361157e+04
6.898539693316891999e+02,2.708689757718782130e+04
6.906153688380289850e+02,2.738653747866815320e+04
6.913766942574749237e+02,2.756373682605947397e+04
6.921379455855144442e+02,2.780963095168192012e+04
6.928991228176340655e+02,2.800276701069401315e+04
6.936602259493208749e+02,2.809336328445370600e+04
6.944212549760617321e+02,2.812323041106837263e+04
6.951822098933436109e+02,2.819092965195546276e+04
6.959430906966534849e+02,2.808440316829690710e+04
6.967038973814782139e+02,2.789325634692062158e+04
6.974646299433048853e+02,2.771406001465420559e+04
6.982252883776201315e+02,2.753984460656740703e+04
6.989858726799111537e+02,2.753188054567624567e+04
6.997463828456649253e+02,2.749604234669779180e+04
7.005068188703680789e+02,2.740843836508770983e+04
7.012671807495077019e+02,2.720934091509962309e+04
7.020274684785707677e+02,2.721830022949954218e+04
7.027876820530441364e+02,2.711875264475043150e+04
7.035478214684148952e+02,2.709486133702316147e+04
7.043078867201696767e+02,2.697341449381590428e+04
7.050678778037956818e+02,2.689278231157419941e+04
7.058277947147798841e+02,2.681712780199457120e+04
7.065876374486090299e+02,2.675740080119798949e+04
7.073474060007699791e+02,2.672853282437952657e+04
7.081071003667500463e+02,2.657224834427005044e+04
7.088667205420357504e+02,2.659016624727735689e+04
7.096262665221142925e+02,2.649858601240099597e+04
7.103857383024723049e+02,2.659713432487817408e+04
7.111451358785971024e+02,2.651252211024449571e+04
7.119044592459753176e+02,2.645180060309456530e+04
7.126637084000939240e+02,2.627063239109668939e+04
7.134228833364400089e+02,2.613127298063896887e+04
7.141819840505004322e+02,2.597996904996790545e+04
7.149410105377621676e+02,2.580178930399120873e+04
7.156999627937120749e+02,2.560270616082218112e+04
7.164588408138370141e+02,2.542751302891775777e+04
7.172176445936240725e+02,2.521449376245059102e+04
7.179763741285599963e+02,2.505224024956363064e+04
7.187350294141319864e+02,2.494772077133136190e+04
7.194936104458267891e+02,2.485713695551312048e+04
7.202521172191312644e+02,2.468293647601862176e+04
7.210105497295326131e+02,2.460131067417871236e+04
7.217689079725175816e+02,2.449579392705609644e+04
7.225271919435730297e+02,2.420412653867812332e+04
7.232854016381859310e+02,2.433453134913837494e+04
7.240435370518434866e+02,2.421905844174698723e+04
7.248015981800323289e+02,2.408367530614600037e+04
7.255595850182393178e+02,2.389154844222617248e+04
7.263174975619517681e+02,2.372530157795402556e+04
7.270753358066563123e+02,2.353615547181318107e+04
7.278330997478398103e+02,2.329026031134897130e+04
7.285907893809895768e+02,2.298362875665481988e+04
7.293484047015921306e+02,2.254655898233957487e+04
7.301059457051346726e+02,2.214331556131479738e+04
7.308634123871039492e+02,2.181970624224153289e+04
7.316208047429871613e+02,2.135467157770265112e+04
7.323781227682709414e+02,2.099516144648311092e+04
7.331353664584423768e+02,2.058681933442668014e+04
7.338925358089883275e+02,2.020632841550847297e+04
7.346496308153957671e+02,1.989453733366434608e+04
7.354066514731516691e+02,1.950501009076785704e+04
7.361635977777428934e+02,1.929578293447335091e+04
7.369204697246563001e+02,1.902177478865937519e+04
7.376772673093790900e+02,1.873578438395339981e+04
7.384339905273980094e+02,1.845873625536069085e+04
7.391906393741999182e+02,1.818465144330951443e+04
7.399472138452720174e+02,1.798330627470805484e+04
7.407037139361009395e+02,1.774805193944412531e+04
7.414601396421737718e+02,1.754268517247460477e+04
7.422164909589772606e+02,1.737319497290261279e+04
7.429727678819986068e+02,1.716779680685261701e+04
7.437289704067245566e+02,1.696238069249029650e+04
7.444850985286421974e+02,1.675495148873540165e+04
7.452411522432383890e+02,1.656745071679624743e+04
7.459971315459998777e+02,1.634801422009676935e+04
7.467530364324139782e+02,1.619140234833488830e+04
7.475088668979673230e+02,1.600484902239318762e+04
7.482646229381469993e+02,1.582226930874495156e+04
7.490203045484398672e+02,1.559277328548050900e+04
7.497759117243327864e+02,1.550895046414950048e+04
7.505314444613127307e+02,1.529837890375313509e+04
7.512869027548667873e+02,1.518759458185478979e+04
7.520422866004815887e+02,1.496201253103020645e+04
7.527975959936443360e+02,1.482026030782037196e+04
7.535528309298420027e+02,1.467849639418320658e+04
7.543079914045612213e+02,1.444386085949430526e+04
7.550630774132890792e+02,1.433002563975246812e+04
7.558180889515127774e+02,1.411731198208672686e+04
7.565730260147188346e+02,1.393153860096294011e+04
7.573278885983942246e+02,1.373575320239872235e+04
7.580826766980261482e+02,1.365982961150074152e+04
7.588373903091013517e+02,1.348698911598013183e+04
7.595920294271066950e+02,1.328215171081755580e+04
7.603465940475293792e+02,1.312425707116474769e+04
7.611010841658560366e+02,1.290837237309957709e+04
7.618554997775737547e+02,1.273444061462519130e+04
7.626098408781695071e+02,1.251349486323121710e+04
7.633641074631300398e+02,1.235451098801369517e+04
7.641182995279425541e+02,1.214250202332043591e+04
7.648724170680937959e+02,1.194646212431571985e+04
7.656264600790706254e+02,1.170236902372867189e+04
7.663804285563602434e+02,1.156129281350960991e+04
7.671343224954492825e+02,1.133213331225804905e+04
7.678881418918249437e+02,1.111093659760507217e+04
7.686418867409739732e+02,1.089770634010269350e+04
7.693955570383833447e+02,1.073550396117070522e+04
7.701491527795400316e+02,1.057828496829454889e+04
7.709026739599310076e+02,1.042404796448067100e+04
7.716561205750431327e+02,1.025576396163747813e+04
7.724094926203632667e+02,1.006340633776359391e+04
7.731627900913784970e+02,9.886044903498148415e+03
7.739160129835755697e+02,9.774802473122277661e+03
7.746691612924415722e+02,9.612426545612466725e+03
7.754222350134633643e+02,9.463057328148557644e+03
7.761752341421280335e+02,9.303638199777780756e+03
7.769281586739222121e+02,9.134163873413042893e+03
7.776810086043331012e+02,8.978702356041418170e+03
7.784337839288474470e+02,8.826224835538041589e+03
7.791864846429524505e+02,8.693789873247053038e+03
7.799391107421348579e+02,8.530226443168285186e+03
7.806916622218815291e+02,8.385704212099943106e+03
7.814441390776793241e+02,8.239151009013952716e+03
7.821965413050154439e+02,8.113658198530724803e+03
7.829488688993767482e+02,7.957018088653070663e+03
7.837011218562499835e+02,7.896764414797828977e+03
7.844533001711223505e+02,7.681825460996844413e+03
7.852054038394805957e+02,7.525106998087971988e+03
7.859574328568116925e+02,7.392476419855541280e+03
7.867093872186025010e+02,7.282939925168282571e+03
7.874612669203403357e+02,7.225653647955419729e+03
7.882130719575116018e+02,7.095991146958814170e+03
7.889648023256033866e+02,6.980383349288411409e+03
7.897164580201028912e+02,6.870792189415677967e+03
7.904680390364967479e+02,6.731016885528210878e+03
7.912195453702719306e+02,6.660617287916689747e+03
7.919709770169156400e+02,6.519799566029361813e+03
7.927223339719143951e+02,6.445357308342498072e+03
7.934736162307553968e+02,6.359840699073743053e+03
7.942248237889255051e+02,6.224001178368519504e+03
7.949759566419116936e+02,6.101222295250828211e+03
7.957270147852009359e+02,6.038819077258756806e+03
7.964779982142800918e+02,5.951244833258551807e+03
7.972289069246359077e+02,5.842518212045087239e+03
7.979797409117555844e+02,5.730755438738735393e+03
7.987305001711259820e+02,5.634082625542394453e+03
7.994811846982340739e+02,5.478977770298048199e+03
8.002317944885667202e+02,5.348020464563862333e+03
8.009823295376107808e+02,5.281525774355589419e+03
8.017327898408532292e+02,5.208979426719179173e+03
8.024831753937811527e+02,5.113247844647777129e+03
8.032334861918815250e+02,4.992306268115105013e+03
8.039837222306409785e+02,4.871345110343904707e+03
8.047338835055466006e+02,4.736248580380150997e+03
8.054839700120852513e+02,4.699949799269324103e+03
8.062339817457440176e+02,4.612220398146583648e+03
8.069839187020097597e+02,4.475059312666100595e+03
8.077337808763693374e+02,4.404451745245125494e+03
8.084835682643097243e+02,4.284403320095117124e+03
8.092332808613178941e+02,4.172407674135004527e+03
8.099829186628807065e+02,4.076541943780781821e+03
8.107324816644852490e+02,3.999840311436779757e+03
8.114819698616182677e+02,3.894867129560865578e+03
8.122313832497668500e+02,3.819155942471827984e+03
8.129807218244177420e+02,3.669729457479863413e+03
8.137299855810580311e+02,3.597024404933240021e+03
8.144791745151745772e+02,3.543500767108573655e+03
8.152282886222543539e+02,3.419270359275480132e+03
8.159773278977842210e+02,3.346540276035758779e+03
8.167262923372512660e+02,3.286936592555799507e+03
8.174751819361421212e+02,3.217224394912475418e+03
8.182239966899441015e+02,3.112138318282829005e+03
8.189727365941439530e+02,3.041398764027755988e+03
8.197214016442286493e+02,2.966609479859803741e+03
8.204699918356850503e+02,2.922136537711272922e+03
8.212185071640000160e+02,2.874628353904778123e+03
8.219669476246606337e+02,2.815996970027821135e+03
8.227153132131538769e+02,2.741184577436229574e+03
8.234636039249663781e+02,2.710853047738612531e+03
8.242118197555853385e+02,2.692653526187565149e+03
8.249599607004977315e+02,2.664342259655435100e+03
8.257080267551903034e+02,2.669397923276244910e+03
8.264560179151501416e+02,2.611761288931448689e+03
8.272039341758642195e+02,2.607716442561245913e+03
8.279517755328191697e+02,2.569289288902039061e+03
8.286995419815020796e+02,2.545018470238001100e+03
8.294472335173999227e+02,2.529848800916778146e+03
8.301948501359996726e+02,2.540973255741530920e+03
8.309423918327881893e+02,2.538950640132123226e+03
8.316898586032523326e+02,2.538950640132123226e+03
8.324372504428791899e+02,2.515690160059633399e+03
8.331845673471557348e+02,2.505576678017991981e+03
8.339318093115685997e+02,2.486360678515833570e+03
8.346789763316050994e+02,2.483326527390126103e+03
8.354260684027519801e+02,2.452984327266422042e+03
8.361730855204961017e+02,2.468155583868888243e+03
8.369200276803243241e+02,2.445904300403758043e+03
8.376668948777238484e+02,2.411514629301544119e+03
8.384136871081815343e+02,2.374088750080433329e+03
8.391604043671841282e+02,2.377123351665341033e+03
8.399070466502187173e+02,2.336660969979694073e+03
8.406536139527722753e+02,2.318452173945935101e+03
8.414001062703315483e+02,2.315417330923293775e+03
8.421465235983837374e+02,2.256741247633960484e+03
8.428928659324155888e+02,2.205142912649662776e+03
8.436391332679140760e+02,2.165682936163906106e+03
8.443853256003660590e+02,2.144434386538874605e+03
8.451314429252585114e+02,2.127232734018130031e+03
8.458774852380784068e+02,2.100923553486743003e+03
8.466234525343127189e+02,2.052350312208035120e+03
8.473693448094483074e+02,2.016930325411933154e+03
8.481151620589720324e+02,1.942036814985377760e+03
8.488609042783709810e+02,1.908635937409076405e+03
8.496065714631318997e+02,1.883331250102486820e+03
8.503521636087419893e+02,1.848915504433489104e+03
8.510976807106879960e+02,1.835756125698636197e+03
8.518431227644570072e+02,1.788177987481751870e+03
8.525884897655355417e+02,1.757807390081462700e+03
8.533337817094109141e+02,1.704149678277485918e+03
8.540789985915700981e+02,1.643400501121830303e+03
8.548241404074997263e+02,1.604923503004331906e+03
8.555692071526869995e+02,1.596822833836921973e+03
8.563141988226186641e+02,1.568469811904334847e+03
8.570591154127818072e+02,1.563406661068001767e+03
8.578039569186632889e+02,1.536065064851423131e+03
8.585487233357500827e+02,1.500620795703572867e+03
8.592934146595289349e+02,1.472264196105364363e+03
8.600380308854870464e+02,1.450996056652985544e+03
8.607825720091111634e+02,1.424663256512345924e+03
8.615270380258882597e+02,1.427701702675617980e+03
8.622714289313053087e+02,1.416560674594875991e+03
8.630157447208490566e+02,1.399342404124162840e+03
8.637599853900069320e+02,1.370982059032490952e+03
8.645041509342652262e+02,1.349711114478511035e+03
8.652482413491113675e+02,1.313245272998181690e+03
8.659922566300319886e+02,1.329452526357246143e+03
8.667361967725141767e+02,1.322361894864637861e+03
8.674800617720449054e+02,1.330465468396906545e+03
8.682238516241109210e+02,1.313245272998181690e+03
8.689675663241991970e+02,1.302102589094497716e+03
8.697112058677968207e+02,1.279816739695124625e+03
8.704547702503904247e+02,1.280829746770477414e+03
8.711982594674674374e+02,1.289946750803269197e+03
8.719416735145142638e+02,1.279816739695124625e+03
8.726850123870182188e+02,1.286907761389875986e+03
8.734282760804659347e+02,1.278803731294632598e+03
8.741714645903447263e+02,1.264621474596214057e+03
8.749145779121411124e+02,1.234230051094963756e+03
8.756576160413422940e+02,1.225112392061244691e+03
8.764005789734350174e+02,1.225112392061244691e+03
8.771434667039063697e+02,1.208902956400587300e+03
8.778862792282430974e+02,1.202824330953646495e+03
8.786290165419322875e+02,1.190666937684394952e+03
8.793716786404609138e+02,1.189653813013444278e+03
8.801142655193158362e+02,1.182561903437515411e+03
8.808567771739840282e+02,1.160272624900351957e+03
8.815992135999522361e+02,1.153180448245937214e+03
8.823415747927077746e+02,1.150140924253579669e+03
8.830838607477371625e+02,1.155206791004314482e+03
8.838260714605276007e+02,1.165338425930157200e+03
8.845682069265657219e+02,1.159259460750074595e+03
8.853102671413388407e+02,1.163312109462920034e+03
8.860522521003337033e+02,1.170404194082229878e+03
8.867941617990372833e+02,1.151154100231547545e+03
8.875359962329363270e+02,1.152167274895697574e+03
8.882777553975179217e+02,1.155206791004314482e+03
8.890194392882691545e+02,1.188640687025195575e+03
8.897610479006766582e+02,1.171417343766306885e+03
8.905025812302277473e+02,1.203837438491503235e+03
8.912440392724088269e+02,1.191680061037956648e+03
8.919854220227073256e+02,1.179522493867497133e+03
8.927267294766098757e+02,1.189653813013444278e+03
8.934679616296034510e+02,1.198771887618412165e+03
8.942091184771750250e+02,1.186614431097165607e+03
8.949502000148115712e+02,1.203837438491503235e+03
8.956912062380000634e+02,1.209916056025736680e+03
8.964321371422272478e+02,1.212955346986238965e+03
8.971729927229800978e+02,1.210929154331787913e+03
8.979137729757458146e+02,1.209916056025736680e+03
8.986544778960111444e+02,1.193706303792552035e+03
8.993951074792628333e+02,1.215994626072447090e+03
9.001356617209879687e+02,1.210929154331787913e+03
9.008761406166736379e+02,1.202824330953646495e+03
9.016165441618064733e+02,1.210929154331787913e+03
9.023568723518736761e+02,1.210929154331787913e+03
9.030971251823619923e+02,1.205863649611445908e+03
9.038373026487583957e+02,1.191680061037956648e+03
9.045774047465499734e+02,1.187627559719739111e+03
9.053174314712234718e+02,1.172430492134724091e+03
9.060573828182660918e+02,1.172430492134724091e+03
9.067972587831642386e+02,1.181548768230717769e+03
9.075370593614053405e+02,1.167364737136957046e+03
9.082767845484761438e+02,1.161285787735980193e+03
9.090164343398635083e+02,1.151154100231547545e+03
9.097560087310545214e+02,1.120758249800034946e+03
9.104955077175360429e+02,1.123797887981064378e+03
9.112349312947949329e+02,1.116705380538246573e+03
9.119742794583182786e+02,1.083268409545982422e+03
9.127135522035928261e+02,1.065029461376685504e+03
9.134527495261058903e+02,1.050843320285683376e+03
9.141918714213437624e+02,1.041723523136371341e+03
9.149309178847939847e+02,1.031590291364684617e+03
9.156698889119430760e+02,1.016390199520322653e+03
9.164087844982781235e+02,9.859891379964360567e+02
9.171476046392862145e+02,9.657211144938128200e+02
9.178863493304540953e+02,9.596406063237402577e+02
9.186250185672686257e+02,9.505197566426888898e+02
9.193636123452168931e+02,9.322777428246243971e+02
9.201021306597857574e+02,9.221431097157216072e+02
9.208405735064621922e+02,8.998464624387984259e+02
9.215789408807333984e+02,8.643732381743419637e+02
9.223172327780856676e+02,8.400478312428709842e+02
9.230554491940064281e+02,8.147080800593006416e+02
9.237935901239824261e+02,8.035583360104437816e+02
9.245316555635006353e+02,7.853129666240718052e+02
9.252696455080480291e+02,7.680808490531661619e+02
9.260075599531114676e+02,7.417251333333174443e+02
9.267453988941779244e+02,7.092861494295268585e+02
9.274831623267343730e+02,6.829285187766905665e+02
9.282208502462676734e+02,6.778596455574872834e+02
9.289584626482647991e+02,6.494733718535236449e+02
9.296959995282127238e+02,6.210861095991346019e+02
9.304334608815981937e+02,5.896562051113907046e+02
9.311708467039082961e+02,5.774894668315675972e+02
9.319081569906300047e+02,5.501136467947061419e+02
9.326453917372499518e+02,5.308486350164190526e+02
9.333825509392555659e+02,5.034712656224737088e+02
9.341196345921333659e+02,4.740649339002063698e+02
9.348566426913704390e+02,4.507419297700297989e+02
9.355935752324537589e+02,4.172773475320853436e+02
9.363304322108701854e+02,3.949668807334901999e+02
9.370672136221068058e+02,3.584575623710625791e+02
9.378039194616502527e+02,3.402023082041606585e+02
9.385405497249877271e+02,3.209324441248459721e+02
9.392771044076059752e+02,2.996336616978571783e+02
9.400135835049920843e+02,2.844199174985249670e+02
9.407499870126328005e+02,2.641345007557287659e+02
9.414863149260152113e+02,2.438485999624344629e+02
9.422225672406261765e+02,2.347197869961149195e+02
9.429587439519527834e+02,2.255908763545502893e+02
9.436948450554816645e+02,2.205192171658530924e+02
9.444308705467001346e+02,2.103758085227965182e+02
9.451668204210948261e+02,2.073327624782557450e+02
9.459026946741527127e+02,2.012466379432654833e+02
9.466384933013608816e+02,1.921173700867603316e+02
9.473742162982060790e+02,1.880598865100456294e+02
9.481098636601752787e+02,1.819736251781876035e+02
9.488454353827554542e+02,1.748729324470547795e+02
9.495809314614335790e+02,1.657433841856719425e+02
9.503163518916965131e+02,1.606713710742951662e+02
9.510516966690312302e+02,1.535705025371703414e+02
9.517869657889247037e+02,1.434263031652593838e+02
9.525221592468637937e+02,1.393685900239071316e+02
9.532572770383353600e+02,1.322675461532489010e+02
9.539923191588264899e+02,1.271953362392183635e+02
9.547272856038240434e+02,1.221230965798724526e+02
9.554621763688148803e+02,1.180652834488062837e+02
9.561969914492860880e+02,1.099496001527548259e+02
9.569317308407244127e+02,1.089351343968584018e+02
9.576663945386170553e+02,1.028483149397296756e+02
9.584009825384507621e+02,9.777593277371893521e+01
9.591354948357123931e+02,9.574697160920464967e+01
9.598699314258890354e+02,9.371800570479791759e+01
9.606042923044675490e+02,9.067454796364168601e+01
9.613385774669350212e+02,8.560209471342305676e+01
9.620727869087780846e+02,8.763107956480858718e+01
9.628069206254838264e+02,8.357310512844605910e+01
9.635409786125391065e+02,8.560209471342305676e+01
9.642749608654311260e+02,8.458760051255454471e+01
9.650088673796464036e+02,8.052961187826070955e+01
9.657426981506722541e+02,7.951511176277269044e+01
9.664764531739954236e+02,7.951511176277269044e+01
9.672101324451027722e+02,8.560209471342305676e+01
9.679437359594815007e+02,8.357310512844605910e+01
9.686772637126182417e+02,8.154411081114106707e+01
9.694107157000000825e+02,7.748610798460661897e+01
9.701440919171138830e+02,8.255860856125553937e+01
9.708773923594465032e+02,7.647160432224529814e+01
9.716106170224851439e+02,8.052961187826070955e+01
9.723437659017165515e+02,8.154411081114106707e+01
9.730768389926276996e+02,7.951511176277269044e+01
9.738098362907055616e+02,7.850061046483521920e+01
9.745427577914369976e+02,7.748610798460661897e+01
9.752756034903088675e+02,8.154411081114106707e+01
9.760083733828082586e+02,7.850061046483521920e+01
9.767410674644220308e+02,7.850061046483521920e+01
9.774736857306371576e+02,7.850061046483521920e+01
9.782062281769404990e+02,8.052961187826070955e+01
9.789386947988189149e+02,7.850061046483521920e+01
9.796710855917596064e+02,7.951511176277269044e+01
9.804034005512492058e+02,7.444259345175829878e+01
9.811356396727749143e+02,8.154411081114106707e+01
9.818678029518234780e+02,8.154411081114106707e+01
9.825998903838818705e+02,7.748610798460661897e+01
9.833319019644371792e+02,8.154411081114106707e+01
9.840638376889760366e+02,8.255860856125553937e+01
9.847956975529855299e+02,8.458760051255454471e+01
9.855274815519526328e+02,8.154411081114106707e+01
9.862591896813644325e+02,8.357310512844605910e+01
9.869908219367073343e+02,7.951511176277269044e+01
9.877223783134688802e+02,8.052961187826070955e+01
9.884538588071354752e+02,8.154411081114106707e+01
9.891852634131944342e+02,8.458760051255454471e+01
9.899165921271326170e+02,8.560209471342305676e+01
9.906478449444368835e+02,8.560209471342305676e+01
9.913790218605942073e+02,-6.341207844323458742e-01
9.921101228710913347e+02,-1.648714989912294371e+00
9.928411479714154666e+02,-6.341207844323458742e-01
9.935720971570532356e+02,1.395064117176764595e+00
