# {"Measurement": "TMDPO absorption in PEGDA", "Measurement Date": "2017-04-13", "Measurement Spectrometer": "Ocean Optics OE65PRO", "Absorber": "TMDPO", "Concentration w/w percent": 5.0, "Film thickness microns": 66.04, "Molar mass g/mole": 348.37, "Solvent": "PEGDA", "Solvent density g/L": 1110, "Solvent absorption measurement file": "TMDPO_5per_noresin_72ms_0_01.csv", "Solvent + absorber absorption measurement file": "TMDPO_5per_72ms_0_01.csv"}
2.999694198695810883e+02,2.867647553041030584e-01
3.007672975609717696e+02,2.965942272733804730e-01
3.015651034220029487e+02,2.873998436319648020e-01
3.023628374481613719e+02,3.076282029087904490e-01
3.031604996349340126e+02,3.198844055911259088e-01
3.039580899778078447e+02,3.338320327510339580e-01
3.047556084722697278e+02,3.338856156538435593e-01
3.055530551138066357e+02,3.483344964260716714e-01
3.063504298979054852e+02,3.683454841675362634e-01
3.071477328200533066e+02,3.891536904685936049e-01
3.079449638757367893e+02,4.111682916055460768e-01
3.087421230604431912e+02,4.436207894848265831e-01
3.095392103696592585e+02,4.749902156833073485e-01
3.103362257988718511e+02,4.745876512061239505e-01
3.111331693435679995e+02,4.893218424817638579e-01
3.119300409992346772e+02,5.172230904633559057e-01
3.127268407613587442e+02,5.177802411306156039e-01
3.135235686254271741e+02,5.638357057827404484e-01
3.143202245869268836e+02,5.768979911442548847e-01
3.151168086413447895e+02,6.103941693500718468e-01
3.159133207841677518e+02,6.054588103119231679e-01
3.167097610108829144e+02,6.206567759312610066e-01
3.175061293169770238e+02,5.838718649187729648e-01
3.183024256979371103e+02,5.725266098974989282e-01
3.190986501492500338e+02,6.002515993188277665e-01
3.198948026664027111e+02,5.742671991589206604e-01
3.206908832448821727e+02,5.627942813316053616e-01
3.214868918801753352e+02,5.699680913564705298e-01
3.222828285677690019e+02,5.647532411110077755e-01
3.230786933031503168e+02,5.569259623509411616e-01
3.238744860818059692e+02,5.475454946981823667e-01
3.246702068992230465e+02,5.362681464311246371e-01
3.254658557508884087e+02,5.242707424929663462e-01
3.262614326322891429e+02,5.074845196684533155e-01
3.270569375389120523e+02,4.882917901000552452e-01
3.278523704662439968e+02,4.889039526286880766e-01
3.286477314097720637e+02,4.766128221363468143e-01
3.294430203649830560e+02,4.656484296980594184e-01
3.302382373273640042e+02,4.638450713458450725e-01
3.310333822924017682e+02,4.477791782576178714e-01
3.318284552555833216e+02,4.400571537741426176e-01
3.326234562123955811e+02,4.306663223809009677e-01
3.334183851583254636e+02,4.085410909697735904e-01
3.342132420888599995e+02,3.880271292471910161e-01
3.350080269994859918e+02,3.888240714575360579e-01
3.358027398856904142e+02,3.626191932006216923e-01
3.365973807429602971e+02,3.365215923636317163e-01
3.373919495667823867e+02,3.139520327002593425e-01
3.381864463526437703e+02,3.076074484213676130e-01
3.389808710960313078e+02,2.899755622018616585e-01
3.397752237924318592e+02,2.790337159002843626e-01
3.405695044373325686e+02,2.662753034682160402e-01
3.413637130262201254e+02,2.582546420732736436e-01
3.421578495545816736e+02,2.580454690208077162e-01
3.429519140179040164e+02,2.539544207182414248e-01
3.437459064116741274e+02,2.450418348989374939e-01
3.445398267313788665e+02,2.519467801442644705e-01
3.453336749725053210e+02,2.514242423108417057e-01
3.461274511305402939e+02,2.541745222895622214e-01
3.469211552009707589e+02,2.622401680453288475e-01
3.477147871792836895e+02,2.672218493211173662e-01
3.485083470609658889e+02,2.784043458947975114e-01
3.493018348415043874e+02,2.771412040117518516e-01
3.500952505163861019e+02,2.786050672960694863e-01
3.508885940810980060e+02,2.738889620740510011e-01
3.516818655311269026e+02,2.848558154514886365e-01
3.524750648619599929e+02,2.886848536996259873e-01
3.532681920690838524e+02,2.921753983911899999e-01
3.540612471479857390e+02,2.983875832626823876e-01
3.548542300941522853e+02,2.985072535543578653e-01
3.556471409030706354e+02,3.049813124881870507e-01
3.564399795702276492e+02,3.072376119090081126e-01
3.572327460911102435e+02,3.123977973475125514e-01
3.580254404612053918e+02,3.190383277897599346e-01
3.588180626760000109e+02,3.331284291027538647e-01
3.596106127309809608e+02,3.457222042544796925e-01
3.604030906216353856e+02,3.562828140115375519e-01
3.611954963434500314e+02,3.692772209168370123e-01
3.619878298919118151e+02,3.829682412575466932e-01
3.627800912625078240e+02,3.906742187589907767e-01
3.635722804507248043e+02,3.994819232552342392e-01
3.643643974520497864e+02,4.011124658252748776e-01
3.651564422619696870e+02,4.100581818219279362e-01
3.659484148759714230e+02,4.118121011877272641e-01
3.667403152895419680e+02,4.163084843227877752e-01
3.675321434981682955e+02,4.168202047636422325e-01
3.683238994973372087e+02,4.168916939490938112e-01
3.691155832825357379e+02,4.121561585463639488e-01
3.699071948492508000e+02,4.138857796348783813e-01
3.706987341929692548e+02,4.123110256125706030e-01
3.714902013091781896e+02,4.108334256328110556e-01
3.722815961933643507e+02,4.168125216465498051e-01
3.730729188410147117e+02,4.199761286681250039e-01
3.738641692476163598e+02,4.282029840210508920e-01
3.746553474086559845e+02,4.346791165377074107e-01
3.754464533196207299e+02,4.399952681723328651e-01
3.762374869759974558e+02,4.459145950979469530e-01
3.770284483732730223e+02,4.573633400898609591e-01
3.778193375069345166e+02,4.622729769665808730e-01
3.786101543724687417e+02,4.705354529439929601e-01
3.794008989653627282e+02,4.728506947945900762e-01
3.801915712811032790e+02,4.728945445625795663e-01
3.809821713151773679e+02,4.665903296813737056e-01
3.817726990630719683e+02,4.618192874876117515e-01
3.825631545202739972e+02,4.581999054174710762e-01
3.833535376822703711e+02,4.481181362217828146e-01
3.841438485445480637e+02,4.352723539412070575e-01
3.849340871025939919e+02,4.248544364867092860e-01
3.857242533518951291e+02,4.161294983547781934e-01
3.865143472879382784e+02,4.041617338420455119e-01
3.873043689062104136e+02,3.900276520262199731e-01
3.880943182021986217e+02,3.813711363421918299e-01
3.888841951713895924e+02,3.726699417007043880e-01
3.896739998092704127e+02,3.625057207806653969e-01
3.904637321113279995e+02,3.553386960997811927e-01
3.912533920730492696e+02,3.521772729705510696e-01
3.920429796899210828e+02,3.514035804336393398e-01
3.928324949574305265e+02,3.470849647089591650e-01
3.936219378710644037e+02,3.462292428061582994e-01
3.944113084263098017e+02,3.437695560838052167e-01
3.952006066186534099e+02,3.419578559822041286e-01
3.959898324435823724e+02,3.423279888039006957e-01
3.967789858965834355e+02,3.355317487901254281e-01
3.975680669731436865e+02,3.308608538696277135e-01
3.983570756687500420e+02,3.230752160417029173e-01
3.991460119788893053e+02,3.172084711830575610e-01
3.999348758990485635e+02,3.047328574677370949e-01
4.007236674247147334e+02,2.905513524928768354e-01
4.015123865513746182e+02,2.783646552543102004e-01
4.023010332745152482e+02,2.621478196762188628e-01
4.030896075896235402e+02,2.442721538979660267e-01
4.038781094921864110e+02,2.306291292121228076e-01
4.046665389776909478e+02,2.132552344526290888e-01
4.054548960416237833e+02,1.982059018681182339e-01
4.062431806794720046e+02,1.803980673921606881e-01
4.070313928867226423e+02,1.623442550475037716e-01
4.078195326588623857e+02,1.423709518128520868e-01
4.086075999913784358e+02,1.241560544467963934e-01
4.093955948797575388e+02,1.051505970106544063e-01
4.101835173194867252e+02,8.877393150583570702e-02
4.109713673060529686e+02,7.708252443500050732e-02
4.117591448349429584e+02,6.442785773127640558e-02
4.125468499016439523e+02,5.518781242621891708e-02
4.133344825016426398e+02,4.798054246666770550e-02
4.141220426304259945e+02,4.260350814289607518e-02
4.149095302834811037e+02,3.438603918887653266e-02
4.156969454562946567e+02,2.896096343026731412e-02
4.164842881443537976e+02,2.391411135151302880e-02
4.172715583431453297e+02,2.037766177815423380e-02
4.180587560481562264e+02,1.878804005486140599e-02
4.188458812548734613e+02,1.689109575297268601e-02
4.196329339587839513e+02,1.401957061364096126e-02
4.204199141553744994e+02,1.254059088045688698e-02
4.212068218401323065e+02,1.079366677186067471e-02
4.219936570085440621e+02,6.563290515402683475e-03
4.227804196560967398e+02,7.130290577561225474e-03
4.235671097782773131e+02,4.786286433079583319e-03
4.243537273705726989e+02,6.835864308718042973e-03
4.251402724284698706e+02,4.975083156592114211e-03
4.259267449474557452e+02,4.435367251931145172e-03
4.267131449230172393e+02,2.944971635072242411e-03
4.274994723506412697e+02,1.498187220539676581e-03
4.282857272258148100e+02,2.354383168809582455e-03
4.290719095440247770e+02,2.696334300465912451e-03
4.298580193007580306e+02,1.477179992425402613e-03
4.306440564915016012e+02,1.363358601479106383e-03
4.314300211117423487e+02,1.099272045290483266e-03
4.322159131569672468e+02,-2.267606722713864584e-04
4.330017326226632690e+02,1.604522210925806922e-03
4.337874795043172185e+02,-7.256607408755270938e-04
4.345731537974161824e+02,-3.438520234398505411e-03
4.353587554974470208e+02,-3.555858104699354504e-03
4.361442845998966504e+02,-3.744499232655367285e-03
4.369297411002519880e+02,-5.218468573531105832e-03
4.377151249940000639e+02,-2.892815825768542057e-03
4.385004362766276813e+02,-3.317292556195885686e-03
4.392856749436218138e+02,-2.176972233401155282e-03
4.400708409904694349e+02,-1.181930114974379283e-03
4.408559344126574615e+02,-7.385034854475681573e-04
4.416409552056727534e+02,-1.652779499729199048e-04
4.424259033650023412e+02,7.128380245239006319e-04
4.432107788861331414e+02,-5.452901434485025664e-04
4.439955817645520710e+02,9.845766295037677168e-04
4.447803119957460467e+02,-6.786619722633779883e-04
4.455649695752019852e+02,1.195952455926565725e-03
4.463495544984069170e+02,-7.859395837688087222e-04
4.471340667608476451e+02,-3.388174631571662029e-04
4.479185063580111432e+02,9.954846941168417340e-04
4.487028732853843849e+02,1.371806586405732720e-03
4.494871675384542300e+02,-7.187023079772980605e-05
4.502713891127077090e+02,6.679837568632045197e-05
4.510555380036316819e+02,1.752721437816863112e-03
4.518396142067130654e+02,-3.103771383293450759e-04
4.526236177174388899e+02,1.307075691794810229e-03
4.534075485312960723e+02,1.863645764224694523e-03
4.541914066437714155e+02,6.733621536883192815e-04
4.549751920503519500e+02,-1.016703520199262016e-03
4.557589047465245358e+02,9.205755318230281897e-04
4.565425447277761464e+02,9.017363790791866479e-04
4.573261119895937554e+02,-7.554701127905939784e-04
4.581096065274642797e+02,3.562515700976228925e-04
4.588930283368745791e+02,-7.024801991873715762e-04
4.596763774133116840e+02,6.962679192585620458e-04
4.604596537522625113e+02,5.650858317218770271e-04
4.612428573492140913e+02,8.408813643924813869e-04
4.620259881996530567e+02,5.069276325834429914e-04
4.628090462990665515e+02,9.819008330618095998e-04
4.635920316429414356e+02,-5.593817983347449535e-04
4.643749442267647396e+02,1.754015970331857660e-03
4.651577840460232665e+02,-1.164780614281747673e-05
4.659405510962040466e+02,1.013613182521487521e-03
4.667232453727939401e+02,7.160897726116340067e-04
4.675058668712799772e+02,-2.517492116637000052e-03
4.682884155871489611e+02,-6.054855472977108480e-04
4.690708915158879790e+02,-9.769551674899904642e-04
4.698532946529838910e+02,-6.777320304080713606e-04
4.706356249939236136e+02,4.795938368133412233e-04
4.714178825341940069e+02,2.027307128044792545e-03
4.722000672692821013e+02,4.004858738089391718e-04
4.729821791946747567e+02,6.842528376053667871e-04
4.737642183058590035e+02,5.172838589773617879e-04
4.745461845983217017e+02,-2.349250130296636971e-04
4.753280780675498249e+02,-1.602992116880690154e-06
4.761098987090302899e+02,7.606842036883103286e-04
4.768916465182499564e+02,-7.733321852635430607e-04
4.776733214906958551e+02,1.090641695706360409e-04
4.784549236218550732e+02,-2.497793361200010762e-04
4.792364529072141863e+02,8.378730555602103419e-04
4.800179093422602250e+02,3.351997315841374545e-04
4.807992929224802765e+02,-6.842553623492547005e-04
4.815806036433611439e+02,-1.595050837389340795e-04
4.823618415003898576e+02,-6.187193162054700074e-04
4.831430064890532776e+02,-1.319367192408003701e-03
4.839240986048383206e+02,1.329115035070202455e-04
4.847051178432319603e+02,1.983553519986722830e-04
4.854860641997211133e+02,-9.500763146685301669e-04
4.862669376697929238e+02,-5.877622060846254132e-04
4.870477382489339107e+02,6.960717875739881599e-04
4.878284659326312180e+02,-1.228902861448348885e-04
4.886091207163717627e+02,-2.278738272145103966e-04
4.893897025956425182e+02,-3.067799184060075735e-05
4.901702115659304582e+02,5.345031378132022309e-04
4.909506476227223288e+02,6.725580910332141366e-04
4.917310107615052175e+02,2.287949904095643028e-04
4.925113009777659840e+02,1.808681298916285304e-04
4.932915182669916021e+02,7.062739716462203970e-04
4.940716626246689884e+02,6.279900556324276295e-04
4.948517340462852303e+02,4.520674583088288290e-04
4.956317325273270171e+02,-6.471361817277174883e-05
4.964116580632813225e+02,1.410658601141276045e-04
4.971915106496351200e+02,2.003679420857469931e-04
4.979712902818753264e+02,1.398540432405724274e-03
4.987509969554889722e+02,9.723329347294789454e-04
4.995306306659628603e+02,1.590289541885215457e-03
5.003101914087840214e+02,-4.781077943512490255e-04
5.010896791794392584e+02,7.314851196443972886e-04
5.018690939734156586e+02,-3.116608885220077674e-06
5.026484357862001957e+02,-2.391700210447504985e-04
5.034277046132795590e+02,-6.042229867994301090e-04
5.042069004501407790e+02,1.669654086640354196e-03
5.049860232922708860e+02,-2.229679549201440437e-03
5.057650731351566833e+02,1.485862689506074752e-03
5.065440499742852012e+02,-5.093876204847660322e-04
5.073229538051433565e+02,-2.485266670340510395e-04
5.081017846232180091e+02,2.705563722182804248e-05
5.088805424239961326e+02,-7.233250918161834853e-05
5.096592272029647575e+02,-1.881677525640466052e-03
5.104378389556105731e+02,-7.160983307750844878e-04
5.112163776774208941e+02,1.636509546318167321e-04
5.119948433638822394e+02,-5.117345209516540108e-04
5.127732360104818099e+02,-1.490875936845242888e-03
5.135515556127063519e+02,1.915616369875593888e-03
5.143298021660430095e+02,-1.079825766190917538e-03
5.151079756659786426e+02,-7.267478184627357632e-04
5.158860761079999975e+02,2.764937755735490110e-04
5.166641034875942751e+02,1.144070870586695252e-03
5.174420578002482216e+02,-1.317235399096114597e-03
5.182199390414486970e+02,1.767787659818010823e-03
5.189977472066831297e+02,1.195888110174431196e-03
5.197754822914378110e+02,-1.584450570560331020e-03
5.205531442912000557e+02,6.058337722601100928e-04
5.213307332014566100e+02,1.035651755982610125e-03
5.221082490176944475e+02,-2.597047734798100735e-04
5.228856917354006555e+02,-1.209361983700600086e-03
5.236630613500619802e+02,-1.314852853289104340e-04
5.244403578571653952e+02,-2.404943634935867436e-04
5.252175812521979879e+02,8.720470240552793961e-04
5.259947315306465043e+02,1.349158332636126584e-03
5.267718086879979182e+02,-8.015231926388078493e-04
5.275488127197393169e+02,-4.291520007577596593e-04
5.283257436213573328e+02,6.296226745315172679e-04
5.291026013883391670e+02,8.666162547409407557e-04
5.298793860161715656e+02,-1.062499890611334416e-04
5.306560975003416161e+02,-1.984185090180903832e-03
5.314327358363360645e+02,-4.742310025196835518e-04
5.322093010196419982e+02,-6.334332051042904088e-04
5.329857930457461634e+02,5.404980663993239065e-06
5.337622119101358749e+02,-1.369717365516637253e-03
5.345385576082976513e+02,1.170504134974588092e-03
5.353148301357188075e+02,1.849701848897137083e-03
5.360910294878859759e+02,-1.897839128298392866e-04
5.368671556602861301e+02,-4.413794695657807798e-04
5.376432086484061301e+02,-4.379234067440167244e-04
5.384191884477331769e+02,6.303958239809327041e-04
5.391950950537540166e+02,-6.623675459774790164e-06
5.399709284619556229e+02,-1.210578958400600549e-03
