# {"Measurement": "Irgacure 819 absorption in PEGDA", "Measurement Date": "2017-04-13", "Measurement Spectrometer": "Ocean Optics OE65PRO", "Absorber": "Irgacure 819", "Concentration w/w percent": 1.0, "Film thickness microns": 63.5, "Molar mass g/mole": 418.5, "Solvent": "PEGDA", "Solvent density g/L": 1110, "Solvent absorption measurement file": "Irgacure819_1per_noresin_76ms_0_01.csv", "Solvent + absorber absorption measurement file": "Irgacure819_1per_76ms_0_01.csv"}
2.999694198695810883e+02,2.010125664169909454e-01
3.007672975609717696e+02,1.869103126249768709e-01
3.015651034220029487e+02,2.038942793875826998e-01
3.023628374481613719e+02,2.270595979447385948e-01
3.031604996349340126e+02,2.333995674181376101e-01
3.039580899778078447e+02,2.383244731817587003e-01
3.047556084722697278e+02,2.497382172724570970e-01
3.055530551138066357e+02,2.795878649099352575e-01
3.063504298979054852e+02,2.636105881689895791e-01
3.071477328200533066e+02,2.910271666948444635e-01
3.079449638757367893e+02,2.867175086708623200e-01
3.087421230604431912e+02,3.334218608122431760e-01
3.095392103696592585e+02,3.261362572086680678e-01
3.103362257988718511e+02,3.558679247653643851e-01
3.111331693435679995e+02,3.555358811035715938e-01
3.119300409992346772e+02,3.845706114356493011e-01
3.127268407613587442e+02,4.070908787658547023e-01
3.135235686254271741e+02,4.053161719421244924e-01
3.143202245869268836e+02,4.403114234814677896e-01
3.151168086413447895e+02,4.550544443286140273e-01
3.159133207841677518e+02,4.526811405181426773e-01
3.167097610108829144e+02,4.626442288932282598e-01
3.175061293169770238e+02,4.535825233878829632e-01
3.183024256979371103e+02,4.362025067423782598e-01
3.190986501492500338e+02,4.276148605769524158e-01
3.198948026664027111e+02,4.148291028198345387e-01
3.206908832448821727e+02,4.191345436586269568e-01
3.214868918801753352e+02,4.041186723484026522e-01
3.222828285677690019e+02,4.044616442135263168e-01
3.230786933031503168e+02,4.029179074091256418e-01
3.238744860818059692e+02,3.786456480774214040e-01
3.246702068992230465e+02,3.788273152409428746e-01
3.254658557508884087e+02,3.523189118597864766e-01
3.262614326322891429e+02,3.639348792814378619e-01
3.270569375389120523e+02,3.442277627541119323e-01
3.278523704662439968e+02,3.328455739374996392e-01
3.286477314097720637e+02,3.262692574974035420e-01
3.294430203649830560e+02,3.321617107748169873e-01
3.302382373273640042e+02,3.186990444047842486e-01
3.310333822924017682e+02,3.121238841237550798e-01
3.318284552555833216e+02,3.169098492692220548e-01
3.326234562123955811e+02,3.051108710885753750e-01
3.334183851583254636e+02,3.051108929250200275e-01
3.342132420888599995e+02,2.834663914365158632e-01
3.350080269994859918e+02,2.883883960614163633e-01
3.358027398856904142e+02,2.639809985587523999e-01
3.365973807429602971e+02,2.542692427107677844e-01
3.373919495667823867e+02,2.252424307283265592e-01
3.381864463526437703e+02,2.149299481761220154e-01
3.389808710960313078e+02,2.043234472349280129e-01
3.397752237924318592e+02,1.983613271105162945e-01
3.405695044373325686e+02,1.885353332116052327e-01
3.413637130262201254e+02,1.839263727301973517e-01
3.421578495545816736e+02,1.716563570838189889e-01
3.429519140179040164e+02,1.683054461072866492e-01
3.437459064116741274e+02,1.658069203214683207e-01
3.445398267313788665e+02,1.639044156604273217e-01
3.453336749725053210e+02,1.543679492545356469e-01
3.461274511305402939e+02,1.510061877637419725e-01
3.469211552009707589e+02,1.462393033598605452e-01
3.477147871792836895e+02,1.419006603153584178e-01
3.485083470609658889e+02,1.467956487796447662e-01
3.493018348415043874e+02,1.365926579260187956e-01
3.500952505163861019e+02,1.355067733524428497e-01
3.508885940810980060e+02,1.346508664692050161e-01
3.516818655311269026e+02,1.337825534767340674e-01
3.524750648619599929e+02,1.386898710238200771e-01
3.532681920690838524e+02,1.356640234940034162e-01
3.540612471479857390e+02,1.366434585350996822e-01
3.548542300941522853e+02,1.385189149114502416e-01
3.556471409030706354e+02,1.343652943167410185e-01
3.564399795702276492e+02,1.353747097893689133e-01
3.572327460911102435e+02,1.315508627239079242e-01
3.580254404612053918e+02,1.345786691725689155e-01
3.588180626760000109e+02,1.340857324538385908e-01
3.596106127309809608e+02,1.391472040446820602e-01
3.604030906216353856e+02,1.355266366741343931e-01
3.611954963434500314e+02,1.437895866626918151e-01
3.619878298919118151e+02,1.486810160516395807e-01
3.627800912625078240e+02,1.471343082788980350e-01
3.635722804507248043e+02,1.505198757275170163e-01
3.643643974520497864e+02,1.554716694243807040e-01
3.651564422619696870e+02,1.567585226710671298e-01
3.659484148759714230e+02,1.577124183650507883e-01
3.667403152895419680e+02,1.618211102685304936e-01
3.675321434981682955e+02,1.620491905278825251e-01
3.683238994973372087e+02,1.638667851396116704e-01
3.691155832825357379e+02,1.657938547854779787e-01
3.699071948492508000e+02,1.662566687251165465e-01
3.706987341929692548e+02,1.654663119036521579e-01
3.714902013091781896e+02,1.668163604567730052e-01
3.722815961933643507e+02,1.626406653668371616e-01
3.730729188410147117e+02,1.584799138485185055e-01
3.738641692476163598e+02,1.562870095618869026e-01
3.746553474086559845e+02,1.517068641320697131e-01
3.754464533196207299e+02,1.492969011780265476e-01
3.762374869759974558e+02,1.498766806799033957e-01
3.770284483732730223e+02,1.450868528405737379e-01
3.778193375069345166e+02,1.436034157733304673e-01
3.786101543724687417e+02,1.441835523106045069e-01
3.794008989653627282e+02,1.415936344768825850e-01
3.801915712811032790e+02,1.413120090042962185e-01
3.809821713151773679e+02,1.352301176423108819e-01
3.817726990630719683e+02,1.378837092493398198e-01
3.825631545202739972e+02,1.332240181085209141e-01
3.833535376822703711e+02,1.315832199590370455e-01
3.841438485445480637e+02,1.312112018072408015e-01
3.849340871025939919e+02,1.296660606675102134e-01
3.857242533518951291e+02,1.300062281595315838e-01
3.865143472879382784e+02,1.269023245847288317e-01
3.873043689062104136e+02,1.269424718513852968e-01
3.880943182021986217e+02,1.228885502021151849e-01
3.888841951713895924e+02,1.257261057757456113e-01
3.896739998092704127e+02,1.248960553975624749e-01
3.904637321113279995e+02,1.247203451934321000e-01
3.912533920730492696e+02,1.233032290782122148e-01
3.920429796899210828e+02,1.199088008430879149e-01
3.928324949574305265e+02,1.217082188269434789e-01
3.936219378710644037e+02,1.210964514143947068e-01
3.944113084263098017e+02,1.204772038402017603e-01
3.952006066186534099e+02,1.181798815440374406e-01
3.959898324435823724e+02,1.166275364412781151e-01
3.967789858965834355e+02,1.159343486723086875e-01
3.975680669731436865e+02,1.128368245190983360e-01
3.983570756687500420e+02,1.118248475152117533e-01
3.991460119788893053e+02,1.054794643722570258e-01
3.999348758990485635e+02,1.084053952575403101e-01
4.007236674247147334e+02,1.049267469540757780e-01
4.015123865513746182e+02,1.039497134727683375e-01
4.023010332745152482e+02,1.017075022250871208e-01
4.030896075896235402e+02,1.000713773319622385e-01
4.038781094921864110e+02,9.636507514773520744e-02
4.046665389776909478e+02,9.750150717198696748e-02
4.054548960416237833e+02,9.368527687705431595e-02
4.062431806794720046e+02,8.954568679686704391e-02
4.070313928867226423e+02,8.626772207947167037e-02
4.078195326588623857e+02,8.432473361627729203e-02
4.086075999913784358e+02,7.811851562619648304e-02
4.093955948797575388e+02,7.742675031247778228e-02
4.101835173194867252e+02,7.173094623290009186e-02
4.109713673060529686e+02,7.109237764478740229e-02
4.117591448349429584e+02,6.564470563279407866e-02
4.125468499016439523e+02,6.216862949728015064e-02
4.133344825016426398e+02,6.173139513568877412e-02
4.141220426304259945e+02,5.925386260222614832e-02
4.149095302834811037e+02,5.552616238572548324e-02
4.156969454562946567e+02,5.422824107847432767e-02
4.164842881443537976e+02,5.182221200481875595e-02
4.172715583431453297e+02,4.829189554326620420e-02
4.180587560481562264e+02,4.679437442130093133e-02
4.188458812548734613e+02,4.515913831000389206e-02
4.196329339587839513e+02,4.227584743342356621e-02
4.204199141553744994e+02,4.190850705574120094e-02
4.212068218401323065e+02,3.805055580635636342e-02
4.219936570085440621e+02,3.806394947901468873e-02
4.227804196560967398e+02,3.571725211867952943e-02
4.235671097782773131e+02,3.310894228492778507e-02
4.243537273705726989e+02,3.360027958434181478e-02
4.251402724284698706e+02,2.908666598276807985e-02
4.259267449474557452e+02,2.802405241702775676e-02
4.267131449230172393e+02,2.666016786095673149e-02
4.274994723506412697e+02,2.374625581633314081e-02
4.282857272258148100e+02,2.322754056409555984e-02
4.290719095440247770e+02,2.201922086836545500e-02
4.298580193007580306e+02,1.964128927288550860e-02
4.306440564915016012e+02,1.847363388492494901e-02
4.314300211117423487e+02,1.628686085870404907e-02
4.322159131569672468e+02,1.542754417914522433e-02
4.330017326226632690e+02,1.437499970942696104e-02
4.337874795043172185e+02,1.237512603672396953e-02
4.345731537974161824e+02,1.080094107526357802e-02
4.353587554974470208e+02,8.539341990275983382e-03
4.361442845998966504e+02,8.860298353997859630e-03
4.369297411002519880e+02,7.262517278278500521e-03
4.377151249940000639e+02,7.588117653912158922e-03
4.385004362766276813e+02,7.221530286205094656e-03
4.392856749436218138e+02,7.604251923381691661e-03
4.400708409904694349e+02,7.379438267280347477e-03
4.408559344126574615e+02,4.436390175314879059e-03
4.416409552056727534e+02,5.364990126094251396e-03
4.424259033650023412e+02,3.889618574723206160e-03
4.432107788861331414e+02,3.935583803338964237e-03
4.439955817645520710e+02,3.362531668621077541e-03
4.447803119957460467e+02,2.452655631677748502e-03
4.455649695752019852e+02,2.401094430959162338e-03
4.463495544984069170e+02,4.151012590946606684e-03
4.471340667608476451e+02,2.996209511596926393e-03
4.479185063580111432e+02,2.245235286302130814e-03
4.487028732853843849e+02,2.551609877125297996e-03
4.494871675384542300e+02,1.304423098158931805e-03
4.502713891127077090e+02,2.050723530134874757e-03
4.510555380036316819e+02,2.855682743292977960e-03
4.518396142067130654e+02,3.236132179324914798e-03
4.526236177174388899e+02,1.349422196590001084e-03
4.534075485312960723e+02,4.303357701968405988e-03
4.541914066437714155e+02,2.032836374845223542e-03
4.549751920503519500e+02,1.380635185468582615e-03
4.557589047465245358e+02,5.843542722744586582e-04
4.565425447277761464e+02,1.923214389390813777e-03
4.573261119895937554e+02,1.338752392476098840e-04
4.581096065274642797e+02,2.029193453754883376e-03
4.588930283368745791e+02,-1.333543090720475371e-03
4.596763774133116840e+02,2.597686636793445757e-03
4.604596537522625113e+02,2.670762718938798821e-03
4.612428573492140913e+02,-5.847446293241547431e-04
4.620259881996530567e+02,6.192554619730049684e-05
4.628090462990665515e+02,1.351383974142203806e-04
4.635920316429414356e+02,1.568552392170631440e-03
4.643749442267647396e+02,5.991922478980433661e-04
4.651577840460232665e+02,1.868951788096044359e-03
4.659405510962040466e+02,-3.024936121551902862e-04
4.667232453727939401e+02,7.098981007054062931e-04
4.675058668712799772e+02,1.180000798826777789e-05
4.682884155871489611e+02,1.925977630859482866e-03
4.690708915158879790e+02,-7.315909614664549074e-05
4.698532946529838910e+02,1.617795236198257998e-04
4.706356249939236136e+02,-1.406688144953384054e-03
4.714178825341940069e+02,5.088448739901919003e-04
4.722000672692821013e+02,4.189848852586067207e-05
4.729821791946747567e+02,2.435167909056251950e-03
4.737642183058590035e+02,2.656080247920469643e-04
4.745461845983217017e+02,9.517526865887708000e-04
4.753280780675498249e+02,1.406941281166502068e-03
4.761098987090302899e+02,1.047548804725973934e-03
4.768916465182499564e+02,1.002746958919819090e-03
4.776733214906958551e+02,-1.876552236207210123e-04
4.784549236218550732e+02,-6.715995152023696360e-05
4.792364529072141863e+02,-3.478074825414428917e-04
4.800179093422602250e+02,-3.048397147375047495e-04
4.807992929224802765e+02,2.429916808233539838e-04
4.815806036433611439e+02,4.251446261544175077e-04
4.823618415003898576e+02,8.863876296280170236e-05
4.831430064890532776e+02,-3.590677036614266758e-04
4.839240986048383206e+02,8.052218724922555887e-04
4.847051178432319603e+02,9.727353804644045185e-05
4.854860641997211133e+02,2.719216927820409906e-04
4.862669376697929238e+02,-2.823605884242907926e-04
4.870477382489339107e+02,-1.178269504338452312e-03
4.878284659326312180e+02,8.933998456650549258e-04
4.886091207163717627e+02,2.956040659084207406e-04
4.893897025956425182e+02,2.507175390336962781e-04
4.901702115659304582e+02,-9.499896060387485238e-04
4.909506476227223288e+02,-3.775916159233015483e-04
4.917310107615052175e+02,-5.588470308871204550e-04
4.925113009777659840e+02,3.642406827852615395e-04
4.932915182669916021e+02,2.710417149007519552e-05
4.940716626246689884e+02,-5.453975254565007758e-05
4.948517340462852303e+02,-2.326364880507717121e-03
4.956317325273270171e+02,6.521959818116284703e-04
4.964116580632813225e+02,1.455803340963408420e-03
4.971915106496351200e+02,1.254017718164248188e-04
4.979712902818753264e+02,-1.341842328824100535e-03
4.987509969554889722e+02,9.196439707250619010e-04
4.995306306659628603e+02,-3.297473186939740147e-04
5.003101914087840214e+02,-2.059470085903045405e-03
5.010896791794392584e+02,-1.067390985088833731e-03
5.018690939734156586e+02,-2.710416026151887293e-04
5.026484357862001957e+02,-3.263670040073994236e-03
5.034277046132795590e+02,6.411402883276643740e-04
5.042069004501407790e+02,3.659401012577525453e-05
5.049860232922708860e+02,-2.311702743075507924e-04
5.057650731351566833e+02,-5.920424725259988870e-04
5.065440499742852012e+02,2.999056977481639845e-04
5.073229538051433565e+02,8.496558607624022687e-04
5.081017846232180091e+02,6.494724971116091518e-04
5.088805424239961326e+02,9.660922707109050739e-04
5.096592272029647575e+02,-9.521388148922126787e-05
5.104378389556105731e+02,6.716450979816503651e-04
5.112163776774208941e+02,5.691720582734756222e-04
5.119948433638822394e+02,7.634696445785803080e-04
5.127732360104818099e+02,2.005228104012836497e-03
5.135515556127063519e+02,1.156438618273462459e-03
5.143298021660430095e+02,1.849271826872825406e-03
5.151079756659786426e+02,-4.455476363680742520e-04
5.158860761079999975e+02,-1.310050960138433706e-03
5.166641034875942751e+02,-3.938229533055697361e-04
5.174420578002482216e+02,-1.953748209621332388e-04
5.182199390414486970e+02,-2.127046422333196685e-06
5.189977472066831297e+02,-4.355259379644287575e-04
5.197754822914378110e+02,-1.619650202808820341e-04
5.205531442912000557e+02,-4.606306492572816852e-04
5.213307332014566100e+02,-8.445759504607393796e-04
5.221082490176944475e+02,-6.316074654742825575e-04
5.228856917354006555e+02,-1.067422649243802762e-03
5.236630613500619802e+02,-3.626706823479275595e-04
5.244403578571653952e+02,-4.345475094505338136e-04
5.252175812521979879e+02,-3.362917009022297656e-04
5.259947315306465043e+02,-2.209088899180673173e-04
5.267718086879979182e+02,7.487306080205145473e-04
5.275488127197393169e+02,-5.450539775033952719e-04
5.283257436213573328e+02,2.343290858232978217e-04
5.291026013883391670e+02,-2.994956581867623535e-06
5.298793860161715656e+02,-4.254051911819658853e-04
5.306560975003416161e+02,5.332147398974004630e-04
5.314327358363360645e+02,8.305306515166031509e-04
5.322093010196419982e+02,-6.910977019812828900e-05
5.329857930457461634e+02,5.715241948891355492e-04
5.337622119101358749e+02,7.631864854248629655e-04
5.345385576082976513e+02,-6.169711474179060198e-05
5.353148301357188075e+02,9.801174823349740120e-04
5.360910294878859759e+02,9.194540664076572556e-05
5.368671556602861301e+02,-7.398152469828556121e-05
5.376432086484061301e+02,-1.787727536981884545e-03
5.384191884477331769e+02,-4.517575021319515834e-04
5.391950950537540166e+02,5.932327553801021794e-04
5.399709284619556229e+02,-6.248426461159251044e-04
