# {"Measurement": "Octocrylene absorption in PEGDA", "Measurement Date": "2017-04-13", "Measurement Spectrometer": "Ocean Optics OE65PRO", "Absorber": "Octocrylene", "Concentration w/w percent": 1.0, "Film thickness microns": 63.5, "Molar mass g/mole": 361.48, "Solvent": "PEGDA", "Solvent density g/L": 1110, "Solvent absorption measurement file": "Octocrylene_1per_noresin_80ms_0_01.csv", "Solvent + absorber absorption measurement file": "Octocrylene_1per_80ms_0_01.csv"}
2.999694198695810883e+02,2.013126774918924666e-01
3.007672975609717696e+02,2.025478377607365932e-01
3.015651034220029487e+02,2.284195742098834581e-01
3.023628374481613719e+02,2.466566689041360116e-01
3.031604996349340126e+02,2.552134525728634862e-01
3.039580899778078447e+02,2.729359303905087297e-01
3.047556084722697278e+02,2.831716628490235643e-01
3.055530551138066357e+02,2.857741569118278369e-01
3.063504298979054852e+02,3.278069510771112194e-01
3.071477328200533066e+02,2.999946774985576825e-01
3.079449638757367893e+02,3.368880235470368412e-01
3.087421230604431912e+02,3.493457160837024622e-01
3.095392103696592585e+02,3.850737245373394013e-01
3.103362257988718511e+02,4.107090891395887566e-01
3.111331693435679995e+02,4.259046627231498072e-01
3.119300409992346772e+02,4.606548326532873272e-01
3.127268407613587442e+02,4.592925861083449468e-01
3.135235686254271741e+02,4.991421576689732964e-01
3.143202245869268836e+02,5.201736300191660556e-01
3.151168086413447895e+02,5.632680628396085076e-01
3.159133207841677518e+02,5.665644789900000644e-01
3.167097610108829144e+02,5.730281346139436405e-01
3.175061293169770238e+02,5.701328289052838283e-01
3.183024256979371103e+02,5.804285211361038810e-01
3.190986501492500338e+02,5.569100481262091451e-01
3.198948026664027111e+02,5.608739329116381178e-01
3.206908832448821727e+02,5.819981813040530083e-01
3.214868918801753352e+02,5.517972071239665155e-01
3.222828285677690019e+02,5.702024151027340615e-01
3.230786933031503168e+02,5.517910340872772545e-01
3.238744860818059692e+02,5.593338097814565257e-01
3.246702068992230465e+02,5.371758611169535902e-01
3.254658557508884087e+02,5.563529235094966108e-01
3.262614326322891429e+02,5.359263974383636775e-01
3.270569375389120523e+02,5.445740223189764473e-01
3.278523704662439968e+02,5.386214419294695910e-01
3.286477314097720637e+02,5.333615823672254175e-01
3.294430203649830560e+02,5.519898314923242788e-01
3.302382373273640042e+02,5.649344886680883748e-01
3.310333822924017682e+02,5.642561281058258160e-01
3.318284552555833216e+02,5.880344144174115550e-01
3.326234562123955811e+02,6.128982814801421375e-01
3.334183851583254636e+02,6.208686643251094539e-01
3.342132420888599995e+02,6.401079280872026267e-01
3.350080269994859918e+02,6.222079057771536803e-01
3.358027398856904142e+02,6.054265913843259739e-01
3.365973807429602971e+02,5.681547933714485854e-01
3.373919495667823867e+02,5.337720103754045597e-01
3.381864463526437703e+02,5.264547747335760475e-01
3.389808710960313078e+02,5.102060297241906017e-01
3.397752237924318592e+02,5.003026384127048365e-01
3.405695044373325686e+02,4.921460045002805095e-01
3.413637130262201254e+02,4.771748062828420900e-01
3.421578495545816736e+02,4.691618627496040861e-01
3.429519140179040164e+02,4.534443806046193903e-01
3.437459064116741274e+02,4.310459942595555316e-01
3.445398267313788665e+02,4.161352444114226334e-01
3.453336749725053210e+02,3.935714271398327302e-01
3.461274511305402939e+02,3.769894628285743732e-01
3.469211552009707589e+02,3.620227974184624942e-01
3.477147871792836895e+02,3.400656430906257577e-01
3.485083470609658889e+02,3.248224973762990353e-01
3.493018348415043874e+02,3.098759556275773597e-01
3.500952505163861019e+02,2.864579817419795060e-01
3.508885940810980060e+02,2.718647292938758953e-01
3.516818655311269026e+02,2.570442508795510173e-01
3.524750648619599929e+02,2.437851902813655269e-01
3.532681920690838524e+02,2.296580455669867127e-01
3.540612471479857390e+02,2.220322050905126909e-01
3.548542300941522853e+02,2.103762770574014174e-01
3.556471409030706354e+02,2.003984704924444138e-01
3.564399795702276492e+02,1.818501223519329857e-01
3.572327460911102435e+02,1.772388234252739170e-01
3.580254404612053918e+02,1.667616084364817453e-01
3.588180626760000109e+02,1.584931264869171019e-01
3.596106127309809608e+02,1.532971526269978624e-01
3.604030906216353856e+02,1.481289302840690103e-01
3.611954963434500314e+02,1.393368741231068020e-01
3.619878298919118151e+02,1.374400284095440017e-01
3.627800912625078240e+02,1.311069414708126435e-01
3.635722804507248043e+02,1.232245208879149956e-01
3.643643974520497864e+02,1.187024634423960168e-01
3.651564422619696870e+02,1.129072906914755509e-01
3.659484148759714230e+02,1.019344898290574369e-01
3.667403152895419680e+02,9.535552354672402475e-02
3.675321434981682955e+02,8.947118534461941108e-02
3.683238994973372087e+02,8.236218156055752360e-02
3.691155832825357379e+02,7.352476871546050063e-02
3.699071948492508000e+02,6.904856954613465547e-02
3.706987341929692548e+02,6.611093619275620892e-02
3.714902013091781896e+02,5.791447667733125998e-02
3.722815961933643507e+02,5.236113244085099233e-02
3.730729188410147117e+02,5.016794614653370676e-02
3.738641692476163598e+02,4.366520396307257967e-02
3.746553474086559845e+02,4.124978363669902504e-02
3.754464533196207299e+02,3.758622921134580769e-02
3.762374869759974558e+02,3.555625466653963840e-02
3.770284483732730223e+02,2.828887146534657046e-02
3.778193375069345166e+02,2.714170558550094148e-02
3.786101543724687417e+02,2.967400864214749662e-02
3.794008989653627282e+02,2.292564576173965543e-02
3.801915712811032790e+02,1.981560466973751253e-02
3.809821713151773679e+02,2.140345457549744715e-02
3.817726990630719683e+02,1.819825512964651573e-02
3.825631545202739972e+02,1.853776736055378835e-02
3.833535376822703711e+02,1.750218640660568606e-02
3.841438485445480637e+02,1.719560417506678027e-02
3.849340871025939919e+02,1.432073920094734110e-02
3.857242533518951291e+02,1.409957004867515643e-02
3.865143472879382784e+02,1.634734564339233170e-02
3.873043689062104136e+02,8.479119869444225188e-03
3.880943182021986217e+02,7.757318880065406860e-03
3.888841951713895924e+02,8.712076725042013428e-03
3.896739998092704127e+02,9.493268607778784784e-03
3.904637321113279995e+02,5.322192820087091880e-03
3.912533920730492696e+02,6.968594719132232759e-03
3.920429796899210828e+02,8.122029774555115586e-03
3.928324949574305265e+02,4.567161620251197762e-03
3.936219378710644037e+02,3.062932105315345835e-03
3.944113084263098017e+02,3.834621878399139747e-03
3.952006066186534099e+02,4.743071615973459484e-03
3.959898324435823724e+02,6.032041736971411987e-03
3.967789858965834355e+02,3.088376747877688913e-03
3.975680669731436865e+02,3.272862935625506405e-03
3.983570756687500420e+02,5.094531624400979938e-03
3.991460119788893053e+02,3.520593580660129167e-03
3.999348758990485635e+02,2.342794418329848232e-03
4.007236674247147334e+02,1.659239407080001505e-03
4.015123865513746182e+02,1.851295324350776903e-03
4.023010332745152482e+02,2.300369614801266345e-03
4.030896075896235402e+02,2.163066908537771438e-03
4.038781094921864110e+02,3.165177317925875651e-03
4.046665389776909478e+02,4.595670164795317633e-03
4.054548960416237833e+02,2.649989458983259116e-03
4.062431806794720046e+02,4.112147897850314086e-03
4.070313928867226423e+02,3.320485576057663132e-03
4.078195326588623857e+02,2.311051480129322315e-03
4.086075999913784358e+02,1.687138063497527467e-03
4.093955948797575388e+02,7.463973985377089001e-04
4.101835173194867252e+02,3.023742029147030545e-03
4.109713673060529686e+02,4.482208523264082783e-04
4.117591448349429584e+02,6.030242593472320226e-04
4.125468499016439523e+02,1.417109141775242317e-03
4.133344825016426398e+02,5.617204132476369925e-04
4.141220426304259945e+02,1.027517039957866586e-03
4.149095302834811037e+02,1.510220748768581478e-03
4.156969454562946567e+02,1.077725926794002084e-03
4.164842881443537976e+02,-8.336233008151053801e-04
4.172715583431453297e+02,1.336085116607895525e-03
4.180587560481562264e+02,1.588368320875947065e-03
4.188458812548734613e+02,2.275925889513711643e-03
4.196329339587839513e+02,1.276996920352502186e-03
4.204199141553744994e+02,1.394186020551651042e-03
4.212068218401323065e+02,1.936873882498136397e-03
4.219936570085440621e+02,2.012278333169751493e-03
4.227804196560967398e+02,1.032016608030048802e-03
4.235671097782773131e+02,1.483347457241854066e-03
4.243537273705726989e+02,1.038813942327330292e-03
4.251402724284698706e+02,-2.180436074708078271e-04
4.259267449474557452e+02,-3.019111002402694033e-05
4.267131449230172393e+02,6.200497235882543225e-04
4.274994723506412697e+02,4.190602466109887535e-04
4.282857272258148100e+02,1.963638615685289399e-04
4.290719095440247770e+02,1.289637605715141617e-03
4.298580193007580306e+02,1.030107151238704444e-04
4.306440564915016012e+02,4.862406301478507629e-04
4.314300211117423487e+02,1.088721359438546811e-03
4.322159131569672468e+02,1.542163109277262627e-03
4.330017326226632690e+02,9.333102763235312429e-04
4.337874795043172185e+02,2.270622934585525641e-03
4.345731537974161824e+02,2.053001887231348330e-03
4.353587554974470208e+02,2.653259422891343297e-03
4.361442845998966504e+02,3.403526739282769151e-03
4.369297411002519880e+02,3.382654181401954351e-03
4.377151249940000639e+02,1.873715372641564280e-03
4.385004362766276813e+02,2.505570481697875530e-03
4.392856749436218138e+02,2.317552398484209672e-03
4.400708409904694349e+02,1.601768565529661237e-03
4.408559344126574615e+02,6.605898359702355813e-04
4.416409552056727534e+02,1.647754231126732308e-03
4.424259033650023412e+02,3.344548800990072152e-05
4.432107788861331414e+02,3.426780911722829542e-04
4.439955817645520710e+02,2.770537303131972648e-04
4.447803119957460467e+02,1.400651610978058013e-03
4.455649695752019852e+02,3.886491615157691010e-06
4.463495544984069170e+02,9.806872179503800177e-05
4.471340667608476451e+02,8.279293675527948752e-04
4.479185063580111432e+02,3.005353537210604664e-04
4.487028732853843849e+02,-1.763910065189161838e-05
4.494871675384542300e+02,4.820551686135286350e-04
4.502713891127077090e+02,-1.197838896694939335e-04
4.510555380036316819e+02,-3.570796546338776516e-04
4.518396142067130654e+02,1.787128202983571598e-05
4.526236177174388899e+02,4.668796588890046766e-04
4.534075485312960723e+02,7.519031106396833423e-04
4.541914066437714155e+02,-1.430667373749800256e-03
4.549751920503519500e+02,-6.262359044208144418e-05
4.557589047465245358e+02,8.163030655519932979e-04
4.565425447277761464e+02,-1.505599166451245842e-03
4.573261119895937554e+02,6.787864852321769376e-04
4.581096065274642797e+02,-6.992666239679728134e-04
4.588930283368745791e+02,-3.430466455921826405e-04
4.596763774133116840e+02,-1.264160853786648435e-03
4.604596537522625113e+02,-3.901021750293497646e-04
4.612428573492140913e+02,-2.951801325364045159e-05
4.620259881996530567e+02,1.802490239302559014e-03
4.628090462990665515e+02,4.106194164279642483e-04
4.635920316429414356e+02,1.434940526788251909e-03
4.643749442267647396e+02,1.031545012461254716e-03
4.651577840460232665e+02,-8.587281718351364064e-04
4.659405510962040466e+02,-3.853394379105027322e-04
4.667232453727939401e+02,4.913514670641589473e-04
4.675058668712799772e+02,2.163142521442454162e-03
4.682884155871489611e+02,1.048391669739740526e-03
4.690708915158879790e+02,1.376567244555754318e-03
4.698532946529838910e+02,1.087079489865395120e-04
4.706356249939236136e+02,4.628440485920438160e-04
4.714178825341940069e+02,1.144793939601344282e-03
4.722000672692821013e+02,1.201420800594009191e-03
4.729821791946747567e+02,1.433055783711561278e-03
4.737642183058590035e+02,9.913654536544936561e-04
4.745461845983217017e+02,1.405361782085612138e-03
4.753280780675498249e+02,-1.352365649584560091e-03
4.761098987090302899e+02,-1.000566142315416004e-03
4.768916465182499564e+02,6.885103589330616915e-04
4.776733214906958551e+02,1.339211809417556074e-03
4.784549236218550732e+02,-4.208807796714881741e-04
4.792364529072141863e+02,1.743764025056474985e-03
4.800179093422602250e+02,-9.924050516483926172e-04
4.807992929224802765e+02,-8.792572232872316283e-04
4.815806036433611439e+02,1.286616607794928511e-03
4.823618415003898576e+02,1.137651488501259999e-03
4.831430064890532776e+02,-1.543839000639959848e-03
4.839240986048383206e+02,5.544939262314943669e-04
4.847051178432319603e+02,2.888414929416872196e-04
4.854860641997211133e+02,-3.705530289765555582e-05
4.862669376697929238e+02,7.926034265217363466e-04
4.870477382489339107e+02,2.731591878595354683e-06
4.878284659326312180e+02,9.257555075010460727e-04
4.886091207163717627e+02,-4.364974181723544830e-05
4.893897025956425182e+02,-2.538586504378338368e-04
4.901702115659304582e+02,4.435456477952109695e-04
4.909506476227223288e+02,5.465081101997928872e-04
4.917310107615052175e+02,3.919134426736553545e-05
4.925113009777659840e+02,6.086057108843250570e-04
4.932915182669916021e+02,-7.221981302813602031e-04
4.940716626246689884e+02,-1.143583693541146921e-03
4.948517340462852303e+02,-8.906205293722491145e-05
4.956317325273270171e+02,9.918750351283445958e-04
4.964116580632813225e+02,-1.429200607121401592e-03
4.971915106496351200e+02,-1.024977786077010174e-03
4.979712902818753264e+02,1.573561147178341359e-03
4.987509969554889722e+02,-1.698226918880386439e-04
4.995306306659628603e+02,-1.792645672753220582e-03
5.003101914087840214e+02,-4.193393185563114474e-04
5.010896791794392584e+02,-2.762399481518346914e-03
5.018690939734156586e+02,-5.325862543824129609e-04
5.026484357862001957e+02,7.982868117695541849e-04
5.034277046132795590e+02,-1.629559107987127095e-04
5.042069004501407790e+02,1.475798840281222161e-03
5.049860232922708860e+02,-1.787311747876818395e-04
5.057650731351566833e+02,-1.866942421677027838e-03
5.065440499742852012e+02,-6.016680879615552216e-04
5.073229538051433565e+02,-1.245465307119525845e-03
5.081017846232180091e+02,-2.426824471653023230e-04
5.088805424239961326e+02,1.747924925138606006e-03
5.096592272029647575e+02,-7.682707653902639058e-04
5.104378389556105731e+02,-1.582431572995195157e-04
5.112163776774208941e+02,-2.974905728718182062e-04
5.119948433638822394e+02,-5.137104612452534844e-04
5.127732360104818099e+02,4.005520069152298732e-04
5.135515556127063519e+02,-4.565660735702070476e-04
5.143298021660430095e+02,1.614060554718881133e-03
5.151079756659786426e+02,-1.294937773687976010e-03
5.158860761079999975e+02,-2.206624215702820968e-05
5.166641034875942751e+02,1.496024152456653083e-03
5.174420578002482216e+02,1.350516623274288040e-03
5.182199390414486970e+02,-9.954381710631865846e-04
5.189977472066831297e+02,-1.436054870035352767e-03
5.197754822914378110e+02,-6.805009720261588971e-04
5.205531442912000557e+02,1.731331410925680651e-03
5.213307332014566100e+02,-3.715616252331988348e-05
5.221082490176944475e+02,-3.447877656747159493e-04
5.228856917354006555e+02,-7.598530433720767675e-04
5.236630613500619802e+02,5.902804919572673427e-04
5.244403578571653952e+02,9.348337838156043668e-04
5.252175812521979879e+02,-1.353032832441688170e-04
5.259947315306465043e+02,-1.556750874831037447e-04
5.267718086879979182e+02,1.568214276305248712e-04
5.275488127197393169e+02,-1.779656208016890725e-03
5.283257436213573328e+02,4.235369206635794092e-04
5.291026013883391670e+02,1.454593339061255319e-04
5.298793860161715656e+02,-7.303022469695589006e-05
5.306560975003416161e+02,3.866244896362880205e-04
5.314327358363360645e+02,-1.233717304510173647e-03
5.322093010196419982e+02,-1.018649688446916605e-04
5.329857930457461634e+02,1.244583312863365484e-03
5.337622119101358749e+02,-6.953812724656617018e-04
5.345385576082976513e+02,-3.575944730878871484e-04
5.353148301357188075e+02,7.593612154417500072e-04
5.360910294878859759e+02,7.046956724502504051e-04
5.368671556602861301e+02,3.433853598372098130e-04
5.376432086484061301e+02,-7.868351100274364324e-04
5.384191884477331769e+02,-8.139333315565922683e-05
5.391950950537540166e+02,-4.256091655378741768e-04
5.399709284619556229e+02,-7.052122063180574565e-04
