# # 11/22/18,100 um fiber,No slit,Integration time: 8.0 ms,Dark correction on,Nonlinearity correction on # wavelength,intensity
2.999694198695810883e+02,1.876107602052394605e-03
3.007672975609717696e+02,1.876107602052394605e-03
3.015651034220029487e+02,1.876107602052394605e-03
3.023628374481613719e+02,2.098126097227405451e-03
3.031604996349340126e+02,1.964915154672816026e-03
3.039580899778078447e+02,2.053722501235386109e-03
3.047556084722697278e+02,2.275739965769873075e-03
3.055530551138066357e+02,2.497756141214386820e-03
3.063504298979054852e+02,2.675368152836984405e-03
3.071477328200533066e+02,2.453353009294721374e-03
3.079449638757367893e+02,2.630965227353724688e-03
3.087421230604431912e+02,2.586562250250880064e-03
3.095392103696592585e+02,2.852979338434545424e-03
3.103362257988718511e+02,2.897382005715184831e-03
3.111331693435679995e+02,2.986187185285170843e-03
3.119300409992346772e+02,3.297003685640787808e-03
3.127268407613587442e+02,3.385807934616071827e-03
3.135235686254271741e+02,3.430209981500334168e-03
3.143202245869268836e+02,3.474611976639764999e-03
3.151168086413447895e+02,3.696621175922031478e-03
3.159133207841677518e+02,3.963030506035003162e-03
3.167097610108829144e+02,4.051833201523978405e-03
3.175061293169770238e+02,4.451442764271889597e-03
3.183024256979371103e+02,4.495843567373787077e-03
3.190986501492500338e+02,4.851048122842338897e-03
3.198948026664027111e+02,5.028649153633708672e-03
3.206908832448821727e+02,5.117449357102336893e-03
3.214868918801753352e+02,5.295049139912697336e-03
3.222828285677690019e+02,5.517047697626015733e-03
3.230786933031503168e+02,5.872242682117248709e-03
3.238744860818059692e+02,6.049838923664022962e-03
3.246702068992230465e+02,6.493825876190024125e-03
3.254658557508884087e+02,6.760215541772976282e-03
3.262614326322891429e+02,7.292989227822995434e-03
3.270569375389120523e+02,7.292989227822995434e-03
3.278523704662439968e+02,7.914549002176049161e-03
3.286477314097720637e+02,8.358513979088516566e-03
3.294430203649830560e+02,9.068847020305539908e-03
3.302382373273640042e+02,9.690377386105199914e-03
3.310333822924017682e+02,1.031189742420947700e-02
3.318284552555833216e+02,1.102219337018580346e-02
3.326234562123955811e+02,1.195443624879132666e-02
3.334183851583254636e+02,1.350812239069384794e-02
3.342132420888599995e+02,1.501735505041625930e-02
3.350080269994859918e+02,1.643775287688917924e-02
3.358027398856904142e+02,1.701477381300357111e-02
3.365973807429602971e+02,1.772494096058096005e-02
3.373919495667823867e+02,1.794686536962540255e-02
3.381864463526437703e+02,1.847947845687381019e-02
3.389808710960313078e+02,1.874578208920069447e-02
3.397752237924318592e+02,1.905646720496023683e-02
3.405695044373325686e+02,2.060985305208864679e-02
3.413637130262201254e+02,2.203003343773954001e-02
3.421578495545816736e+02,2.393831309196997603e-02
3.429519140179040164e+02,2.602399156597356988e-02
3.437459064116741274e+02,2.828703739259489855e-02
3.445398267313788665e+02,3.090489172933823248e-02
3.453336749725053210e+02,3.290143052631361309e-02
3.461274511305402939e+02,3.569639521587601033e-02
3.469211552009707589e+02,3.778138285261747192e-02
3.477147871792836895e+02,4.013239003730577348e-02
3.485083470609658889e+02,4.390254160796963623e-02
3.493018348415043874e+02,4.580963838521554671e-02
3.500952505163861019e+02,4.869225866691607313e-02
3.508885940810980060e+02,5.184069007308939742e-02
3.516818655311269026e+02,5.494449296137560862e-02
3.524750648619599929e+02,5.928934003762250521e-02
3.532681920690838524e+02,6.562826503242286114e-02
3.540612471479857390e+02,7.338405500464083298e-02
3.548542300941522853e+02,8.344171540298303547e-02
3.556471409030706354e+02,9.810175411621376018e-02
3.564399795702276492e+02,1.166055509353517289e-01
3.572327460911102435e+02,1.384156831739088156e-01
3.580254404612053918e+02,1.679439568797783944e-01
3.588180626760000109e+02,2.025209903751243046e-01
3.596106127309809608e+02,2.465831082896408621e-01
3.604030906216353856e+02,2.974978596542223741e-01
3.611954963434500314e+02,3.596772678996161821e-01
3.619878298919118151e+02,4.255302313139115444e-01
3.627800912625078240e+02,5.005704811782739627e-01
3.635722804507248043e+02,5.787380708748166569e-01
3.643643974520497864e+02,6.636662244134308164e-01
3.651564422619696870e+02,7.419121510363068106e-01
3.659484148759714230e+02,8.158222095081636427e-01
3.667403152895419680e+02,8.804037816129354210e-01
3.675321434981682955e+02,9.300981017032444731e-01
3.683238994973372087e+02,9.701937093621727515e-01
3.691155832825357379e+02,9.964704569234279496e-01
3.699071948492508000e+02,1.000000000000000000e+00
3.706987341929692548e+02,9.606062274676101520e-01
3.714902013091781896e+02,8.518884822831876980e-01
3.722815961933643507e+02,6.777312902438076270e-01
3.730729188410147117e+02,4.822595560273517656e-01
3.738641692476163598e+02,3.056830798196505383e-01
3.746553474086559845e+02,1.776628544823391775e-01
3.754464533196207299e+02,1.052300735665450682e-01
3.762374869759974558e+02,6.930695078015387811e-02
3.770284483732730223e+02,5.263883784258321236e-02
3.778193375069345166e+02,4.283806974311842736e-02
3.786101543724687417e+02,3.884600949690229788e-02
3.794008989653627282e+02,3.511967463734270295e-02
3.801915712811032790e+02,3.196972643176818757e-02
3.809821713151773679e+02,2.979565493401713228e-02
3.817726990630719683e+02,2.762145054289267751e-02
3.825631545202739972e+02,2.589086676972787368e-02
3.833535376822703711e+02,2.362766978781999719e-02
3.841438485445480637e+02,2.225193159659435288e-02
3.849340871025939919e+02,2.118680803900623022e-02
3.857242533518951291e+02,1.950029849396149942e-02
3.865143472879382784e+02,1.870139828534600826e-02
3.873043689062104136e+02,1.701477381300357111e-02
3.880943182021986217e+02,1.626020614880140797e-02
3.888841951713895924e+02,1.523929582397545376e-02
3.896739998092704127e+02,1.430713559876764344e-02
3.904637321113279995e+02,1.368568237342314073e-02
3.912533920730492696e+02,1.266470084630698552e-02
3.920429796899210828e+02,1.199882818406078355e-02
3.928324949574305265e+02,1.142172889176984278e-02
3.936219378710644037e+02,1.075583397562043624e-02
3.944113084263098017e+02,1.031189742420947700e-02
3.952006066186534099e+02,9.424008492907167550e-03
3.959898324435823724e+02,9.202032967218104834e-03
3.967789858965834355e+02,8.491702448796588712e-03
3.975680669731436865e+02,8.225325036919080984e-03
3.983570756687500420e+02,7.648167498986060790e-03
3.991460119788893053e+02,7.204194136534274907e-03
3.999348758990485635e+02,7.026603326132842275e-03
4.007236674247147334e+02,6.493825876190024125e-03
4.015123865513746182e+02,6.360630338393016663e-03
4.023010332745152482e+02,5.872242682117248709e-03
4.030896075896235402e+02,5.650246207501232604e-03
4.038781094921864110e+02,5.472648090190702225e-03
4.046665389776909478e+02,5.206249352546836809e-03
4.054548960416237833e+02,4.717846804091590553e-03
4.062431806794720046e+02,4.717846804091590553e-03
4.070313928867226423e+02,4.540244318565378641e-03
4.078195326588623857e+02,4.096234471509557773e-03
4.086075999913784358e+02,3.963030506035003162e-03
4.093955948797575388e+02,3.918629080545390532e-03
4.101835173194867252e+02,3.741022860447063957e-03
4.109713673060529686e+02,3.385807934616071827e-03
4.117591448349429584e+02,3.563415811656419491e-03
4.125468499016439523e+02,3.208199229769408915e-03
4.133344825016426398e+02,3.163796924265039473e-03
4.141220426304259945e+02,2.941784621334382187e-03
4.149095302834811037e+02,2.986187185285170843e-03
4.156969454562946567e+02,2.808576619499432783e-03
4.164842881443537976e+02,2.497756141214386820e-03
4.172715583431453297e+02,2.497756141214386820e-03
4.180587560481562264e+02,2.275739965769873075e-03
4.188458812548734613e+02,2.408949825783436929e-03
4.196329339587839513e+02,2.186933134597797163e-03
4.204199141553744994e+02,2.098126097227405451e-03
4.212068218401323065e+02,2.186933134597797163e-03
4.219936570085440621e+02,1.920511404116321099e-03
4.227804196560967398e+02,2.009318853714847034e-03
4.235671097782773131e+02,1.654087819367641276e-03
4.243537273705726989e+02,1.920511404116321099e-03
4.251402724284698706e+02,1.698491878863131683e-03
4.259267449474557452e+02,1.565279545988194475e-03
4.267131449230172393e+02,1.609683708406977600e-03
4.274994723506412697e+02,1.343257962269574831e-03
4.282857272258148100e+02,1.476471066804499249e-03
4.290719095440247770e+02,1.476471066804499249e-03
4.298580193007580306e+02,1.432066750053709314e-03
4.306440564915016012e+02,1.432066750053709314e-03
4.314300211117423487e+02,1.165639769769119755e-03
4.322159131569672468e+02,1.298853491250370881e-03
4.330017326226632690e+02,1.254448968822507917e-03
4.337874795043172185e+02,1.210044394993063828e-03
4.345731537974161824e+02,1.165639769769119755e-03