# {"Measurement": "Sudan I absorption in PEGDA", "Measurement Date": "2017-04-13", "Measurement Spectrometer": "Ocean Optics OE65PRO", "Absorber": "Sudan I", "Concentration w/w percent": 0.2, "Film thickness microns": 60.96, "Molar mass g/mole": 248.28, "Solvent": "PEGDA", "Solvent density g/L": 1110, "Solvent absorption measurement file": "SudanI_02per_noresin_64ms_0_01.csv", "Solvent + absorber absorption measurement file": "SudanI_02per_64ms_0_01.csv"}
2.999694198695810883e+02,5.850000870167787980e+03
3.007672975609717696e+02,5.919207296585017502e+03
3.015651034220029487e+02,5.648724687409149738e+03
3.023628374481613719e+02,5.558173761267244117e+03
3.031604996349340126e+02,5.596694186802375043e+03
3.039580899778078447e+02,5.407059901294961492e+03
3.047556084722697278e+02,5.774429902553565626e+03
3.055530551138066357e+02,5.964064389453828881e+03
3.063504298979054852e+02,6.021966653599000892e+03
3.071477328200533066e+02,5.895121061060841384e+03
3.079449638757367893e+02,6.180886677069070174e+03
3.087421230604431912e+02,5.979136938744126383e+03
3.095392103696592585e+02,5.875552553566602001e+03
3.103362257988718511e+02,6.104702855749279479e+03
3.111331693435679995e+02,6.283311826063591070e+03
3.119300409992346772e+02,6.381947721023088889e+03
3.127268407613587442e+02,5.929247974330103716e+03
3.135235686254271741e+02,6.272369612390344628e+03
3.143202245869268836e+02,6.599451362774841073e+03
3.151168086413447895e+02,6.386623366972243275e+03
3.159133207841677518e+02,6.491564936576808577e+03
3.167097610108829144e+02,6.647441053377396202e+03
3.175061293169770238e+02,6.411242229358392251e+03
3.183024256979371103e+02,6.708217201517852118e+03
3.190986501492500338e+02,6.446461022362545009e+03
3.198948026664027111e+02,6.311713790117275494e+03
3.206908832448821727e+02,6.394130800761196042e+03
3.214868918801753352e+02,6.201921800225180050e+03
3.222828285677690019e+02,6.181206605827737803e+03
3.230786933031503168e+02,6.018465211082670066e+03
3.238744860818059692e+02,5.834574351227501211e+03
3.246702068992230465e+02,5.829314260154556905e+03
3.254658557508884087e+02,5.775635723804974077e+03
3.262614326322891429e+02,5.785118329443590483e+03
3.270569375389120523e+02,5.696034120752696253e+03
3.278523704662439968e+02,5.492950620201527272e+03
3.286477314097720637e+02,5.367622488450387209e+03
3.294430203649830560e+02,5.248677207508725587e+03
3.302382373273640042e+02,5.364757535928853031e+03
3.310333822924017682e+02,5.069811984623457647e+03
3.318284552555833216e+02,4.959652291229446746e+03
3.326234562123955811e+02,5.047865473189637669e+03
3.334183851583254636e+02,4.906582924123928933e+03
3.342132420888599995e+02,4.806544621954477407e+03
3.350080269994859918e+02,4.906770400437167154e+03
3.358027398856904142e+02,4.831239790802162133e+03
3.365973807429602971e+02,4.752883014399290914e+03
3.373919495667823867e+02,4.878930079445571209e+03
3.381864463526437703e+02,4.775068349823638528e+03
3.389808710960313078e+02,4.811289842238847086e+03
3.397752237924318592e+02,4.901564997533168935e+03
3.405695044373325686e+02,4.952133111690585793e+03
3.413637130262201254e+02,4.851261060431418628e+03
3.421578495545816736e+02,4.804161431192745113e+03
3.429519140179040164e+02,4.932381450250411035e+03
3.437459064116741274e+02,4.851766250788749858e+03
3.445398267313788665e+02,4.849400558675262801e+03
3.453336749725053210e+02,4.950392905627290929e+03
3.461274511305402939e+02,5.049024713291029002e+03
3.469211552009707589e+02,5.127640698256649557e+03
3.477147871792836895e+02,5.199624202727086413e+03
3.485083470609658889e+02,5.181990636076294322e+03
3.493018348415043874e+02,5.259189916787288894e+03
3.500952505163861019e+02,5.349234336309702485e+03
3.508885940810980060e+02,5.440217889377136999e+03
3.516818655311269026e+02,5.391234157026972753e+03
3.524750648619599929e+02,5.576151954286700857e+03
3.532681920690838524e+02,5.604411951932273041e+03
3.540612471479857390e+02,5.691553192654796476e+03
3.548542300941522853e+02,5.684988311819113733e+03
3.556471409030706354e+02,5.800843962052746065e+03
3.564399795702276492e+02,5.829197862314958002e+03
3.572327460911102435e+02,5.926048312368583538e+03
3.580254404612053918e+02,5.796631263260942433e+03
3.588180626760000109e+02,5.878678996417411327e+03
3.596106127309809608e+02,5.999992097900207227e+03
3.604030906216353856e+02,6.008249983909348884e+03
3.611954963434500314e+02,6.005456896946244342e+03
3.619878298919118151e+02,6.053755169181122255e+03
3.627800912625078240e+02,6.038447907317005047e+03
3.635722804507248043e+02,6.058553224494247843e+03
3.643643974520497864e+02,6.127417948751125550e+03
3.651564422619696870e+02,6.213099583696724949e+03
3.659484148759714230e+02,6.240830289111489037e+03
3.667403152895419680e+02,6.388758139001513882e+03
3.675321434981682955e+02,6.367379573616489324e+03
3.683238994973372087e+02,6.461193685719279529e+03
3.691155832825357379e+02,6.551367748902901440e+03
3.699071948492508000e+02,6.582291927396692699e+03
3.706987341929692548e+02,6.724459926802630434e+03
3.714902013091781896e+02,6.750488895329381194e+03
3.722815961933643507e+02,6.839920657702213248e+03
3.730729188410147117e+02,6.913663449782678981e+03
3.738641692476163598e+02,6.998871598498635649e+03
3.746553474086559845e+02,7.117452756198225870e+03
3.754464533196207299e+02,7.230245900262802024e+03
3.762374869759974558e+02,7.266656033986179864e+03
3.770284483732730223e+02,7.300411739053172823e+03
3.778193375069345166e+02,7.384508503566288709e+03
3.786101543724687417e+02,7.534118794669840099e+03
3.794008989653627282e+02,7.634710615693886211e+03
3.801915712811032790e+02,7.714014244738226807e+03
3.809821713151773679e+02,7.707082234623941076e+03
3.817726990630719683e+02,7.830980199934654593e+03
3.825631545202739972e+02,7.913028160785952423e+03
3.833535376822703711e+02,7.978350656395779879e+03
3.841438485445480637e+02,8.201033029641066605e+03
3.849340871025939919e+02,8.201076778382313933e+03
3.857242533518951291e+02,8.324571510223244331e+03
3.865143472879382784e+02,8.419087640827248833e+03
3.873043689062104136e+02,8.554317047205428025e+03
3.880943182021986217e+02,8.605801499404980859e+03
3.888841951713895924e+02,8.715872814860980725e+03
3.896739998092704127e+02,8.824852784516553584e+03
3.904637321113279995e+02,8.880281435587390661e+03
3.912533920730492696e+02,8.956317717613201239e+03
3.920429796899210828e+02,9.101080039335714901e+03
3.928324949574305265e+02,9.183073207597861256e+03
3.936219378710644037e+02,9.257472542276327658e+03
3.944113084263098017e+02,9.330404854516655178e+03
3.952006066186534099e+02,9.413850179731694880e+03
3.959898324435823724e+02,9.534333561357399958e+03
3.967789858965834355e+02,9.626646364071255448e+03
3.975680669731436865e+02,9.627991218194481917e+03
3.983570756687500420e+02,9.717351115021345322e+03
3.991460119788893053e+02,9.845974610640010724e+03
3.999348758990485635e+02,9.921380582072024481e+03
4.007236674247147334e+02,1.009176569185335939e+04
4.015123865513746182e+02,1.011974194664158313e+04
4.023010332745152482e+02,1.017536707593819483e+04
4.030896075896235402e+02,1.031047852721976233e+04
4.038781094921864110e+02,1.035389104147221587e+04
4.046665389776909478e+02,1.041530123134807400e+04
4.054548960416237833e+02,1.050804534488764148e+04
4.062431806794720046e+02,1.055858432349848590e+04
4.070313928867226423e+02,1.064163349876515349e+04
4.078195326588623857e+02,1.073231844019110395e+04
4.086075999913784358e+02,1.083707367048550077e+04
4.093955948797575388e+02,1.095195395175709018e+04
4.101835173194867252e+02,1.099954743318432884e+04
4.109713673060529686e+02,1.108641141987457922e+04
4.117591448349429584e+02,1.115920339299649095e+04
4.125468499016439523e+02,1.122297140577527171e+04
4.133344825016426398e+02,1.122065377700194040e+04
4.141220426304259945e+02,1.130215736993704013e+04
4.149095302834811037e+02,1.138017714352629991e+04
4.156969454562946567e+02,1.144214072519812544e+04
4.164842881443537976e+02,1.150216590571976667e+04
4.172715583431453297e+02,1.151634814015438860e+04
4.180587560481562264e+02,1.158412810339542921e+04
4.188458812548734613e+02,1.155911751764750079e+04
4.196329339587839513e+02,1.171201064820438842e+04
4.204199141553744994e+02,1.169784422453312982e+04
4.212068218401323065e+02,1.172581920417653600e+04
4.219936570085440621e+02,1.176423180491918720e+04
4.227804196560967398e+02,1.174535030051029207e+04
4.235671097782773131e+02,1.174770435955391076e+04
4.243537273705726989e+02,1.182822713000098884e+04
4.251402724284698706e+02,1.179852579399792558e+04
4.259267449474557452e+02,1.185937288982644532e+04
4.267131449230172393e+02,1.191487682569815661e+04
4.274994723506412697e+02,1.186015329758449479e+04
4.282857272258148100e+02,1.187645990764136332e+04
4.290719095440247770e+02,1.193745859604032194e+04
4.298580193007580306e+02,1.192903711187352746e+04
4.306440564915016012e+02,1.194324803200409951e+04
4.314300211117423487e+02,1.195890243355780876e+04
4.322159131569672468e+02,1.200488144529709825e+04
4.330017326226632690e+02,1.198973590357844841e+04
4.337874795043172185e+02,1.200126663197788912e+04
4.345731537974161824e+02,1.200679591320195505e+04
4.353587554974470208e+02,1.203701575897311523e+04
4.361442845998966504e+02,1.204417385049958102e+04
4.369297411002519880e+02,1.209152495753982657e+04
4.377151249940000639e+02,1.207779638920421530e+04
4.385004362766276813e+02,1.213040336969275995e+04
4.392856749436218138e+02,1.220526712864445290e+04
4.400708409904694349e+02,1.219190640416973838e+04
4.408559344126574615e+02,1.228144559132135691e+04
4.416409552056727534e+02,1.232054954776984232e+04
4.424259033650023412e+02,1.235584419848801190e+04
4.432107788861331414e+02,1.242111371969795073e+04
4.439955817645520710e+02,1.246795379152943678e+04
4.447803119957460467e+02,1.251222113141599038e+04
4.455649695752019852e+02,1.256458410112361707e+04
4.463495544984069170e+02,1.262307587869030067e+04
4.471340667608476451e+02,1.267879188051985511e+04
4.479185063580111432e+02,1.277756365592904694e+04
4.487028732853843849e+02,1.278121415019265442e+04
4.494871675384542300e+02,1.286202390879345876e+04
4.502713891127077090e+02,1.292103817758174409e+04
4.510555380036316819e+02,1.304671111159078282e+04
4.518396142067130654e+02,1.301505845301564841e+04
4.526236177174388899e+02,1.317841130412964958e+04
4.534075485312960723e+02,1.320072386504258793e+04
4.541914066437714155e+02,1.324986349117965801e+04
4.549751920503519500e+02,1.330356823864932267e+04
4.557589047465245358e+02,1.337486300093069985e+04
4.565425447277761464e+02,1.350671539780593048e+04
4.573261119895937554e+02,1.351073354372321774e+04
4.581096065274642797e+02,1.357723947251633581e+04
4.588930283368745791e+02,1.363375739428829002e+04
4.596763774133116840e+02,1.363832577201016647e+04
4.604596537522625113e+02,1.370890572685302504e+04
4.612428573492140913e+02,1.374175839946451561e+04
4.620259881996530567e+02,1.389564125465827237e+04
4.628090462990665515e+02,1.392319400211351422e+04
4.635920316429414356e+02,1.395021668125518045e+04
4.643749442267647396e+02,1.409626122493906769e+04
4.651577840460232665e+02,1.406661295369251820e+04
4.659405510962040466e+02,1.420340979437570968e+04
4.667232453727939401e+02,1.424327552713149817e+04
4.675058668712799772e+02,1.426103188226564089e+04
4.682884155871489611e+02,1.437652465668511468e+04
4.690708915158879790e+02,1.442055838556282106e+04
4.698532946529838910e+02,1.449857674000598672e+04
4.706356249939236136e+02,1.452848524172437828e+04
4.714178825341940069e+02,1.459486924708191509e+04
4.722000672692821013e+02,1.472392145562244696e+04
4.729821791946747567e+02,1.468736772088463113e+04
4.737642183058590035e+02,1.470104672025802938e+04
4.745461845983217017e+02,1.470262674452081228e+04
4.753280780675498249e+02,1.478589886665345512e+04
4.761098987090302899e+02,1.473035114733288356e+04
4.768916465182499564e+02,1.467636961313014945e+04
4.776733214906958551e+02,1.463751389630890844e+04
4.784549236218550732e+02,1.465786062272060190e+04
4.792364529072141863e+02,1.463323387147780340e+04
4.800179093422602250e+02,1.452567556030312699e+04
4.807992929224802765e+02,1.450508579614073278e+04
4.815806036433611439e+02,1.448366378137172251e+04
4.823618415003898576e+02,1.439573621717985952e+04
4.831430064890532776e+02,1.433615856727882056e+04
4.839240986048383206e+02,1.426170962228460849e+04
4.847051178432319603e+02,1.425816952267660781e+04
4.854860641997211133e+02,1.413715319761862884e+04
4.862669376697929238e+02,1.404793847455417199e+04
4.870477382489339107e+02,1.393086018868849533e+04
4.878284659326312180e+02,1.382266533929745492e+04
4.886091207163717627e+02,1.371437697188768470e+04
4.893897025956425182e+02,1.357984107478430451e+04
4.901702115659304582e+02,1.346041159892074938e+04
4.909506476227223288e+02,1.330242518937383102e+04
4.917310107615052175e+02,1.314530714535644256e+04
4.925113009777659840e+02,1.303578063442750135e+04
4.932915182669916021e+02,1.295795702316473216e+04
4.940716626246689884e+02,1.278778730979474676e+04
4.948517340462852303e+02,1.271979045520789259e+04
4.956317325273270171e+02,1.257301632268376306e+04
4.964116580632813225e+02,1.251875513618937475e+04
4.971915106496351200e+02,1.244156294643379260e+04
4.979712902818753264e+02,1.228298949173709480e+04
4.987509969554889722e+02,1.221679275634143414e+04
4.995306306659628603e+02,1.211086241504848658e+04
5.003101914087840214e+02,1.199887395800621016e+04
5.010896791794392584e+02,1.195034544713272044e+04
5.018690939734156586e+02,1.190216861010310640e+04
5.026484357862001957e+02,1.171577124540457407e+04
5.034277046132795590e+02,1.169387680877578896e+04
5.042069004501407790e+02,1.157890197040124622e+04
5.049860232922708860e+02,1.144003446105688636e+04
5.057650731351566833e+02,1.135704476462278762e+04
5.065440499742852012e+02,1.120158266781985731e+04
5.073229538051433565e+02,1.110230989714446696e+04
5.081017846232180091e+02,1.094450068027560519e+04
5.088805424239961326e+02,1.080874149900290286e+04
5.096592272029647575e+02,1.063455391332324507e+04
5.104378389556105731e+02,1.048186706103633151e+04
5.112163776774208941e+02,1.027958012627754215e+04
5.119948433638822394e+02,1.014304948490849347e+04
5.127732360104818099e+02,9.945006250845182876e+03
5.135515556127063519e+02,9.727074670754589533e+03
5.143298021660430095e+02,9.454014300079212262e+03
5.151079756659786426e+02,9.143734997995406957e+03
5.158860761079999975e+02,8.928716158696304774e+03
5.166641034875942751e+02,8.585429449709778055e+03
5.174420578002482216e+02,8.340951464609270261e+03
5.182199390414486970e+02,8.063194332606955868e+03
5.189977472066831297e+02,7.728103536176125999e+03
5.197754822914378110e+02,7.409366501763145607e+03
5.205531442912000557e+02,7.081305226058886547e+03
5.213307332014566100e+02,6.763111016787028348e+03
5.221082490176944475e+02,6.395283589107913940e+03
5.228856917354006555e+02,6.060404743286298981e+03
5.236630613500619802e+02,5.709588583228983225e+03
5.244403578571653952e+02,5.409250829599964163e+03
5.252175812521979879e+02,5.046693047837394261e+03
5.259947315306465043e+02,4.753607925727190377e+03
5.267718086879979182e+02,4.408620163552303893e+03
5.275488127197393169e+02,4.096745254625746384e+03
5.283257436213573328e+02,3.817266333534817932e+03
5.291026013883391670e+02,3.551117467857022348e+03
5.298793860161715656e+02,3.283574954211652766e+03
5.306560975003416161e+02,3.053942775009928482e+03
5.314327358363360645e+02,2.854973951066727750e+03
5.322093010196419982e+02,2.623078645822901763e+03
5.329857930457461634e+02,2.429542499925046286e+03
5.337622119101358749e+02,2.245101198364302036e+03
5.345385576082976513e+02,2.079923869973063120e+03
5.353148301357188075e+02,1.901297854440663059e+03
5.360910294878859759e+02,1.745884585823182988e+03
5.368671556602861301e+02,1.615622522272091146e+03
5.376432086484061301e+02,1.496578309675780247e+03
5.384191884477331769e+02,1.370764441565884908e+03
5.391950950537540166e+02,1.257723674785216190e+03
5.399709284619556229e+02,1.149401733018140249e+03
