# {"Measurement": "Benetex OB+ absorption in PEGDA", "Measurement Date": "2017-04-13", "Measurement Spectrometer": "Ocean Optics OE65PRO", "Absorber": "Benetex OB+", "Concentration w/w percent": 0.08, "Film thickness microns": 63.5, "Molar mass g/mole": 430.56, "Solvent": "PEGDA", "Solvent density g/L": 1110, "Solvent absorption measurement file": "Benetex_OB_008per_noresin_72ms_0_01.csv", "Solvent + absorber absorption measurement file": "Benetex_OB_008per_72ms_0_01.csv"}
2.999694198695810883e+02,1.346876033808030297e+04
3.007672975609717696e+02,1.368874356059435377e+04
3.015651034220029487e+02,1.337147437115123103e+04
3.023628374481613719e+02,1.165146876619443719e+04
3.031604996349340126e+02,1.344297178006909598e+04
3.039580899778078447e+02,1.440833752526393619e+04
3.047556084722697278e+02,1.392017270277570788e+04
3.055530551138066357e+02,1.336525147583275611e+04
3.063504298979054852e+02,1.408263685827822155e+04
3.071477328200533066e+02,1.457237081790324009e+04
3.079449638757367893e+02,1.343023977076324263e+04
3.087421230604431912e+02,1.326046961494271454e+04
3.095392103696592585e+02,1.411836232957343782e+04
3.103362257988718511e+02,1.327193008941465814e+04
3.111331693435679995e+02,1.333971834509970176e+04
3.119300409992346772e+02,1.475031150050456017e+04
3.127268407613587442e+02,1.349863124737738508e+04
3.135235686254271741e+02,1.221789221507562434e+04
3.143202245869268836e+02,1.325889129640596911e+04
3.151168086413447895e+02,1.305834710210192861e+04
3.159133207841677518e+02,1.336430948180371888e+04
3.167097610108829144e+02,1.457591201009607539e+04
3.175061293169770238e+02,1.404240678505098367e+04
3.183024256979371103e+02,1.469831047024095824e+04
3.190986501492500338e+02,1.511040831326783882e+04
3.198948026664027111e+02,1.528790504223151947e+04
3.206908832448821727e+02,1.629811843743317513e+04
3.214868918801753352e+02,1.692307341840324443e+04
3.222828285677690019e+02,1.738871406311304236e+04
3.230786933031503168e+02,1.755654366593079976e+04
3.238744860818059692e+02,1.765458737703967927e+04
3.246702068992230465e+02,1.869997823682727903e+04
3.254658557508884087e+02,1.858925296040011017e+04
3.262614326322891429e+02,1.861669556537271274e+04
3.270569375389120523e+02,1.851589255102524476e+04
3.278523704662439968e+02,2.066021029488135537e+04
3.286477314097720637e+02,2.054101727763680537e+04
3.294430203649830560e+02,2.086411540619340303e+04
3.302382373273640042e+02,2.156609193572657023e+04
3.310333822924017682e+02,2.238089684973147450e+04
3.318284552555833216e+02,2.231527381481553311e+04
3.326234562123955811e+02,2.257985891959330547e+04
3.334183851583254636e+02,2.401394418576600947e+04
3.342132420888599995e+02,2.368850851034788866e+04
3.350080269994859918e+02,2.424515141384910021e+04
3.358027398856904142e+02,2.509132712100565186e+04
3.365973807429602971e+02,2.593941596538031445e+04
3.373919495667823867e+02,2.694884851813325804e+04
3.381864463526437703e+02,2.719873494592212955e+04
3.389808710960313078e+02,2.814570574850509365e+04
3.397752237924318592e+02,2.845718935813868666e+04
3.405695044373325686e+02,2.874670366680144434e+04
3.413637130262201254e+02,2.959727738759227577e+04
3.421578495545816736e+02,3.023572540448499058e+04
3.429519140179040164e+02,3.105910289651471976e+04
3.437459064116741274e+02,3.115608308607429717e+04
3.445398267313788665e+02,3.185442720895641105e+04
3.453336749725053210e+02,3.244227715589637592e+04
3.461274511305402939e+02,3.284521611077184934e+04
3.469211552009707589e+02,3.423491479964011523e+04
3.477147871792836895e+02,3.508234024281079473e+04
3.485083470609658889e+02,3.531384600440225768e+04
3.493018348415043874e+02,3.596108212257825653e+04
3.500952505163861019e+02,3.628362601323710260e+04
3.508885940810980060e+02,3.721206537349979772e+04
3.516818655311269026e+02,3.773339631589208875e+04
3.524750648619599929e+02,3.910934032385575847e+04
3.532681920690838524e+02,3.909186919529206352e+04
3.540612471479857390e+02,3.963047796478943928e+04
3.548542300941522853e+02,4.000376395147007861e+04
3.556471409030706354e+02,4.086739260139375256e+04
3.564399795702276492e+02,4.121719972937674174e+04
3.572327460911102435e+02,4.137315441393056972e+04
3.580254404612053918e+02,4.161024867566876492e+04
3.588180626760000109e+02,4.191411517766911857e+04
3.596106127309809608e+02,4.199929327033806476e+04
3.604030906216353856e+02,4.250999681031675573e+04
3.611954963434500314e+02,4.291361095695601398e+04
3.619878298919118151e+02,4.385443324236541957e+04
3.627800912625078240e+02,4.402632090777550911e+04
3.635722804507248043e+02,4.395540163768857747e+04
3.643643974520497864e+02,4.413482670799063635e+04
3.651564422619696870e+02,4.450366697909226059e+04
3.659484148759714230e+02,4.490611726386547525e+04
3.667403152895419680e+02,4.510759926658139011e+04
3.675321434981682955e+02,4.565387504266030010e+04
3.683238994973372087e+02,4.609636288876432081e+04
3.691155832825357379e+02,4.642359594595932140e+04
3.699071948492508000e+02,4.649898345129242080e+04
3.706987341929692548e+02,4.709531604573722143e+04
3.714902013091781896e+02,4.708312204028824635e+04
3.722815961933643507e+02,4.774807664483987901e+04
3.730729188410147117e+02,4.798053200099022797e+04
3.738641692476163598e+02,4.761001905577767320e+04
3.746553474086559845e+02,4.776101340982806141e+04
3.754464533196207299e+02,4.758217097108076268e+04
3.762374869759974558e+02,4.691090394105946325e+04
3.770284483732730223e+02,4.642788868610627833e+04
3.778193375069345166e+02,4.522321759755957464e+04
3.786101543724687417e+02,4.418769637335843436e+04
3.794008989653627282e+02,4.288428459576510068e+04
3.801915712811032790e+02,4.151085490892004600e+04
3.809821713151773679e+02,4.012102933217376267e+04
3.817726990630719683e+02,3.845564185087275837e+04
3.825631545202739972e+02,3.690092109874724702e+04
3.833535376822703711e+02,3.588051445018489176e+04
3.841438485445480637e+02,3.444151029682857188e+04
3.849340871025939919e+02,3.328134772858735960e+04
3.857242533518951291e+02,3.252293808948849983e+04
3.865143472879382784e+02,3.174983803939853897e+04
3.873043689062104136e+02,3.122562792913461453e+04
3.880943182021986217e+02,3.037298830851798266e+04
3.888841951713895924e+02,2.982029877286649207e+04
3.896739998092704127e+02,2.935303838875458678e+04
3.904637321113279995e+02,2.920002683645884827e+04
3.912533920730492696e+02,2.859320336961042267e+04
3.920429796899210828e+02,2.840516932075553996e+04
3.928324949574305265e+02,2.830432520121694688e+04
3.936219378710644037e+02,2.830781206220657259e+04
3.944113084263098017e+02,2.825027689459064277e+04
3.952006066186534099e+02,2.807900514796763309e+04
3.959898324435823724e+02,2.820594994927823063e+04
3.967789858965834355e+02,2.790456220788085193e+04
3.975680669731436865e+02,2.785858077235186647e+04
3.983570756687500420e+02,2.737338702963939431e+04
3.991460119788893053e+02,2.671612868568200429e+04
3.999348758990485635e+02,2.603530957257681075e+04
4.007236674247147334e+02,2.531549830747313172e+04
4.015123865513746182e+02,2.419538314692960921e+04
4.023010332745152482e+02,2.302691240587787979e+04
4.030896075896235402e+02,2.173890201284768045e+04
4.038781094921864110e+02,2.020772614277905814e+04
4.046665389776909478e+02,1.868776080193030066e+04
4.054548960416237833e+02,1.698382764578134447e+04
4.062431806794720046e+02,1.523031091489679420e+04
4.070313928867226423e+02,1.322813341267197757e+04
4.078195326588623857e+02,1.129143291094234701e+04
4.086075999913784358e+02,9.528603514472664756e+03
4.093955948797575388e+02,7.979091017056104647e+03
4.101835173194867252e+02,6.387994957153725409e+03
4.109713673060529686e+02,5.294935960640406847e+03
4.117591448349429584e+02,4.438986793371612293e+03
4.125468499016439523e+02,3.723249850111292744e+03
4.133344825016426398e+02,3.065238662823479899e+03
4.141220426304259945e+02,2.600595759974880821e+03
4.149095302834811037e+02,2.013824487939644087e+03
4.156969454562946567e+02,1.775484905898974830e+03
4.164842881443537976e+02,1.479714085863384753e+03
4.172715583431453297e+02,1.417859502432305817e+03
4.180587560481562264e+02,1.088412409749435255e+03
4.188458812548734613e+02,1.012184431602416907e+03
4.196329339587839513e+02,9.745501687367341219e+02
4.204199141553744994e+02,6.981401396787035765e+02
4.212068218401323065e+02,6.512187123028949145e+02
4.219936570085440621e+02,5.172089971528512251e+02
4.227804196560967398e+02,5.024806796293803473e+02
4.235671097782773131e+02,5.095226533793111798e+02
4.243537273705726989e+02,4.534312378170749298e+02
4.251402724284698706e+02,2.325267081297049003e+02
4.259267449474557452e+02,4.149354019523165107e+02
4.267131449230172393e+02,2.838179031136906474e+02
4.274994723506412697e+02,3.452686707576630170e+02
4.282857272258148100e+02,1.628893053788104339e+01
4.290719095440247770e+02,1.402466929693828774e+02
4.298580193007580306e+02,1.249910311800959875e+02
4.306440564915016012e+02,1.230925562141133014e+02
4.314300211117423487e+02,2.324107091895210431e+01
4.322159131569672468e+02,4.022278248089741481e+01
4.330017326226632690e+02,2.038548587532341472e+01
4.337874795043172185e+02,-3.115339429112324865e+01
4.345731537974161824e+02,-2.447530443469679824e+02
4.353587554974470208e+02,-4.010456408002761464e+02
4.361442845998966504e+02,-5.482835033706928698e+02
4.369297411002519880e+02,-4.143318494340571760e+02
4.377151249940000639e+02,-2.626345985858258132e+02
4.385004362766276813e+02,-2.348116838170057292e+02
4.392856749436218138e+02,-1.598037826160336863e+02
4.400708409904694349e+02,-1.213195371043697719e+02
4.408559344126574615e+02,-5.363382028771867738e+01
4.416409552056727534e+02,-5.266690372535672182e+00
4.424259033650023412e+02,-6.542414883459993291e+01
4.432107788861331414e+02,2.681568915470417735e+01
4.439955817645520710e+02,4.929575287959148966e+01
4.447803119957460467e+02,-7.939808046573789113e+01
4.455649695752019852e+02,7.227584080433653924e+01
4.463495544984069170e+02,-1.939312600039616541e+01
4.471340667608476451e+02,9.935203177875648350e+01
4.479185063580111432e+02,6.216240431373500996e+01
4.487028732853843849e+02,8.244666881366462974e+01
4.494871675384542300e+02,9.028595190826997907e+01
4.502713891127077090e+02,1.633475270901592182e+02
4.510555380036316819e+02,1.242686187335674504e+02
4.518396142067130654e+02,1.371453637379377994e+02
4.526236177174388899e+02,1.630137290957942353e+00
4.534075485312960723e+02,4.059919531073546750e+01
4.541914066437714155e+02,4.779510868495584219e+01
4.549751920503519500e+02,4.324894562904614759e+01
4.557589047465245358e+02,4.379625660503082685e+01
4.565425447277761464e+02,7.646509600678339780e+01
4.573261119895937554e+02,1.068261894108437815e+02
4.581096065274642797e+02,3.128645241868444415e+01
4.588930283368745791e+02,1.201995092739252158e+02
4.596763774133116840e+02,5.324020700158074249e+01
4.604596537522625113e+02,6.692138971132314396e+01
4.612428573492140913e+02,7.743696378475959818e+01
4.620259881996530567e+02,2.407759008418855018e+01
4.628090462990665515e+02,-6.425372437863677533e+01
4.635920316429414356e+02,-4.446758363927296287e+00
4.643749442267647396e+02,1.277224732751190217e+01
4.651577840460232665e+02,4.562132246921494882e+00
4.659405510962040466e+02,-1.573355913389420948e+02
4.667232453727939401e+02,-6.953432633872606061e+01
4.675058668712799772e+02,1.809471628839812718e+00
4.682884155871489611e+02,-9.580259770630173932e+01
4.690708915158879790e+02,2.083217656837301135e+01
4.698532946529838910e+02,-2.722993350068442098e+01
4.706356249939236136e+02,-5.807373445497028541e+01
4.714178825341940069e+02,-1.038741504537661626e+02
4.722000672692821013e+02,-8.908070729859039716e+01
4.729821791946747567e+02,-4.623223056296737354e+01
4.737642183058590035e+02,1.382024853272507592e+01
4.745461845983217017e+02,-2.774701406414747851e+01
4.753280780675498249e+02,9.878703943535555254e+01
4.761098987090302899e+02,3.628600879122392087e+01
4.768916465182499564e+02,3.119257110735157923e+01
4.776733214906958551e+02,3.353909587037311013e+01
4.784549236218550732e+02,3.664524227992988870e+01
4.792364529072141863e+02,-5.796670402208012440e+00
4.800179093422602250e+02,8.063409246030424526e+01
4.807992929224802765e+02,2.667634018137874108e+01
4.815806036433611439e+02,6.911032101999848853e-01
4.823618415003898576e+02,6.924364260455969600e+01
4.831430064890532776e+02,5.583801892698818392e+01
4.839240986048383206e+02,7.625982687257069870e+01
4.847051178432319603e+02,1.250099672597409217e+01
4.854860641997211133e+02,4.567598237368166281e+01
4.862669376697929238e+02,5.319760739963786023e+01
4.870477382489339107e+02,2.100953021772670581e+02
4.878284659326312180e+02,4.171235160712207346e+01
4.886091207163717627e+02,9.698973466804920918e+01
4.893897025956425182e+02,7.566961323057634559e+01
4.901702115659304582e+02,8.073130288492620821e+01
4.909506476227223288e+02,-7.796670683759440124e+01
4.917310107615052175e+02,4.704533175495121355e+01
4.925113009777659840e+02,1.330537453319535857e+01
4.932915182669916021e+02,-3.503685094086988272e+01
4.940716626246689884e+02,1.323908166731370386e+02
4.948517340462852303e+02,7.964765096293881186e+00
4.956317325273270171e+02,5.997581856172261894e+01
4.964116580632813225e+02,1.915501765716131510e+00
4.971915106496351200e+02,8.845399223402286282e+01
4.979712902818753264e+02,-1.782880576215150654e+02
4.987509969554889722e+02,5.431923859066830573e+01
4.995306306659628603e+02,6.061259336679579235e+01
5.003101914087840214e+02,4.970977411375567101e+01
5.010896791794392584e+02,-6.719214276785811535e+01
5.018690939734156586e+02,-2.270645710172894667e+02
5.026484357862001957e+02,1.987177420788642479e+01
5.034277046132795590e+02,-9.054074031017822222e+01
5.042069004501407790e+02,-1.094946217173037013e+02
5.049860232922708860e+02,1.706098488693795900e+01
5.057650731351566833e+02,-2.394031987811431605e+01
5.065440499742852012e+02,1.050238900492408334e+02
5.073229538051433565e+02,-4.410269111168726397e+01
5.081017846232180091e+02,4.844933525472278291e+01
5.088805424239961326e+02,-8.300020673072258148e+01
5.096592272029647575e+02,1.087177197408538802e+02
5.104378389556105731e+02,5.042723844463763072e+01
5.112163776774208941e+02,1.234190315958317683e+02
5.119948433638822394e+02,-1.270529930034880834e+02
5.127732360104818099e+02,-3.772231035913255681e+01
5.135515556127063519e+02,3.641640407475737362e+01
5.143298021660430095e+02,3.324756667167434188e+01
5.151079756659786426e+02,1.606183234290716086e+02
5.158860761079999975e+02,1.475041143287919709e+01
5.166641034875942751e+02,1.590884597535723977e+01
5.174420578002482216e+02,7.772959548353565395e+00
5.182199390414486970e+02,-4.433095354983839087e+01
5.189977472066831297e+02,6.883699047712393337e+01
5.197754822914378110e+02,-5.236334749712165504e+00
5.205531442912000557e+02,6.609830332243127771e+01
5.213307332014566100e+02,3.672782942030608400e+00
5.221082490176944475e+02,-1.028078212758810110e+02
5.228856917354006555e+02,3.401413219823105294e+01
5.236630613500619802e+02,3.148717762961184619e+01
5.244403578571653952e+02,6.886121551066850088e+01
5.252175812521979879e+02,1.485238796540503170e+00
5.259947315306465043e+02,8.744146108623276348e+00
5.267718086879979182e+02,-7.211076841239173696e+00
5.275488127197393169e+02,3.724547444648231220e+01
5.283257436213573328e+02,-3.651806968621708194e+01
5.291026013883391670e+02,-5.149852539590967382e+01
5.298793860161715656e+02,9.042307567252950662e+01
5.306560975003416161e+02,-7.013941555227964386e+01
5.314327358363360645e+02,4.366772147289067618e+01
5.322093010196419982e+02,7.698945376366080495e+01
5.329857930457461634e+02,-1.403101403584953175e+02
5.337622119101358749e+02,1.001883934316687288e+02
5.345385576082976513e+02,1.190725549466777409e+02
5.353148301357188075e+02,-8.448277816021340314e+00
5.360910294878859759e+02,-8.634222894325694142e+01
5.368671556602861301e+02,9.325383393383557262e+00
5.376432086484061301e+02,5.675083196849350919e+00
5.384191884477331769e+02,1.106837645166864803e+01
5.391950950537540166e+02,-2.753881477851834347e+01
5.399709284619556229e+02,1.730967047604365661e+01
