# {"Measurement": "Phenazine absorption in PEGDA", "Measurement Date": "2017-04-13", "Measurement Spectrometer": "Ocean Optics OE65PRO", "Absorber": "Phenazine", "Concentration w/w percent": 0.2, "Film thickness microns": 58.42, "Molar mass g/mole": 180.21, "Solvent": "PEGDA", "Solvent density g/L": 1110, "Solvent absorption measurement file": "Phenazine_02per_noresin_68ms_0_01.csv", "Solvent + absorber absorption measurement file": "Phenazine_02per_68ms_0_01.csv"}
2.999694198695810883e+02,1.892436878652335452e-01
3.007672975609717696e+02,1.784397373826013267e-01
3.015651034220029487e+02,1.823424778282786429e-01
3.023628374481613719e+02,1.809559260862131647e-01
3.031604996349340126e+02,1.845998569058679983e-01
3.039580899778078447e+02,1.749123791016217178e-01
3.047556084722697278e+02,1.927901191433204764e-01
3.055530551138066357e+02,1.779529793784951630e-01
3.063504298979054852e+02,1.972455705740038256e-01
3.071477328200533066e+02,1.879604382184002498e-01
3.079449638757367893e+02,1.704850657240933320e-01
3.087421230604431912e+02,1.819364258037851345e-01
3.095392103696592585e+02,1.871296561598001229e-01
3.103362257988718511e+02,1.782452131971041243e-01
3.111331693435679995e+02,1.788145262148360670e-01
3.119300409992346772e+02,1.810420930162464082e-01
3.127268407613587442e+02,1.904000106492655942e-01
3.135235686254271741e+02,1.714444277042369846e-01
3.143202245869268836e+02,1.880136155035453394e-01
3.151168086413447895e+02,1.752735086072241821e-01
3.159133207841677518e+02,1.864442310726202034e-01
3.167097610108829144e+02,2.072096619570449050e-01
3.175061293169770238e+02,2.052120352392718672e-01
3.183024256979371103e+02,2.213932764026989297e-01
3.190986501492500338e+02,2.212983265744398187e-01
3.198948026664027111e+02,2.273642512503990243e-01
3.206908832448821727e+02,2.527970135291225384e-01
3.214868918801753352e+02,2.507895296394555551e-01
3.222828285677690019e+02,2.644029646164741121e-01
3.230786933031503168e+02,2.667652475896006847e-01
3.238744860818059692e+02,2.756684726591289158e-01
3.246702068992230465e+02,2.881982978155722130e-01
3.254658557508884087e+02,2.976308736638848540e-01
3.262614326322891429e+02,3.057275383601886776e-01
3.270569375389120523e+02,3.168107805656873444e-01
3.278523704662439968e+02,3.318528690519294555e-01
3.286477314097720637e+02,3.381133302064686652e-01
3.294430203649830560e+02,3.545331267916223550e-01
3.302382373273640042e+02,3.634541754364664645e-01
3.310333822924017682e+02,3.810115785613801265e-01
3.318284552555833216e+02,3.880328103963875952e-01
3.326234562123955811e+02,3.981409132860068145e-01
3.334183851583254636e+02,4.025171696323526782e-01
3.342132420888599995e+02,4.119464358818338834e-01
3.350080269994859918e+02,4.325035741153076541e-01
3.358027398856904142e+02,4.454972193269829961e-01
3.365973807429602971e+02,4.667869310243457637e-01
3.373919495667823867e+02,4.846045880349968416e-01
3.381864463526437703e+02,5.115789481661369154e-01
3.389808710960313078e+02,5.196561069177431103e-01
3.397752237924318592e+02,5.416351360433825368e-01
3.405695044373325686e+02,5.547749228593856774e-01
3.413637130262201254e+02,5.808235144390668792e-01
3.421578495545816736e+02,5.842978687414424055e-01
3.429519140179040164e+02,5.947124157362877472e-01
3.437459064116741274e+02,6.281157239923825797e-01
3.445398267313788665e+02,6.481633614669626287e-01
3.453336749725053210e+02,6.634556765289432168e-01
3.461274511305402939e+02,6.794570708318762309e-01
3.469211552009707589e+02,6.893067073974127323e-01
3.477147871792836895e+02,7.009980517108860276e-01
3.485083470609658889e+02,6.944157913683349781e-01
3.493018348415043874e+02,6.986851716953532687e-01
3.500952505163861019e+02,6.966570315591168461e-01
3.508885940810980060e+02,6.905019621345404035e-01
3.516818655311269026e+02,7.002247533786845057e-01
3.524750648619599929e+02,7.007957981919533674e-01
3.532681920690838524e+02,7.070789639326778842e-01
3.540612471479857390e+02,7.178820327202941609e-01
3.548542300941522853e+02,7.249875373239633713e-01
3.556471409030706354e+02,7.425611656967795460e-01
3.564399795702276492e+02,7.541864067579316933e-01
3.572327460911102435e+02,7.607433810710403366e-01
3.580254404612053918e+02,7.687346832147280429e-01
3.588180626760000109e+02,7.953584866756228111e-01
3.596106127309809608e+02,8.152117605945292667e-01
3.604030906216353856e+02,8.428047035118656494e-01
3.611954963434500314e+02,8.863831792733598558e-01
3.619878298919118151e+02,9.417112662116073896e-01
3.627800912625078240e+02,9.723096189891001773e-01
3.635722804507248043e+02,9.820950778394353931e-01
3.643643974520497864e+02,9.798052448936477310e-01
3.651564422619696870e+02,9.640637572820001111e-01
3.659484148759714230e+02,9.410970954409453304e-01
3.667403152895419680e+02,9.128697554663041114e-01
3.675321434981682955e+02,8.789416526539572949e-01
3.683238994973372087e+02,8.367236470972947426e-01
3.691155832825357379e+02,7.892963920364479691e-01
3.699071948492508000e+02,7.372548955015083560e-01
3.706987341929692548e+02,6.833195184351189555e-01
3.714902013091781896e+02,6.396016650913635138e-01
3.722815961933643507e+02,5.979508196928670083e-01
3.730729188410147117e+02,5.545855116557261155e-01
3.738641692476163598e+02,5.211098298641461124e-01
3.746553474086559845e+02,4.870608615417579279e-01
3.754464533196207299e+02,4.606609565836017328e-01
3.762374869759974558e+02,4.364352943623045489e-01
3.770284483732730223e+02,4.154583381392509267e-01
3.778193375069345166e+02,3.968330564361601254e-01
3.786101543724687417e+02,3.786004378785715607e-01
3.794008989653627282e+02,3.643736222702018690e-01
3.801915712811032790e+02,3.527077043466778639e-01
3.809821713151773679e+02,3.384848950198840467e-01
3.817726990630719683e+02,3.259061037014863160e-01
3.825631545202739972e+02,3.164308645087675065e-01
3.833535376822703711e+02,3.021389378262779868e-01
3.841438485445480637e+02,2.921372028407174803e-01
3.849340871025939919e+02,2.844694034272413630e-01
3.857242533518951291e+02,2.724389213363254680e-01
3.865143472879382784e+02,2.639628861845638164e-01
3.873043689062104136e+02,2.551424302512292352e-01
3.880943182021986217e+02,2.457341512767210467e-01
3.888841951713895924e+02,2.360480793436464109e-01
3.896739998092704127e+02,2.217394298497658844e-01
3.904637321113279995e+02,2.130126447017210434e-01
3.912533920730492696e+02,2.013453715893281093e-01
3.920429796899210828e+02,1.926044312887475185e-01
3.928324949574305265e+02,1.802744971475142566e-01
3.936219378710644037e+02,1.691786108730168880e-01
3.944113084263098017e+02,1.577097169282753453e-01
3.952006066186534099e+02,1.495867532691458335e-01
3.959898324435823724e+02,1.373649252059240822e-01
3.967789858965834355e+02,1.331110695712797720e-01
3.975680669731436865e+02,1.205613302044380719e-01
3.983570756687500420e+02,1.145622845645000720e-01
3.991460119788893053e+02,1.070987257630372363e-01
3.999348758990485635e+02,9.829922469566665377e-02
4.007236674247147334e+02,9.321350956716617508e-02
4.015123865513746182e+02,8.690703613381564607e-02
4.023010332745152482e+02,7.853380156394070000e-02
4.030896075896235402e+02,7.443750421478508017e-02
4.038781094921864110e+02,7.055661490493894683e-02
4.046665389776909478e+02,6.648176928545633524e-02
4.054548960416237833e+02,6.292839646598176462e-02
4.062431806794720046e+02,6.022804834300748283e-02
4.070313928867226423e+02,5.714722797287283967e-02
4.078195326588623857e+02,5.405868807090133399e-02
4.086075999913784358e+02,5.003746084103004310e-02
4.093955948797575388e+02,4.804375408843609974e-02
4.101835173194867252e+02,4.605218009718410610e-02
4.109713673060529686e+02,4.231947722447297611e-02
4.117591448349429584e+02,4.010690089212592957e-02
4.125468499016439523e+02,3.785315494708019896e-02
4.133344825016426398e+02,3.645099711103674117e-02
4.141220426304259945e+02,3.418185140998009075e-02
4.149095302834811037e+02,3.369618247559770519e-02
4.156969454562946567e+02,3.087580988874403382e-02
4.164842881443537976e+02,3.021950818265647237e-02
4.172715583431453297e+02,2.924626403199427627e-02
4.180587560481562264e+02,2.538762646296101322e-02
4.188458812548734613e+02,2.359984078542396585e-02
4.196329339587839513e+02,2.516310221398027763e-02
4.204199141553744994e+02,2.431187621607242694e-02
4.212068218401323065e+02,2.105391197297318967e-02
4.219936570085440621e+02,2.117623655577543368e-02
4.227804196560967398e+02,2.007308944379748022e-02
4.235671097782773131e+02,1.964402304600407212e-02
4.243537273705726989e+02,1.819402062552678140e-02
4.251402724284698706e+02,1.616381519404786610e-02
4.259267449474557452e+02,1.506683391136090684e-02
4.267131449230172393e+02,1.475594884264957475e-02
4.274994723506412697e+02,1.328741163633631421e-02
4.282857272258148100e+02,1.271053458685163402e-02
4.290719095440247770e+02,1.106636954616469805e-02
4.298580193007580306e+02,1.301411432405691869e-02
4.306440564915016012e+02,9.259873750810733092e-03
4.314300211117423487e+02,1.088663122284793706e-02
4.322159131569672468e+02,9.616238923518346041e-03
4.330017326226632690e+02,9.619100600745842181e-03
4.337874795043172185e+02,9.491954123086907349e-03
4.345731537974161824e+02,7.754484752490090060e-03
4.353587554974470208e+02,6.979151982833442514e-03
4.361442845998966504e+02,4.937168224153885149e-03
4.369297411002519880e+02,5.904153290415782226e-03
4.377151249940000639e+02,5.691855735254637561e-03
4.385004362766276813e+02,5.555042083385973092e-03
4.392856749436218138e+02,5.049791050417374791e-03
4.400708409904694349e+02,6.369187555545829937e-03
4.408559344126574615e+02,5.185932403825341958e-03
4.416409552056727534e+02,5.318145890895660879e-03
4.424259033650023412e+02,4.566675649228923300e-03
4.432107788861331414e+02,5.010122545465957658e-03
4.439955817645520710e+02,4.825212195284230357e-03
4.447803119957460467e+02,4.320833863799972141e-03
4.455649695752019852e+02,4.361001842502107775e-03
4.463495544984069170e+02,4.942200274628919324e-03
4.471340667608476451e+02,4.470029147410646553e-03
4.479185063580111432e+02,3.612931731485415424e-03
4.487028732853843849e+02,4.157672086193071187e-03
4.494871675384542300e+02,4.099455260288067254e-03
4.502713891127077090e+02,3.388138346431075407e-03
4.510555380036316819e+02,4.209864500330834716e-03
4.518396142067130654e+02,4.583896424089012669e-03
4.526236177174388899e+02,2.875292291852992940e-03
4.534075485312960723e+02,4.119654412688940684e-03
4.541914066437714155e+02,3.636967814480609323e-03
4.549751920503519500e+02,3.259240441551224457e-03
4.557589047465245358e+02,3.588730501429944486e-03
4.565425447277761464e+02,1.515376977464889113e-03
4.573261119895937554e+02,2.589860550825705612e-03
4.581096065274642797e+02,2.429077461320587605e-03
4.588930283368745791e+02,3.276259799535715528e-03
4.596763774133116840e+02,3.853990674812219838e-03
4.604596537522625113e+02,1.649062926903631723e-03
4.612428573492140913e+02,1.246263500956558412e-03
4.620259881996530567e+02,2.273260918884013188e-03
4.628090462990665515e+02,2.740124868417159396e-04
4.635920316429414356e+02,2.134873571975105105e-03
4.643749442267647396e+02,3.623897529401476705e-03
4.651577840460232665e+02,1.813942059739699977e-03
4.659405510962040466e+02,2.023401002787268005e-03
4.667232453727939401e+02,6.429965903040502778e-04
4.675058668712799772e+02,1.819352430749310995e-03
4.682884155871489611e+02,1.829527605745022781e-03
4.690708915158879790e+02,1.936833544457576897e-03
4.698532946529838910e+02,1.147619285036831707e-03
4.706356249939236136e+02,1.868708003092576717e-03
4.714178825341940069e+02,9.614299615521891898e-04
4.722000672692821013e+02,1.381467379594882375e-03
4.729821791946747567e+02,3.384580184764415453e-04
4.737642183058590035e+02,7.587266603314548122e-04
4.745461845983217017e+02,8.082276875217625153e-04
4.753280780675498249e+02,-4.960552570404648878e-04
4.761098987090302899e+02,1.305056919352598141e-03
4.768916465182499564e+02,-3.338358709391118367e-04
4.776733214906958551e+02,1.442422085436941004e-03
4.784549236218550732e+02,7.894112734301720127e-04
4.792364529072141863e+02,5.572558002440225131e-04
4.800179093422602250e+02,-1.593257120053950988e-03
4.807992929224802765e+02,1.739751707482721163e-03
4.815806036433611439e+02,-3.292048122248356079e-04
4.823618415003898576e+02,3.566610290459092114e-04
4.831430064890532776e+02,1.314612358314110746e-03
4.839240986048383206e+02,-1.625396560495675352e-03
4.847051178432319603e+02,-2.355267702805570115e-04
4.854860641997211133e+02,-2.031405391459017995e-03
4.862669376697929238e+02,-1.041092207599544732e-03
4.870477382489339107e+02,1.956732194963431773e-03
4.878284659326312180e+02,-1.116106204124715784e-03
4.886091207163717627e+02,-1.276914071167718073e-04
4.893897025956425182e+02,-1.481074054031779677e-03
4.901702115659304582e+02,-5.018939501766125216e-04
4.909506476227223288e+02,-3.239003976510659508e-04
4.917310107615052175e+02,-1.007713478529775192e-03
4.925113009777659840e+02,5.234344085476832359e-05
4.932915182669916021e+02,-2.584357637127471241e-05
4.940716626246689884e+02,-1.428924545380022212e-04
4.948517340462852303e+02,5.549942913333607078e-04
4.956317325273270171e+02,7.626645144681613517e-04
4.964116580632813225e+02,-1.751931839021319409e-05
4.971915106496351200e+02,-2.960441072892387726e-06
4.979712902818753264e+02,-9.519436300685097524e-04
4.987509969554889722e+02,1.195954395840659670e-03
4.995306306659628603e+02,-6.975376026913514965e-04
5.003101914087840214e+02,7.845629885857964905e-04
5.010896791794392584e+02,-1.065119670723349045e-03
5.018690939734156586e+02,-2.339903116615046560e-04
5.026484357862001957e+02,4.761292089044948800e-04
5.034277046132795590e+02,5.459275717385712878e-04
5.042069004501407790e+02,4.076654758822352911e-04
5.049860232922708860e+02,-4.383477702557120326e-04
5.057650731351566833e+02,-5.054709858027918792e-04
5.065440499742852012e+02,-1.577055649652325808e-03
5.073229538051433565e+02,1.668349273968083857e-03
5.081017846232180091e+02,-6.722612252970305499e-04
5.088805424239961326e+02,7.878336843553266841e-04
5.096592272029647575e+02,5.166735879401120057e-04
5.104378389556105731e+02,-1.813198575242568229e-03
5.112163776774208941e+02,-1.226304211373575002e-03
5.119948433638822394e+02,-7.106266593771108642e-04
5.127732360104818099e+02,-1.924597331581115976e-03
5.135515556127063519e+02,-2.639470920692625101e-03
5.143298021660430095e+02,-9.421832149361384148e-04
5.151079756659786426e+02,-1.577738365772613990e-04
5.158860761079999975e+02,-4.507311254649390073e-04
5.166641034875942751e+02,4.436035076498751409e-04
5.174420578002482216e+02,1.120513131497288817e-03
5.182199390414486970e+02,-1.110722729493317067e-03
5.189977472066831297e+02,2.950811419148678671e-04
5.197754822914378110e+02,-1.138840631274455791e-03
5.205531442912000557e+02,-5.188972385016888192e-04
5.213307332014566100e+02,2.295747537095308224e-03
5.221082490176944475e+02,1.922517771306697654e-04
5.228856917354006555e+02,-3.321285321137221191e-04
5.236630613500619802e+02,-1.130156981615048142e-03
5.244403578571653952e+02,-1.251396377038139530e-03
5.252175812521979879e+02,-5.692725720014852470e-04
5.259947315306465043e+02,9.694908888520630680e-05
5.267718086879979182e+02,7.066608833428541722e-04
5.275488127197393169e+02,-1.444796568584468498e-03
5.283257436213573328e+02,-5.479907018940107302e-04
5.291026013883391670e+02,-2.618234042747391230e-04
5.298793860161715656e+02,-1.042435996988612737e-03
5.306560975003416161e+02,1.691748621100346364e-04
5.314327358363360645e+02,1.320517711288944629e-04
5.322093010196419982e+02,-6.330395256913916302e-04
5.329857930457461634e+02,-8.543723942176012151e-04
5.337622119101358749e+02,1.161442722804875358e-04
5.345385576082976513e+02,2.564849051734296656e-04
5.353148301357188075e+02,-5.860554984844102561e-04
5.360910294878859759e+02,7.133836658482235055e-04
5.368671556602861301e+02,9.262101041546044397e-04
5.376432086484061301e+02,3.481118114703612987e-04
5.384191884477331769e+02,-1.208277872176179157e-04
5.391950950537540166e+02,-3.736656170531321361e-04
5.399709284619556229e+02,-4.254134619543509938e-04
