Wavelength[nm],T% at AOI 0 deg
550.0 ,4.03043
549.5 ,3.74829
549.0 ,3.60258
548.5 ,3.5842
548.0 ,3.70225
547.5 ,3.98954
547.0 ,4.51849
546.5 ,5.44126
546.0 ,7.09705
545.5 ,10.34284
545.0 ,17.78829
544.5 ,39.256802
544.0 ,91.027382
543.5 ,51.758438
543.0 ,17.72576
542.5 ,7.88969
542.0 ,4.30333
541.5 ,2.6888
541.0 ,1.85356
540.5 ,1.38123
540.0 ,1.10075
539.5 ,0.93349
539.0 ,0.84448
538.5 ,0.82067
538.0 ,0.8701
537.5 ,1.03794
537.0 ,1.48735
536.5 ,3.03311
536.0 ,17.660271
535.5 ,13.23288
535.0 ,1.32357
534.5 ,0.37431
534.0 ,0.14968
533.5 ,0.07133
533.0 ,0.03784
532.5 ,0.0216
532.0 ,0.01301
531.5 ,0.00817
531.0 ,0.0053
530.5 ,0.00354
530.0 ,0.00241
529.5 ,0.00168
529.0 ,0.00118
528.5 ,0.00085
528.0 ,0.00062
527.5 ,0.00045
527.0 ,0.00034
526.5 ,0.00025
526.0 ,0.00019
525.5 ,0.00015
525.0 ,0.00011
524.5 ,0.00009
524.0 ,0.00007
523.5 ,0.00005
523.0 ,0.00004
522.5 ,0.00003
522.0 ,0.00003
521.5 ,0.00002
521.0 ,0.00002
520.5 ,0.00001
520.0 ,0.00001
519.5 ,0.00001
519.0 ,0.00001
518.5 ,0.00001
518.0 ,0.00001
517.5 ,0
517.0 ,0
516.5 ,0
516.0 ,0
515.5 ,0
515.0 ,0
514.5 ,0
514.0 ,0
513.5 ,0
513.0 ,0
512.5 ,0
512.0 ,0
511.5 ,0
511.0 ,0
510.5 ,0
510.0 ,0
509.5 ,0
509.0 ,0
508.5 ,0
508.0 ,0
507.5 ,0
507.0 ,0
506.5 ,0
506.0 ,0
505.5 ,0
505.0 ,0
504.5 ,0
504.0 ,0
503.5 ,0
503.0 ,0
502.5 ,0
502.0 ,0
501.5 ,0
501.0 ,0
500.5 ,0
500.0 ,0
499.5 ,0
499.0 ,0
498.5 ,0
498.0 ,0
497.5 ,0
497.0 ,0
496.5 ,0
496.0 ,0
495.5 ,0
495.0 ,0
494.5 ,0
494.0 ,0
493.5 ,0
493.0 ,0
492.5 ,0
492.0 ,0
491.5 ,0
491.0 ,0
490.5 ,0
490.0 ,0
489.5 ,0
489.0 ,0
488.5 ,0
488.0 ,0
487.5 ,0
487.0 ,0
486.5 ,0
486.0 ,0
485.5 ,0
485.0 ,0
484.5 ,0
484.0 ,0
483.5 ,0
483.0 ,0
482.5 ,0
482.0 ,0
481.5 ,0
481.0 ,0
480.5 ,0
480.0 ,0
479.5 ,0
479.0 ,0
478.5 ,0
478.0 ,0
477.5 ,0
477.0 ,0
476.5 ,0
476.0 ,0
475.5 ,0
475.0 ,0
474.5 ,0
474.0 ,0
473.5 ,0
473.0 ,0
472.5 ,0
472.0 ,0
471.5 ,0
471.0 ,0
470.5 ,0
470.0 ,0
469.5 ,0
469.0 ,0
468.5 ,0
468.0 ,0
467.5 ,0
467.0 ,0
466.5 ,0
466.0 ,0
465.5 ,0
465.0 ,0
464.5 ,0
464.0 ,0
463.5 ,0
463.0 ,0
462.5 ,0
462.0 ,0
461.5 ,0
461.0 ,0
460.5 ,0
460.0 ,0
459.5 ,0
459.0 ,0
458.5 ,0
458.0 ,0
457.5 ,0
457.0 ,0
456.5 ,0
456.0 ,0
455.5 ,0
455.0 ,0
454.5 ,0
454.0 ,0
453.5 ,0
453.0 ,0
452.5 ,0
452.0 ,0
451.5 ,0
451.0 ,0
450.5 ,0
450.0 ,0
449.5 ,0
449.0 ,0
448.5 ,0
448.0 ,0
447.5 ,0
447.0 ,0
446.5 ,0
446.0 ,0
445.5 ,0
445.0 ,0
444.5 ,0
444.0 ,0
443.5 ,0
443.0 ,0
442.5 ,0
442.0 ,0
441.5 ,0
441.0 ,0
440.5 ,0
440.0 ,0
439.5 ,0
439.0 ,0
438.5 ,0
438.0 ,0
437.5 ,0
437.0 ,0
436.5 ,0
436.0 ,0
435.5 ,0
435.0 ,0
434.5 ,0
434.0 ,0
433.5 ,0
433.0 ,0
432.5 ,0
432.0 ,0
431.5 ,0.00001
431.0 ,0.00001
430.5 ,0.00001
430.0 ,0.00001
429.5 ,0.00002
429.0 ,0.00002
428.5 ,0.00003
428.0 ,0.00004
427.5 ,0.00005
427.0 ,0.00007
426.5 ,0.00009
426.0 ,0.00013
425.5 ,0.00018
425.0 ,0.00025
424.5 ,0.00036
424.0 ,0.00052
423.5 ,0.00076
423.0 ,0.00113
422.5 ,0.0017
422.0 ,0.0026
421.5 ,0.00404
421.0 ,0.0064
420.5 ,0.01031
420.0 ,0.01698
419.5 ,0.02867
419.0 ,0.04966
418.5 ,0.08853
418.0 ,0.16303
417.5 ,0.31152
417.0 ,0.62096
416.5 ,1.29942
416.0 ,2.87268
415.5 ,6.72382
415.0 ,16.382851
414.5 ,38.44524
414.0 ,72.083237
413.5 ,94.839012
413.0 ,99.790527
412.5 ,99.058113
412.0 ,98.525169
411.5 ,98.813782
411.0 ,99.35833
410.5 ,99.735199
410.0 ,99.856308
409.5 ,99.825829
409.0 ,99.774063
408.5 ,99.770973
408.0 ,99.81736
407.5 ,99.875931
407.0 ,99.906807
406.5 ,99.890099
406.0 ,99.831207
405.5 ,99.753258
405.0 ,99.68428
404.5 ,99.645767
404.0 ,99.646873
403.5 ,99.683746
403.0 ,99.743652
402.5 ,99.810669
402.0 ,99.871094
401.5 ,99.916718
401.0 ,99.945648
400.5 ,99.960876
400.0 ,99.967667
399.5 ,99.97039
399.0 ,99.972168
398.5 ,99.972878
398.0 ,99.970177
397.5 ,99.961212
397.0 ,99.944237
396.5 ,99.920036
396.0 ,99.892273
395.5 ,99.866722
395.0 ,99.849876
394.5 ,99.847023
394.0 ,99.860443
393.5 ,99.888321
393.0 ,99.924637
392.5 ,99.960098
392.0 ,99.98394
391.5 ,99.986298
391.0 ,99.960449
390.5 ,99.904633
390.0 ,99.822708
389.5 ,99.722961
389.0 ,99.619003
388.5 ,99.525482
388.0 ,99.455902
387.5 ,99.420311
387.0 ,99.423531
386.5 ,99.464493
386.0 ,99.536507
385.5 ,99.628632
385.0 ,99.727539
384.5 ,99.820099
384.0 ,99.895012
383.5 ,99.945099
383.0 ,99.967972
382.5 ,99.965927
382.0 ,99.945007
381.5 ,99.913383
381.0 ,99.879578
380.5 ,99.850891
380.0 ,99.832222
379.5 ,99.825546
379.0 ,99.830292
378.5 ,99.843483
378.0 ,99.861076
377.5 ,99.87899
377.0 ,99.893997
376.5 ,99.904343
376.0 ,99.909607
375.5 ,99.91053
375.0 ,99.90834
374.5 ,99.904114
374.0 ,99.898354
373.5 ,99.8908
373.0 ,99.880676
372.5 ,99.867119
372.0 ,99.849876
371.5 ,99.829803
371.0 ,99.809029
370.5 ,99.790863
370.0 ,99.779037
369.5 ,99.776627
369.0 ,99.785622
368.5 ,99.805023
368.0 ,99.830856
367.5 ,99.856339
367.0 ,99.872879
366.5 ,99.871758
366.0 ,99.846123
365.5 ,99.792877
365.0 ,99.713997
364.5 ,99.616096
364.0 ,99.510712
363.5 ,99.41391
363.0 ,99.340637
362.5 ,99.303062
362.0 ,99.308067
361.5 ,99.355568
361.0 ,99.438011
360.5 ,99.541458
360.0 ,99.647827
359.5 ,99.743317
359.0 ,99.800987
358.5 ,99.809769
358.0 ,99.769203
357.5 ,99.689537
357.0 ,99.589104
356.5 ,99.48999
356.0 ,99.413078
355.5 ,99.373367
355.0 ,99.376991
354.5 ,99.420639
354.0 ,99.493668
353.5 ,99.579376
353.0 ,99.65889
352.5 ,99.717873
352.0 ,99.748383
351.5 ,99.749977
351.0 ,99.72892
350.5 ,99.695618
350.0 ,99.660316
349.5 ,99.631912
349.0 ,99.616623
348.5 ,99.615311
348.0 ,99.625343
347.5 ,99.641869
347.0 ,99.659576
346.5 ,99.674294
346.0 ,99.683723
345.5 ,99.687653
345.0 ,99.687134
344.5 ,99.683723
344.0 ,99.678711
343.5 ,99.672768
343.0 ,99.665993
342.5 ,99.658287
342.0 ,99.649834
341.5 ,99.641113
341.0 ,99.632584
340.5 ,99.62413
340.0 ,99.614487
339.5 ,99.601593
339.0 ,99.582062
338.5 ,99.547363
338.0 ,99.493973
337.5 ,99.437462
337.0 ,99.387497
336.5 ,99.355247
336.0 ,99.348663
335.5 ,99.367332
335.0 ,99.398743
334.5 ,99.418373
334.0 ,99.394402
333.5 ,99.298409
333.0 ,99.117867
332.5 ,98.866158
332.0 ,98.585381
331.5 ,98.338837
331.0 ,98.193909
330.5 ,98.199783
330.0 ,98.36618
329.5 ,98.650131
329.0 ,98.957153
328.5 ,99.161461
328.0 ,99.144638
327.5 ,98.842117
327.0 ,98.247414
326.5 ,97.423813
326.0 ,96.657738
325.5 ,96.166298
325.0 ,96.09697
324.5 ,96.470001
324.0 ,97.148117
323.5 ,97.854874
323.0 ,98.253212
322.5 ,98.079391
322.0 ,97.277351
321.5 ,96.049347
321.0 ,94.781631
320.5 ,93.890633
320.0 ,93.671638
319.5 ,94.196747
319.0 ,95.266518
318.5 ,96.433128
318.0 ,97.130409
317.5 ,96.922501
317.0 ,95.753563
316.5 ,94.012787
316.0 ,92.346527
315.5 ,91.29422
315.0 ,90.983414
314.5 ,91.798119
314.0 ,93.117317
313.5 ,93.937263
313.0 ,93.357643
312.5 ,91.20929
312.0 ,88.235817
311.5 ,85.605667
311.0 ,84.264542
310.5 ,84.574173
310.0 ,86.181343
309.5 ,88.006477
309.0 ,88.582916
308.5 ,86.9739
308.0 ,83.603012
307.5 ,79.958656
307.0 ,77.541313
306.5 ,77.170288
306.0 ,78.796799
305.5 ,81.4058
305.0 ,83.113327
304.5 ,82.160744
304.0 ,78.398956
303.5 ,71.449013
303.0 ,66.569366
302.5 ,64.725227
302.0 ,65.248322
301.5 ,65.987869
301.0 ,64.207932
300.5 ,59.226952
300.0 ,53.315922