# {"Measurement": "NPS absorption in PEGDA", "Measurement Date": "2017-04-13", "Measurement Spectrometer": "Ocean Optics OE65PRO", "Absorber": "NPS", "Concentration w/w percent": 0.5, "Film thickness microns": 63.5, "Molar mass g/mole": 231.27, "Solvent": "PEGDA", "Solvent density g/L": 1110, "Solvent absorption measurement file": "NPS_05per_noresin_72ms_0_01.csv", "Solvent + absorber absorption measurement file": "NPS_05per_72ms_0_01.csv"}
2.999694198695810883e+02,1.558437035290475023e+03
3.007672975609717696e+02,1.693044366035848498e+03
3.015651034220029487e+02,1.515000171008807911e+03
3.023628374481613719e+02,1.577868275973757136e+03
3.031604996349340126e+02,1.533246322691232763e+03
3.039580899778078447e+02,1.569258679426059416e+03
3.047556084722697278e+02,1.639892221478527972e+03
3.055530551138066357e+02,1.652959638990549138e+03
3.063504298979054852e+02,1.622949574234991132e+03
3.071477328200533066e+02,1.619036515185523285e+03
3.079449638757367893e+02,1.607116807527552737e+03
3.087421230604431912e+02,1.553480538391309665e+03
3.095392103696592585e+02,1.622688933984242567e+03
3.103362257988718511e+02,1.511718246192538572e+03
3.111331693435679995e+02,1.547286416444766928e+03
3.119300409992346772e+02,1.521039099714953863e+03
3.127268407613587442e+02,1.603807752876913810e+03
3.135235686254271741e+02,1.470577455486835561e+03
3.143202245869268836e+02,1.589233836288791736e+03
3.151168086413447895e+02,1.532911729077718519e+03
3.159133207841677518e+02,1.470053557925725272e+03
3.167097610108829144e+02,1.565992313088329638e+03
3.175061293169770238e+02,1.623686748302683327e+03
3.183024256979371103e+02,1.637440874698857215e+03
3.190986501492500338e+02,1.620591161106448908e+03
3.198948026664027111e+02,1.840574999312893397e+03
3.206908832448821727e+02,1.787226662261062529e+03
3.214868918801753352e+02,1.849967784732751852e+03
3.222828285677690019e+02,1.906420259410737344e+03
3.230786933031503168e+02,1.912476337168467126e+03
3.238744860818059692e+02,1.959247100228260933e+03
3.246702068992230465e+02,1.962704093357353486e+03
3.254658557508884087e+02,2.148091101601336504e+03
3.262614326322891429e+02,2.111326093945760931e+03
3.270569375389120523e+02,2.166490598329251952e+03
3.278523704662439968e+02,2.222638822911530497e+03
3.286477314097720637e+02,2.249223814966895134e+03
3.294430203649830560e+02,2.325691616484593396e+03
3.302382373273640042e+02,2.355403229793771970e+03
3.310333822924017682e+02,2.401245295449567493e+03
3.318284552555833216e+02,2.395384701422837679e+03
3.326234562123955811e+02,2.434088695882425327e+03
3.334183851583254636e+02,2.448408528757777731e+03
3.342132420888599995e+02,2.556220521872567588e+03
3.350080269994859918e+02,2.572167984077062101e+03
3.358027398856904142e+02,2.723447117769080705e+03
3.365973807429602971e+02,2.719225895304220103e+03
3.373919495667823867e+02,2.851182405658573316e+03
3.381864463526437703e+02,2.843306483439609110e+03
3.389808710960313078e+02,2.890628151542350679e+03
3.397752237924318592e+02,2.919398499266575982e+03
3.405695044373325686e+02,3.004780656096951589e+03
3.413637130262201254e+02,3.115063272264017087e+03
3.421578495545816736e+02,3.169314478871448500e+03
3.429519140179040164e+02,3.244119912445240516e+03
3.437459064116741274e+02,3.255194962161103831e+03
3.445398267313788665e+02,3.354245038265820767e+03
3.453336749725053210e+02,3.392717815108143441e+03
3.461274511305402939e+02,3.550147920736934793e+03
3.469211552009707589e+02,3.559639214473383163e+03
3.477147871792836895e+02,3.640651205013966774e+03
3.485083470609658889e+02,3.690954772431775837e+03
3.493018348415043874e+02,3.739706067295071080e+03
3.500952505163861019e+02,3.771735584389818996e+03
3.508885940810980060e+02,3.831130922475061652e+03
3.516818655311269026e+02,3.836494767330604645e+03
3.524750648619599929e+02,3.908017521988278986e+03
3.532681920690838524e+02,3.945479142544558272e+03
3.540612471479857390e+02,3.944780484813475596e+03
3.548542300941522853e+02,4.032551392971750829e+03
3.556471409030706354e+02,4.058672606134764010e+03
3.564399795702276492e+02,4.086622137936929903e+03
3.572327460911102435e+02,4.169109850466106764e+03
3.580254404612053918e+02,4.214982345108433037e+03
3.588180626760000109e+02,4.209770089998673029e+03
3.596106127309809608e+02,4.312996884625163148e+03
3.604030906216353856e+02,4.415570131398495505e+03
3.611954963434500314e+02,4.476525032039851794e+03
3.619878298919118151e+02,4.550643984383152201e+03
3.627800912625078240e+02,4.642831236273953436e+03
3.635722804507248043e+02,4.650415000291118304e+03
3.643643974520497864e+02,4.671530810993670457e+03
3.651564422619696870e+02,4.704480327867654523e+03
3.659484148759714230e+02,4.743740751539511621e+03
3.667403152895419680e+02,4.771699159857766062e+03
3.675321434981682955e+02,4.794953471029042703e+03
3.683238994973372087e+02,4.790176536226833377e+03
3.691155832825357379e+02,4.802526500060868784e+03
3.699071948492508000e+02,4.802630953985848464e+03
3.706987341929692548e+02,4.759684056748114017e+03
3.714902013091781896e+02,4.723081357097595173e+03
3.722815961933643507e+02,4.705117952172391597e+03
3.730729188410147117e+02,4.671536638666018916e+03
3.738641692476163598e+02,4.596824429070538827e+03
3.746553474086559845e+02,4.577446866804366437e+03
3.754464533196207299e+02,4.526772091271867794e+03
3.762374869759974558e+02,4.475177833623958577e+03
3.770284483732730223e+02,4.444070406888540674e+03
3.778193375069345166e+02,4.419056497193737414e+03
3.786101543724687417e+02,4.335015729781419395e+03
3.794008989653627282e+02,4.289423521075575081e+03
3.801915712811032790e+02,4.228483952875231807e+03
3.809821713151773679e+02,4.169939781303723066e+03
3.817726990630719683e+02,4.119152213053834203e+03
3.825631545202739972e+02,4.059342301496405526e+03
3.833535376822703711e+02,4.026678666745665396e+03
3.841438485445480637e+02,3.969114040728974487e+03
3.849340871025939919e+02,3.905427914964715001e+03
3.857242533518951291e+02,3.850169566132112777e+03
3.865143472879382784e+02,3.798282972404328575e+03
3.873043689062104136e+02,3.722726362316015184e+03
3.880943182021986217e+02,3.677693194740852960e+03
3.888841951713895924e+02,3.604193671147596888e+03
3.896739998092704127e+02,3.517825419636084916e+03
3.904637321113279995e+02,3.462239778324922554e+03
3.912533920730492696e+02,3.394793523610685497e+03
3.920429796899210828e+02,3.316289383774370890e+03
3.928324949574305265e+02,3.233666816128133178e+03
3.936219378710644037e+02,3.160383687134877164e+03
3.944113084263098017e+02,3.105369223004945979e+03
3.952006066186534099e+02,3.008531409885783887e+03
3.959898324435823724e+02,2.940310675623614316e+03
3.967789858965834355e+02,2.869908811020805842e+03
3.975680669731436865e+02,2.789261538835072770e+03
3.983570756687500420e+02,2.718990229744926182e+03
3.991460119788893053e+02,2.653551769409660210e+03
3.999348758990485635e+02,2.586675308607003899e+03
4.007236674247147334e+02,2.515941028292614646e+03
4.015123865513746182e+02,2.431281738370623771e+03
4.023010332745152482e+02,2.389016545361548651e+03
4.030896075896235402e+02,2.321716011846177935e+03
4.038781094921864110e+02,2.270427689440853101e+03
4.046665389776909478e+02,2.222056950051662625e+03
4.054548960416237833e+02,2.147961425892752231e+03
4.062431806794720046e+02,2.094632817634728326e+03
4.070313928867226423e+02,2.011299829612756639e+03
4.078195326588623857e+02,1.928938266186182545e+03
4.086075999913784358e+02,1.848760111278751310e+03
4.093955948797575388e+02,1.738831123557692308e+03
4.101835173194867252e+02,1.665243548292889272e+03
4.109713673060529686e+02,1.572584095571325179e+03
4.117591448349429584e+02,1.496535451637587130e+03
4.125468499016439523e+02,1.430506106874029228e+03
4.133344825016426398e+02,1.351137737195454065e+03
4.141220426304259945e+02,1.277951224970092653e+03
4.149095302834811037e+02,1.218379871173076936e+03
4.156969454562946567e+02,1.144697344096199458e+03
4.164842881443537976e+02,1.088539665783330975e+03
4.172715583431453297e+02,1.025786436107091959e+03
4.180587560481562264e+02,9.713509480230231929e+02
4.188458812548734613e+02,9.275794274792790475e+02
4.196329339587839513e+02,8.761830978866626083e+02
4.204199141553744994e+02,8.147321773404638634e+02
4.212068218401323065e+02,7.762744868961514157e+02
4.219936570085440621e+02,7.301223903430297923e+02
4.227804196560967398e+02,6.812847789151080633e+02
4.235671097782773131e+02,6.566717950256432914e+02
4.243537273705726989e+02,6.211092330349911208e+02
4.251402724284698706e+02,5.822134374899102340e+02
4.259267449474557452e+02,5.370386457349493412e+02
4.267131449230172393e+02,5.161224054992843548e+02
4.274994723506412697e+02,4.764335634792010410e+02
4.282857272258148100e+02,4.470579428256204437e+02
4.290719095440247770e+02,4.104214279042122371e+02
4.298580193007580306e+02,3.940761741126524953e+02
4.306440564915016012e+02,3.604161002504092721e+02
4.314300211117423487e+02,3.474061049166846260e+02
4.322159131569672468e+02,3.250390133852756662e+02
4.330017326226632690e+02,3.037156030269997586e+02
4.337874795043172185e+02,2.610463840502782205e+02
4.345731537974161824e+02,2.320636206413550724e+02
4.353587554974470208e+02,2.022120121939217370e+02
4.361442845998966504e+02,1.881122740777622084e+02
4.369297411002519880e+02,1.735112575085159392e+02
4.377151249940000639e+02,1.545895259729364852e+02
4.385004362766276813e+02,1.785548978304339016e+02
4.392856749436218138e+02,1.644303452917091306e+02
4.400708409904694349e+02,1.546197143408484180e+02
4.408559344126574615e+02,1.458522152124871241e+02
4.416409552056727534e+02,1.412957491585055436e+02
4.424259033650023412e+02,1.334413929104886734e+02
4.432107788861331414e+02,1.285676778506208677e+02
4.439955817645520710e+02,1.130887391753456654e+02
4.447803119957460467e+02,1.002190820442811088e+02
4.455649695752019852e+02,9.879819115094225879e+01
4.463495544984069170e+02,9.533845279615938750e+01
4.471340667608476451e+02,9.668284063371397963e+01
4.479185063580111432e+02,8.830133615723615037e+01
4.487028732853843849e+02,7.978139439009518696e+01
4.494871675384542300e+02,7.440927225093716402e+01
4.502713891127077090e+02,7.449356054492253065e+01
4.510555380036316819e+02,7.460880086412086598e+01
4.518396142067130654e+02,6.056253420319072944e+01
4.526236177174388899e+02,6.682050635372381464e+01
4.534075485312960723e+02,5.530118369833484593e+01
4.541914066437714155e+02,7.111342372894186781e+01
4.549751920503519500e+02,4.812592971897640126e+01
4.557589047465245358e+02,5.017405824419348903e+01
4.565425447277761464e+02,4.972454592739543955e+01
4.573261119895937554e+02,4.765773256113534728e+01
4.581096065274642797e+02,4.304500527193788884e+01
4.588930283368745791e+02,5.440766148266702373e+01
4.596763774133116840e+02,4.525084810204631225e+01
4.604596537522625113e+02,4.300347417235485636e+01
4.612428573492140913e+02,2.865078887139425845e+01
4.620259881996530567e+02,2.946995263466089554e+01
4.628090462990665515e+02,3.162666427341681086e+01
4.635920316429414356e+02,2.920480777817126139e+01
4.643749442267647396e+02,2.858325856953238997e+01
4.651577840460232665e+02,1.835677355617154660e+01
4.659405510962040466e+02,2.278315451463798524e+01
4.667232453727939401e+02,1.543424492350021460e+01
4.675058668712799772e+02,2.483622298421216712e+01
4.682884155871489611e+02,1.539354768095746451e+01
4.690708915158879790e+02,1.537308275027229065e+01
4.698532946529838910e+02,1.298726384915465459e+01
4.706356249939236136e+02,2.561098688630190878e+01
4.714178825341940069e+02,1.768374992013266933e+01
4.722000672692821013e+02,1.746344926249358664e+01
4.729821791946747567e+02,1.117876042038417772e+01
4.737642183058590035e+02,3.946312965862830979e-01
4.745461845983217017e+02,-2.977774526107989650e-01
4.753280780675498249e+02,1.191209569809212532e+01
4.761098987090302899e+02,3.121600613741338126e+00
4.768916465182499564e+02,6.575489158159208536e+00
4.776733214906958551e+02,7.205173543434312045e+00
4.784549236218550732e+02,1.330703770682193721e+01
4.792364529072141863e+02,2.549462038108313511e+00
4.800179093422602250e+02,1.561683603238330598e+01
4.807992929224802765e+02,7.357089263129035217e+00
4.815806036433611439e+02,1.315493913199294873e+01
4.823618415003898576e+02,1.927172758147796650e+00
4.831430064890532776e+02,-8.116325088197174908e-01
4.839240986048383206e+02,4.863980804738154973e+00
4.847051178432319603e+02,1.163971060726651352e+01
4.854860641997211133e+02,8.301865097813969641e+00
4.862669376697929238e+02,7.333718955271788076e+00
4.870477382489339107e+02,1.376315760812970090e+01
4.878284659326312180e+02,-3.443915656564925154e+00
4.886091207163717627e+02,1.891994539647176232e+00
4.893897025956425182e+02,6.416336900181823566e+00
4.901702115659304582e+02,7.148525827341497774e+00
4.909506476227223288e+02,4.261803974680890228e+00
4.917310107615052175e+02,4.306755523421061049e+00
4.925113009777659840e+02,1.522949540066799612e+00
4.932915182669916021e+02,-2.721249404659416893e+00
4.940716626246689884e+02,1.829409201322859113e+00
4.948517340462852303e+02,6.751948875278580786e+00
4.956317325273270171e+02,-5.310515928277110831e+00
4.964116580632813225e+02,3.764511121422144058e+00
4.971915106496351200e+02,5.976222467982705844e+00
4.979712902818753264e+02,4.625288344421923381e-01
4.987509969554889722e+02,1.166542121764025097e+01
4.995306306659628603e+02,7.402674877569383582e+00
5.003101914087840214e+02,9.116126764501849777e+00
5.010896791794392584e+02,2.099542636993524169e+00
5.018690939734156586e+02,-1.325946310760396374e+00
5.026484357862001957e+02,-2.971990517801772036e+00
5.034277046132795590e+02,4.141411537171444390e-01
5.042069004501407790e+02,-1.040691957063361528e+01
5.049860232922708860e+02,-3.737859605749850989e+00
5.057650731351566833e+02,-1.616758253766344744e+00
5.065440499742852012e+02,-9.013299040076572233e-01
5.073229538051433565e+02,-4.637501240671860536e+00
5.081017846232180091e+02,5.377862476585351992e+00
5.088805424239961326e+02,9.389520283607854623e+00
5.096592272029647575e+02,-1.711721664061762738e+01
5.104378389556105731e+02,1.112477635761257488e+01
5.112163776774208941e+02,2.226316727005507978e+00
5.119948433638822394e+02,-1.749856485636523962e-01
5.127732360104818099e+02,9.569442764807295276e+00
5.135515556127063519e+02,6.777900220589945235e+00
5.143298021660430095e+02,3.664972533742523630e+00
5.151079756659786426e+02,8.552601544260863164e+00
5.158860761079999975e+02,-9.186961729176517100e-01
5.166641034875942751e+02,9.066831375471275933e+00
5.174420578002482216e+02,-7.178974858699717743e+00
5.182199390414486970e+02,-1.490012790137807519e+00
5.189977472066831297e+02,3.270947040338304523e-01
5.197754822914378110e+02,8.047867386345659568e+00
5.205531442912000557e+02,9.636958785605784783e+00
5.213307332014566100e+02,9.446645169023010880e+00
5.221082490176944475e+02,-1.298314637441638553e+00
5.228856917354006555e+02,-6.271191344736220863e+00
5.236630613500619802e+02,-1.369470978497206737e+01
5.244403578571653952e+02,1.594596858356705227e-01
5.252175812521979879e+02,4.291520708474614310e+00
5.259947315306465043e+02,3.804942457163629665e+00
5.267718086879979182e+02,-1.989784399111413027e+00
5.275488127197393169e+02,4.499779069020862776e-01
5.283257436213573328e+02,-1.652715756883289755e+00
5.291026013883391670e+02,6.567023696145213307e+00
5.298793860161715656e+02,2.344761040881047531e+00
5.306560975003416161e+02,4.828526370373317889e+00
5.314327358363360645e+02,-1.048005321033508608e+01
5.322093010196419982e+02,2.611455575606153046e-01
5.329857930457461634e+02,6.768493936002811573e+00
5.337622119101358749e+02,-9.961266487372719136e-02
5.345385576082976513e+02,-1.986585526370155286e+00
5.353148301357188075e+02,2.881791068343237061e+00
5.360910294878859759e+02,-1.529050475192247349e+00
5.368671556602861301e+02,-9.297688593531377776e+00
5.376432086484061301e+02,5.034563293024589825e+00
5.384191884477331769e+02,-4.776883463910246874e+00
5.391950950537540166e+02,-5.551656729969378645e+00
5.399709284619556229e+02,8.556629156476290632e+00
