# 04/13/17,100 um fiber,No slit,Integration time: 80.0 ms,Dark correction on,Nonlinearity correction on
# wavelength,intensity
1.907908162221780231e+02,2.029183439179239379e+00
1.915984207987377772e+02,0.000000000000000000e+00
1.924059541587151330e+02,-3.043783932094478839e+00
1.932134162975970355e+02,0.000000000000000000e+00
1.940208072108704584e+02,4.261186755638195223e+01
1.948281268940222617e+02,4.768457091030392547e+01
1.956353753425393904e+02,4.667003259377612068e+01
1.964425525519088183e+02,4.869910804938235316e+01
1.972496585176174051e+02,4.565549309995943617e+01
1.980566932351522098e+02,4.768457091030392547e+01
1.988636567000000070e+02,4.768457091030392547e+01
1.996705489076478273e+02,4.667003259377612068e+01
2.004773698535825872e+02,4.565549309995943617e+01
2.012841195332911752e+02,4.464095242901441907e+01
2.020907979422606502e+02,4.869910804938235316e+01
2.028974050759777583e+02,4.667003259377612068e+01
2.037039409299295301e+02,5.072817879454950685e+01
2.045104054996029674e+02,4.869910804938235316e+01
2.053167987804848735e+02,5.174271240031760755e+01
2.061231207680622219e+02,4.667003259377612068e+01
2.069293714578220147e+02,4.971364401085099871e+01
2.077355508452510833e+02,4.667003259377612068e+01
2.085416589258364297e+02,4.869910804938235316e+01
2.093476956950649424e+02,4.971364401085099871e+01
2.101536611484235664e+02,4.464095242901441907e+01
2.109595552813992754e+02,4.768457091030392547e+01
2.117653780894789293e+02,4.869910804938235316e+01
2.125711295681494732e+02,5.174271240031760755e+01
2.133768097128979093e+02,4.565549309995943617e+01
2.141824185192110974e+02,5.072817879454950685e+01
2.149879559825760111e+02,5.174271240031760755e+01
2.157934220984795672e+02,4.971364401085099871e+01
2.165988168624086541e+02,4.768457091030392547e+01
2.174041402698502736e+02,5.072817879454950685e+01
2.182093923162913143e+02,5.275724482799508763e+01
2.190145729972187212e+02,5.072817879454950685e+01
2.198196823081194964e+02,4.971364401085099871e+01
2.206247202444804145e+02,4.768457091030392547e+01
2.214296868017885629e+02,5.377177607742180498e+01
2.222345819755307730e+02,5.174271240031760755e+01
2.230394057611939900e+02,4.869910804938235316e+01
2.238441581542652159e+02,5.377177607742180498e+01
2.246488391502313107e+02,5.174271240031760755e+01
2.254534487445792479e+02,5.377177607742180498e+01
2.262579869327959159e+02,5.174271240031760755e+01
2.270624537103682599e+02,5.174271240031760755e+01
2.278668490727832534e+02,5.174271240031760755e+01
2.286711730155277849e+02,5.174271240031760755e+01
2.294754255340887710e+02,5.174271240031760755e+01
2.302796066239532138e+02,5.377177607742180498e+01
2.310837162806080016e+02,5.681536275459708918e+01
2.318877544995400797e+02,5.478630614843770275e+01
2.326917212762363363e+02,5.072817879454950685e+01
2.334956166061837735e+02,5.681536275459708918e+01
2.342994404848692795e+02,5.275724482799508763e+01
2.351031929077797713e+02,5.580083504088277380e+01
2.359068738704021939e+02,5.478630614843770275e+01
2.367104833682235210e+02,5.884441464519407106e+01
2.375140213967306408e+02,5.782988928942078388e+01
2.383174879514104987e+02,5.478630614843770275e+01
2.391208830277500113e+02,5.580083504088277380e+01
2.399242066212361237e+02,5.377177607742180498e+01
2.407274587273557813e+02,6.188798363661457813e+01
2.415306393415959008e+02,5.681536275459708918e+01
2.423337484594434272e+02,6.290250427458968119e+01
2.431367860763852491e+02,5.985893882175722069e+01
2.439397521879083683e+02,6.391702373271644433e+01
2.447426467894996449e+02,6.391702373271644433e+01
2.455454698766460524e+02,6.188798363661457813e+01
2.463482214448345360e+02,6.087346181895058095e+01
2.471509014895520124e+02,6.594605910878755139e+01
2.479535100062853985e+02,6.493154201083549992e+01
2.487560469905216110e+02,6.290250427458968119e+01
2.495585124377476518e+02,6.898960332004951113e+01
2.503609063434503810e+02,7.000411569574177406e+01
2.511632287031167721e+02,6.696057502641333770e+01
2.519654795122337134e+02,6.797508976355368304e+01
2.527676587662881786e+02,7.000411569574177406e+01
2.535697664607671129e+02,6.797508976355368304e+01
2.543718025911574045e+02,6.594605910878755139e+01
2.551737671529460272e+02,7.101862689047152344e+01
2.559756601416198691e+02,7.203313690407983927e+01
2.567774815526658472e+02,7.304764573640792946e+01
2.575792313815709917e+02,7.406215338729701614e+01
2.583809096238221059e+02,7.812017217329074015e+01
2.591825162749062770e+02,7.812017217329074015e+01
2.599840513303103080e+02,7.812017217329074015e+01
2.607855147855211158e+02,7.507665985658843510e+01
2.615869066360257875e+02,7.913467391460592637e+01
2.623882268773110695e+02,7.913467391460592637e+01
2.631894755048640491e+02,7.507665985658843510e+01
2.639906525141715292e+02,7.710566924974379788e+01
2.647917579007204836e+02,7.507665985658843510e+01
2.655927916599978857e+02,8.217817204357803007e+01
2.663937537874906525e+02,8.116367384990780920e+01
2.671946442786857006e+02,8.116367384990780920e+01
2.679954631290700036e+02,7.812017217329074015e+01
2.687962103341304783e+02,7.710566924974379788e+01
2.695968858893539846e+02,8.217817204357803007e+01
2.703974897902274961e+02,8.522165952676832035e+01
2.711980220322380433e+02,8.927962627021132391e+01
2.719984826108723723e+02,8.420716488216631035e+01
2.727988715216175706e+02,8.826513635991091178e+01
2.735991887599604979e+02,8.522165952676832035e+01
2.743994343213880143e+02,9.029411499654203510e+01
2.751996082013872638e+02,9.232308889666406060e+01
2.759997103954450495e+02,9.232308889666406060e+01
2.767997408990482313e+02,8.927962627021132391e+01
2.775996997076838397e+02,9.232308889666406060e+01
2.783995868168387915e+02,1.004389371068809140e+02
2.791994022220000033e+02,9.333757407014041974e+01
2.799991459186544489e+02,9.840998216538268650e+01
2.807988179022890449e+02,1.014534127991594517e+02
2.815984181683906513e+02,1.034823606259912623e+02
2.823979467124461848e+02,9.840998216538268650e+01
2.831974035299427896e+02,1.085547094323626709e+02
2.839967886163670983e+02,1.014534127991594517e+02
2.847961019672063685e+02,1.105836406473417952e+02
2.855953435779472898e+02,1.095691756334063882e+02
2.863945134440768356e+02,1.105836406473417952e+02
2.871936115610819797e+02,1.126125671132628412e+02
2.879926379244497525e+02,1.126125671132628412e+02
2.887915925296668433e+02,1.227571281633248361e+02
2.895904753722203395e+02,1.197137723271334551e+02
2.903892864475972146e+02,1.217426774068542272e+02
2.911880257512842718e+02,1.217426774068542272e+02
2.919866932787684846e+02,1.329015703000705173e+02
2.927852890255368834e+02,1.308726913932371758e+02
2.935838129870763282e+02,1.329015703000705173e+02
2.943822651588737358e+02,1.410170382876871145e+02
2.951806455364160229e+02,1.410170382876871145e+02
2.959789541151902199e+02,1.471035892221267432e+02
2.967771908906830731e+02,1.491324299925067578e+02
2.975753558583816698e+02,1.562333350965587044e+02
2.983734490137729267e+02,1.613053743472508472e+02
2.991714703523437606e+02,1.663773837232465667e+02
2.999694198695810883e+02,1.724637555129878876e+02
3.007672975609717696e+02,1.826076127465616707e+02
3.015651034220029487e+02,1.886938695837163209e+02
3.023628374481613719e+02,2.039093227490704408e+02
3.031604996349340126e+02,2.079667312963341317e+02
3.039580899778078447e+02,2.241961730787961073e+02
3.047556084722697278e+02,2.353537354982206011e+02
3.055530551138066357e+02,2.465111519965552418e+02
3.063504298979054852e+02,2.586827124326111402e+02
3.071477328200533066e+02,2.667969893248667290e+02
3.079449638757367893e+02,2.860680863110856649e+02
3.087421230604431912e+02,3.124383511762901549e+02
3.095392103696592585e+02,3.367794039852717560e+02
3.103362257988718511e+02,3.702472034053007519e+02
3.111331693435679995e+02,3.834311220175723065e+02
3.119300409992346772e+02,4.037136687655988680e+02
3.127268407613587442e+02,4.402210127526944916e+02
3.135235686254271741e+02,4.888949816263437924e+02
3.143202245869268836e+02,5.365521393710984057e+02
3.151168086413447895e+02,5.740675391943686918e+02
3.159133207841677518e+02,6.156366562038443817e+02
3.167097610108829144e+02,6.399688181028496956e+02
3.175061293169770238e+02,6.582174634283837804e+02
3.183024256979371103e+02,6.663278412605458243e+02
3.190986501492500338e+02,6.784932564387185039e+02
3.198948026664027111e+02,6.957272828924959640e+02
3.206908832448821727e+02,7.149884087364971492e+02
3.214868918801753352e+02,7.352627832610025962e+02
3.222828285677690019e+02,7.595913615305225903e+02
3.230786933031503168e+02,7.747963504754682162e+02
3.238744860818059692e+02,7.920283243290415385e+02
3.246702068992230465e+02,8.082463154357868689e+02
3.254658557508884087e+02,8.447355973882841909e+02
3.262614326322891429e+02,8.579118741054915063e+02
3.270569375389120523e+02,8.822367374901047015e+02
3.278523704662439968e+02,9.085878360730885106e+02
3.286477314097720637e+02,9.562202999845505929e+02
3.294430203649830560e+02,1.008916713666544524e+03
3.302382373273640042e+02,1.083901698750699325e+03
3.310333822924017682e+02,1.159892688498053531e+03
3.318284552555833216e+02,1.291592865086169468e+03
3.326234562123955811e+02,1.458718485119670731e+03
3.334183851583254636e+02,1.624795091060423374e+03
3.342132420888599995e+02,1.777674961079753302e+03
3.350080269994859918e+02,1.824241480158755849e+03
3.358027398856904142e+02,1.828290606401386412e+03
3.365973807429602971e+02,1.778687307354460245e+03
3.373919495667823867e+02,1.726043497796419615e+03
3.381864463526437703e+02,1.731105562242883252e+03
3.389808710960313078e+02,1.794884662611027125e+03
3.397752237924318592e+02,1.837401060652594197e+03
3.405695044373325686e+02,1.928499517801087450e+03
3.413637130262201254e+02,1.990237723228776304e+03
3.421578495545816736e+02,2.093460683633308690e+03
3.429519140179040164e+02,2.179468871877123092e+03
3.437459064116741274e+02,2.268502129096424142e+03
3.445398267313788665e+02,2.357524662854994403e+03
3.453336749725053210e+02,2.425295977237552052e+03
3.461274511305402939e+02,2.480924482197902307e+03
3.469211552009707589e+02,2.547673130133473478e+03
3.477147871792836895e+02,2.558797314774253209e+03
3.485083470609658889e+02,2.617449316368269592e+03
3.493018348415043874e+02,2.623516496968699357e+03
3.500952505163861019e+02,2.614415707229510645e+03
3.508885940810980060e+02,2.659918525348309686e+03
3.516818655311269026e+02,2.705418515796258816e+03
3.524750648619599929e+02,2.774168687776032584e+03
3.532681920690838524e+02,2.863129897680011254e+03
3.540612471479857390e+02,2.925800604219907655e+03
3.548542300941522853e+02,3.024849769585523973e+03
3.556471409030706354e+02,3.104685724791584107e+03
3.564399795702276492e+02,3.184512927670029512e+03
3.572327460911102435e+02,3.337069678068652138e+03
3.580254404612053918e+02,3.544131965020425014e+03
3.588180626760000109e+02,3.774356454535297871e+03
3.596106127309809608e+02,4.193218970379640268e+03
3.604030906216353856e+02,4.844756223163194591e+03
3.611954963434500314e+02,5.889458778912843627e+03
3.619878298919118151e+02,7.409181989005383912e+03
3.627800912625078240e+02,8.924159385429267786e+03
3.635722804507248043e+02,9.913728340675579602e+03
3.643643974520497864e+02,1.077217679788069836e+04
3.651564422619696870e+02,1.151488910681301059e+04
3.659484148759714230e+02,1.206011399332801739e+04
3.667403152895419680e+02,1.272306929862379184e+04
3.675321434981682955e+02,1.307091367523705958e+04
3.683238994973372087e+02,1.294298115266643799e+04
3.691155832825357379e+02,1.243213053689121261e+04
3.699071948492508000e+02,1.182104537076081397e+04
3.706987341929692548e+02,1.116561418217018763e+04
3.714902013091781896e+02,1.055687839370824986e+04
3.722815961933643507e+02,1.002094760098427651e+04
3.730729188410147117e+02,9.526842758595235864e+03
3.738641692476163598e+02,9.179919879385579407e+03
3.746553474086559845e+02,8.883030633378615676e+03
3.754464533196207299e+02,8.622171755153618506e+03
3.762374869759974558e+02,8.434508140775471475e+03
3.770284483732730223e+02,8.250820938181974270e+03
3.778193375069345166e+02,8.187575615912571266e+03
3.786101543724687417e+02,8.191591325900573793e+03
3.794008989653627282e+02,8.125329780918354118e+03
3.801915712811032790e+02,8.111273662692384278e+03
3.809821713151773679e+02,8.173520487625247370e+03
3.817726990630719683e+02,8.192595250555086750e+03
3.825631545202739972e+02,8.324099583290024384e+03
3.833535376822703711e+02,8.441533681610568237e+03
3.841438485445480637e+02,8.581029568717487564e+03
3.849340871025939919e+02,8.721507472394801880e+03
3.857242533518951291e+02,8.881024306519580932e+03
3.865143472879382784e+02,8.991365903548990900e+03
3.873043689062104136e+02,9.035498918379080351e+03
3.880943182021986217e+02,9.096679919967604292e+03
3.888841951713895924e+02,9.186939785120410306e+03
3.896739998092704127e+02,9.234072106333906049e+03
3.904637321113279995e+02,9.290226748802484508e+03
3.912533920730492696e+02,9.400521017708748332e+03
3.920429796899210828e+02,9.504787753968605102e+03
3.928324949574305265e+02,9.671190636377512419e+03
3.936219378710644037e+02,9.838567930598730527e+03
3.944113084263098017e+02,1.000691955073420104e+04
3.952006066186534099e+02,1.021932393254544695e+04
3.959898324435823724e+02,1.044370440055822837e+04
3.967789858965834355e+02,1.060695158919736605e+04
3.975680669731436865e+02,1.083025005807242269e+04
3.983570756687500420e+02,1.111156221408175588e+04
3.991460119788893053e+02,1.147586355927389013e+04
3.999348758990485635e+02,1.190807570037173355e+04
4.007236674247147334e+02,1.276305591960697893e+04
4.015123865513746182e+02,1.438956544678490354e+04
4.023010332745152482e+02,1.759814083667785962e+04
4.030896075896235402e+02,2.248146918451863166e+04
4.038781094921864110e+02,2.787894539734580394e+04
4.046665389776909478e+02,3.225022989179463184e+04
4.054548960416237833e+02,3.412248113186797127e+04
4.062431806794720046e+02,3.366275229323883832e+04
4.070313928867226423e+02,3.125782023086168920e+04
4.078195326588623857e+02,2.821942822321471249e+04
4.086075999913784358e+02,2.552070882038898708e+04
4.093955948797575388e+02,2.337550301361583843e+04
4.101835173194867252e+02,2.206129471528410068e+04
4.109713673060529686e+02,2.122882118917506159e+04
4.117591448349429584e+02,2.062429379246043754e+04
4.125468499016439523e+02,2.009638265114949900e+04
4.133344825016426398e+02,1.938607601948979936e+04
4.141220426304259945e+02,1.868458725983015393e+04
4.149095302834811037e+02,1.807064906572487962e+04
4.156969454562946567e+02,1.768188279588804289e+04
4.164842881443537976e+02,1.748249256639734449e+04
4.172715583431453297e+02,1.749146547029324211e+04
4.180587560481562264e+02,1.762107045965371435e+04
4.188458812548734613e+02,1.782742773472410045e+04
4.196329339587839513e+02,1.817431044107018897e+04
4.204199141553744994e+02,1.862180417786712860e+04
4.212068218401323065e+02,1.909115088774538162e+04
4.219936570085440621e+02,1.960426393588505380e+04
4.227804196560967398e+02,2.011929346606577383e+04
4.235671097782773131e+02,2.067508920766234951e+04
4.243537273705726989e+02,2.126068865449059012e+04
4.251402724284698706e+02,2.176556214230677870e+04
4.259267449474557452e+02,2.241575648515900684e+04
4.267131449230172393e+02,2.315449256147791675e+04
4.274994723506412697e+02,2.412013430717325537e+04
4.282857272258148100e+02,2.546297471774226869e+04
4.290719095440247770e+02,2.703177355349871141e+04
4.298580193007580306e+02,2.832496099161867460e+04
4.306440564915016012e+02,2.934055236699218585e+04
4.314300211117423487e+02,3.007149925584013909e+04
4.322159131569672468e+02,3.100378961599030663e+04
4.330017326226632690e+02,3.334767912538896780e+04
4.337874795043172185e+02,3.731281982642164803e+04
4.345731537974161824e+02,4.167999193898354861e+04
4.353587554974470208e+02,4.745647727376877447e+04
4.361442845998966504e+02,5.305698131330774049e+04
4.369297411002519880e+02,5.659041493558773800e+04
4.377151249940000639e+02,5.791513707134809374e+04
4.385004362766276813e+02,5.648138663842647657e+04
4.392856749436218138e+02,5.250670529343849921e+04
4.400708409904694349e+02,4.758272200239157246e+04
4.408559344126574615e+02,4.293343310397745518e+04
4.416409552056727534e+02,3.899054499040243536e+04
4.424259033650023412e+02,3.576980886868348171e+04
4.432107788861331414e+02,3.342444926196952292e+04
4.439955817645520710e+02,3.166530653768243064e+04
4.447803119957460467e+02,3.043402999309795632e+04
4.455649695752019852e+02,2.936345502657634643e+04
4.463495544984069170e+02,2.845837253652485379e+04
4.471340667608476451e+02,2.763902257321525030e+04
4.479185063580111432e+02,2.680182273807096135e+04
4.487028732853843849e+02,2.589896688703680775e+04
4.494871675384542300e+02,2.496227886028892681e+04
4.502713891127077090e+02,2.408230653636089846e+04
4.510555380036316819e+02,2.322119448078284040e+04
4.518396142067130654e+02,2.251133838389215452e+04
4.526236177174388899e+02,2.191791111460449247e+04
4.534075485312960723e+02,2.149869232778862715e+04
4.541914066437714155e+02,2.124973423678362815e+04
4.549751920503519500e+02,2.119297004058799212e+04
4.557589047465245358e+02,2.126865548832064815e+04
4.565425447277761464e+02,2.116906912667874349e+04
4.573261119895937554e+02,2.105852583721009796e+04
4.581096065274642797e+02,2.056254168369907711e+04
4.588930283368745791e+02,2.008044461178086931e+04
4.596763774133116840e+02,1.946976618941556808e+04
4.604596537522625113e+02,1.892773471544682252e+04
4.612428573492140913e+02,1.853211172811501456e+04
4.620259881996530567e+02,1.826401422526405076e+04
4.628090462990665515e+02,1.806068141626133001e+04
4.635920316429414356e+02,1.799589079042159574e+04
4.643749442267647396e+02,1.806068141626133001e+04
4.651577840460232665e+02,1.816035625554157014e+04
4.659405510962040466e+02,1.831982844566036874e+04
4.667232453727939401e+02,1.862977670685979319e+04
4.675058668712799772e+02,1.904930121521170076e+04
4.682884155871489611e+02,1.934423015057950761e+04
4.690708915158879790e+02,1.967798641004766614e+04
4.698532946529838910e+02,2.009737877639563521e+04
4.706356249939236136e+02,2.045696338213821946e+04
4.714178825341940069e+02,2.096889422382725388e+04
4.722000672692821013e+02,2.126666378107818673e+04
4.729821791946747567e+02,2.147578869414224391e+04
4.737642183058590035e+02,2.147977194207104185e+04
4.745461845983217017e+02,2.129156006353028351e+04
4.753280780675498249e+02,2.088224866133141404e+04
4.761098987090302899e+02,2.063724170088721803e+04
4.768916465182499564e+02,2.038026800770676709e+04
4.776733214906958551e+02,2.026572024558603152e+04
4.784549236218550732e+02,2.013821968802228730e+04
4.792364529072141863e+02,2.025376724513376757e+04
4.800179093422602250e+02,2.042708223937511502e+04
4.807992929224802765e+02,2.074978725660451164e+04
4.815806036433611439e+02,2.135230646635862286e+04
4.823618415003898576e+02,2.196072741665275680e+04
4.831430064890532776e+02,2.263678762574465509e+04
4.839240986048383206e+02,2.352084942264331403e+04
4.847051178432319603e+02,2.427144442172102208e+04
4.854860641997211133e+02,2.475522981932385301e+04
4.862669376697929238e+02,2.496227886028892681e+04
4.870477382489339107e+02,2.480997851191542941e+04
4.878284659326312180e+02,2.455514716481424693e+04
4.886091207163717627e+02,2.413108443269143390e+04
4.893897025956425182e+02,2.365723424620448714e+04
4.901702115659304582e+02,2.304000299628230641e+04
4.909506476227223288e+02,2.217779137134368284e+04
4.917310107615052175e+02,2.119595764646981115e+04
4.925113009777659840e+02,2.018105237309189761e+04
4.932915182669916021e+02,1.926651499070528735e+04
4.940716626246689884e+02,1.877925765263280846e+04
4.948517340462852303e+02,1.843045692142014377e+04
4.956317325273270171e+02,1.817331371589668561e+04
4.964116580632813225e+02,1.780051251132968537e+04
4.971915106496351200e+02,1.751040816017174802e+04
4.979712902818753264e+02,1.725815922336973381e+04
4.987509969554889722e+02,1.695502625663268918e+04
4.995306306659628603e+02,1.674360714955780350e+04
5.003101914087840214e+02,1.666581582413523938e+04
5.010896791794392584e+02,1.649925327023185309e+04
5.018690939734156586e+02,1.645536637958252686e+04
5.026484357862001957e+02,1.640050649222986976e+04
5.034277046132795590e+02,1.630275260735710435e+04
5.042069004501407790e+02,1.625187887677107756e+04
5.049860232922708860e+02,1.619900877227673664e+04
5.057650731351566833e+02,1.613616140545593771e+04
5.065440499742852012e+02,1.621197703669202383e+04
5.073229538051433565e+02,1.617905743634066130e+04
5.081017846232180091e+02,1.629976006944380060e+04
5.088805424239961326e+02,1.643043024319278265e+04
5.096592272029647575e+02,1.645337149944247358e+04
5.104378389556105731e+02,1.650922743784102204e+04
5.112163776774208941e+02,1.661894023149299392e+04
5.119948433638822394e+02,1.671867433154819810e+04
5.127732360104818099e+02,1.682837663607955255e+04
5.135515556127063519e+02,1.690915398480299700e+04
5.143298021660430095e+02,1.701386108147533378e+04
5.151079756659786426e+02,1.703181038880377309e+04
5.158860761079999975e+02,1.710659766924194264e+04
5.166641034875942751e+02,1.720631031405537578e+04
5.174420578002482216e+02,1.730103343004675116e+04
5.182199390414486970e+02,1.727610665934117060e+04
5.189977472066831297e+02,1.730801287934468201e+04
5.197754822914378110e+02,1.737082701178428761e+04
5.205531442912000557e+02,1.748747751704214170e+04
5.213307332014566100e+02,1.754929006916117942e+04
5.221082490176944475e+02,1.762406126459738880e+04
5.228856917354006555e+02,1.776362823055215631e+04
5.236630613500619802e+02,1.794106672063442966e+04
5.244403578571653952e+02,1.804572987268170255e+04
5.252175812521979879e+02,1.825703736890240179e+04
5.259947315306465043e+02,1.845636927339501926e+04
5.267718086879979182e+02,1.873740374337240428e+04
5.275488127197393169e+02,1.900645454627075378e+04
5.283257436213573328e+02,1.956640584278579990e+04
5.291026013883391670e+02,2.024081812030746005e+04
5.298793860161715656e+02,2.128160156568479215e+04
5.306560975003416161e+02,2.257705016973284364e+04
5.314327358363360645e+02,2.390212544843073920e+04
5.322093010196419982e+02,2.534452019261525493e+04
5.329857930457461634e+02,2.669033259847274894e+04
5.337622119101358749e+02,2.780129334347522672e+04
5.345385576082976513e+02,2.908763389713188735e+04
5.353148301357188075e+02,3.064917371685551916e+04
5.360910294878859759e+02,3.261001355703185254e+04
5.368671556602861301e+02,3.479281216868478077e+04
5.376432086484061301e+02,3.719691479657552554e+04
5.384191884477331769e+02,3.942783473214253900e+04
5.391950950537540166e+02,4.135309493075822684e+04
5.399709284619556229e+02,4.306499487829694408e+04
5.407466886678249693e+02,4.488978901624163700e+04
5.415223756668488022e+02,4.721112180927360896e+04
5.422979894545143225e+02,5.185531233758958842e+04
5.430735300263082763e+02,6.303155480801888916e+04
5.438489973777177511e+02,6.363918618228493870e+04
5.446243915042294930e+02,6.363918618228493870e+04
5.453997124013304756e+02,6.363918618228493870e+04
5.461749600645076725e+02,6.363918618228493870e+04
5.469501344892480574e+02,6.363918618228493870e+04
5.477252356710384902e+02,6.363918618228493870e+04
5.485002636053659444e+02,6.363918618228493870e+04
5.492752182877172800e+02,6.363918618228493870e+04
5.500500997135795842e+02,6.363918618228493870e+04
5.508249078784397170e+02,6.363918618228493870e+04
5.515996427777846520e+02,6.363918618228493870e+04
5.523743044071012491e+02,6.363918618228493870e+04
5.531488927618762546e+02,6.363918618228493870e+04
5.539234078375968693e+02,6.363918618228493870e+04
5.546978496297499532e+02,6.363918618228493870e+04
5.554722181338225937e+02,6.363918618228493870e+04
5.562465133453014232e+02,6.363918618228493870e+04
5.570207352596735291e+02,6.363918618228493870e+04
5.577948838724257712e+02,6.363918618228493870e+04
5.585689591790452369e+02,6.363918618228493870e+04
5.593429611750186723e+02,6.363918618228493870e+04
5.601168898558332785e+02,6.363918618228493870e+04
5.608907452169756880e+02,6.341898521672729112e+04
5.616645272539329881e+02,5.280622259416523593e+04
5.624382359621920386e+02,5.111228604378386080e+04
5.632118713372398133e+02,4.916933817183187784e+04
5.639854333745632857e+02,4.732520664443692658e+04
5.647589220696492021e+02,4.568327824731142755e+04
5.655323374179848770e+02,4.456174387883503368e+04
5.663056794150567157e+02,4.410510888667011022e+04
5.670789480563521465e+02,4.456778035272036504e+04
5.678521433373578020e+02,4.622447661696637806e+04
5.686252652535607695e+02,4.916427595076526632e+04
5.693983138004477951e+02,5.378453546513924084e+04
5.701712889735059662e+02,6.012013621746769059e+04
5.709441907682222563e+02,6.363918618228493870e+04
5.717170191800835255e+02,6.363918618228493870e+04
5.724897742045766336e+02,6.363918618228493870e+04
5.732624558371885541e+02,6.363918618228493870e+04
5.740350640734062608e+02,6.363918618228493870e+04
5.748075989087167272e+02,6.363918618228493870e+04
5.755800603386066996e+02,6.363918618228493870e+04
5.763524483585633789e+02,6.363918618228493870e+04
5.771247629640736250e+02,6.363918618228493870e+04
5.778970041506239568e+02,6.363918618228493870e+04
5.786691719137020300e+02,6.363918618228493870e+04
5.794412662487941361e+02,6.363918618228493870e+04
5.802132871513875898e+02,6.363918618228493870e+04
5.809852346169691373e+02,6.363918618228493870e+04
5.817571086410257521e+02,6.363918618228493870e+04
5.825289092190444080e+02,6.363918618228493870e+04
5.833006363465120785e+02,6.363918618228493870e+04
5.840722900189155098e+02,6.363918618228493870e+04
5.848438702317419029e+02,6.363918618228493870e+04
5.856153769804780040e+02,6.363918618228493870e+04
5.863868102606107868e+02,6.363918618228493870e+04
5.871581700676272249e+02,6.119575209217476367e+04
5.879294563970141780e+02,5.771063494773545244e+04
5.887006692442585063e+02,5.496261946701994020e+04
5.894718086048472969e+02,5.270024997114925645e+04
5.902428744742674098e+02,5.065030545750191231e+04
5.910138668480057049e+02,4.878269947971059446e+04
5.917847857215493832e+02,4.737266322697573196e+04
5.925556310903851909e+02,4.641807055764447432e+04
5.933264029500001016e+02,4.537001805330725620e+04
5.940971012958808615e+02,4.444907099105168891e+04
5.948677261235146716e+02,4.318351702678300353e+04
5.956382774283881645e+02,4.184548627527193457e+04
5.964087552059886548e+02,4.029388760776055278e+04
5.971791594518027750e+02,3.895852992788046686e+04
5.979494901613174989e+02,3.771856168321274890e+04
5.987197473300199135e+02,3.658956107920267823e+04
5.994899309533967653e+02,3.557017434577275708e+04
6.002600410269352551e+02,3.484968118737483746e+04
6.010300775461221292e+02,3.403770804957545624e+04
6.018000405064442475e+02,3.344538701687870343e+04
6.025699299033884699e+02,3.280637061115651159e+04
6.033397457324419975e+02,3.222232623026648434e+04
6.041094879890916900e+02,3.172110341284872266e+04
6.048791566688242938e+02,3.136840429563305224e+04
6.056487517671270098e+02,3.092110918352939552e+04
6.064182732794864705e+02,3.055355279708254602e+04
6.071877212013899907e+02,3.018702757496459162e+04
6.079570955283240892e+02,2.983049318905179825e+04
6.087263962557760806e+02,2.956659617498774242e+04
6.094956233792325975e+02,2.929773462101121913e+04
6.102647768941807271e+02,2.907369384863946470e+04
6.110338567961073295e+02,2.874710798040948066e+04
6.118028630804993782e+02,2.852109675510700254e+04
6.125717957428437330e+02,2.819254747193475851e+04
6.133406547786274814e+02,2.792474051888114263e+04
6.141094401833374832e+02,2.766789263106693397e+04
6.148781519524605983e+02,2.743992096488756579e+04
6.156467900814836867e+02,2.725575521114945514e+04
6.164153545658939493e+02,2.701385518165328540e+04
6.171838454011782460e+02,2.690037266867102153e+04
6.179522625828233231e+02,2.679385913307289229e+04
6.187206061063162679e+02,2.674607758055538579e+04
6.194888759671439402e+02,2.660771087579487357e+04
6.202570721607933137e+02,2.648726293923095727e+04
6.210251946827512484e+02,2.646635881879714725e+04
6.217932435285047177e+02,2.631604875963801896e+04
6.225612186935408090e+02,2.637179278578331287e+04
6.233291201733461548e+02,2.631107161989629822e+04
6.240969479634079562e+02,2.625532771260810478e+04
6.248647020592130730e+02,2.618564796849270351e+04
6.256323824562483651e+02,2.622247867187533120e+04
6.263999891500008061e+02,2.621252442371864527e+04
6.271675221359573698e+02,2.618664339238273169e+04
6.279349814096048021e+02,2.616374865006177060e+04
6.287023669664301906e+02,2.605126598614062823e+04
6.294696788019205087e+02,2.613289054204956483e+04
6.302369169115626164e+02,2.603334842151920020e+04
6.310040812908434873e+02,2.599651789333251145e+04
6.317711719352499813e+02,2.589996230467443092e+04
6.325381888402690720e+02,2.580440227211076126e+04
6.333051320013878467e+02,2.581634727014264718e+04
6.340720014140929379e+02,2.588702187652563953e+04
6.348387970738714330e+02,2.574169105478729762e+04
6.356055189762103055e+02,2.575264063000050373e+04
6.363721671165964153e+02,2.567002112677555851e+04
6.371387414905167361e+02,2.566006697208878177e+04
6.379052420934581278e+02,2.554161254403162820e+04
6.386716689209075639e+02,2.545102972877723369e+04
6.394380219683520181e+02,2.547392429020088093e+04
6.402043012312783503e+02,2.546795179621857460e+04
6.409705067051735341e+02,2.532958893994073151e+04
6.417366383855247705e+02,2.534850185954800327e+04
6.425026962678184645e+02,2.535447435960589064e+04
6.432686803475418174e+02,2.531465768449879033e+04
6.440345906201816888e+02,2.526090513954088965e+04
6.448004270812251661e+02,2.522606550332391635e+04
6.455661897261591093e+02,2.518127165411462556e+04
6.463318785504703783e+02,2.517928081549663329e+04
6.470974935496459466e+02,2.512353730133235513e+04
6.478630347191727878e+02,2.513249608483590055e+04
6.486285020545377620e+02,2.504390358787356308e+04
6.493938955512280700e+02,2.506281660885234305e+04
6.501592152047302307e+02,2.505485323271090238e+04
6.509244610105313313e+02,2.504191274302465172e+04
6.516896329641182319e+02,2.501005921112444412e+04
6.524547310609781334e+02,2.502001344277949829e+04
6.532197552965977820e+02,2.499313701100960679e+04
6.539847056664641514e+02,2.498417819590611543e+04
6.547495821660639876e+02,2.494336578620361252e+04
6.555143847908844918e+02,2.497920107540668323e+04
6.562791135364124102e+02,2.502299971174972598e+04
6.570437683981349437e+02,2.491947557159318967e+04
6.578083493715388386e+02,2.503793105301623291e+04
6.585728564521108410e+02,2.506281660885234305e+04
6.593372896353380384e+02,2.503096309449721230e+04
6.601016489167075179e+02,2.505286238842404055e+04
6.608659342917060258e+02,2.502299971174972598e+04
6.616301457558205357e+02,2.511258767462519972e+04
6.623942833045380212e+02,2.502200428878645471e+04
6.631583469333453422e+02,2.507675251328435479e+04
6.639223366377294724e+02,2.521113422433212691e+04
6.646862524131774990e+02,2.518127165411462556e+04
6.654500942551760545e+02,2.512254188083362169e+04
6.662138621592123400e+02,2.512353730133235513e+04
6.669775561207731016e+02,2.510960141232547176e+04
6.677411761353453130e+02,2.519719836031133673e+04
6.685047221984159478e+02,2.517828539615857881e+04
6.692681943054717522e+02,2.526389139315928696e+04
6.700315924520000408e+02,2.526687764663906637e+04
6.707949166334874462e+02,2.520317087390071538e+04
6.715581668454210558e+02,2.518525333111942746e+04
6.723213430832875019e+02,2.521511589911697592e+04
6.730844453425742131e+02,2.527085931773200718e+04
6.738474736187678218e+02,2.513647776582958249e+04
6.746104279073551879e+02,2.513846860619779909e+04
6.753733082038233988e+02,2.512751898310760225e+04
6.761361145036593143e+02,2.514742738680524781e+04
6.768988468023497944e+02,2.515638616572057435e+04
6.776615050953820401e+02,2.520416629276807726e+04
6.784240893782426838e+02,2.520118003611114909e+04
6.791865996464188129e+02,2.524696928745162586e+04
6.799490358953974010e+02,2.530271267804603849e+04
6.807113981206650806e+02,2.526190055742916957e+04
6.814736863177092800e+02,2.519321668421478171e+04
6.822359004820166319e+02,2.533257519069195041e+04
6.829980406090738825e+02,2.529176308708314900e+04
6.837601066943683463e+02,2.533157977378709620e+04
6.845220987333867697e+02,2.539528643314660076e+04
6.852840167216160125e+02,2.535945144268114382e+04
6.860458606545431621e+02,2.540324976266584417e+04
6.868076305276550784e+02,2.545600680762266711e+04
6.875693263364387349e+02,2.547691053711757922e+04
6.883309480763808779e+02,2.545501139186640285e+04
6.890924957429688220e+02,2.561427786414797083e+04
6.898539693316891999e+02,2.571979190693681085e+04
6.906153688380289850e+02,2.572775523305268143e+04
6.913766942574749237e+02,2.594774236961431598e+04
6.921379455855144442e+02,2.618365712079838340e+04
6.928991228176340655e+02,2.640165570492587358e+04
6.936602259493208749e+02,2.645341818217574473e+04
6.944212549760617321e+02,2.653603929519538724e+04
6.951822098933436109e+02,2.660970175658608059e+04
6.959430906966534849e+02,2.647531772524784901e+04
6.967038973814782139e+02,2.637975622752315394e+04
6.974646299433048853e+02,2.629116306953727690e+04
6.982252883776201315e+02,2.612890885254677778e+04
6.989858726799111537e+02,2.602040796247940671e+04
6.997463828456649253e+02,2.587009978178757592e+04
7.005068188703680789e+02,2.579245727555726262e+04
7.012671807495077019e+02,2.578449394530231075e+04
7.020274684785707677e+02,2.563319075598766358e+04
7.027876820530441364e+02,2.565708072575078040e+04
7.035478214684148952e+02,2.554559420555165707e+04
7.043078867201696767e+02,2.543510307534188541e+04
7.050678778037956818e+02,2.538931393562239100e+04
7.058277947147798841e+02,2.531565310161753587e+04
7.065876374486090299e+02,2.530768976430081966e+04
7.073474060007699791e+02,2.519719836031133673e+04
7.081071003667500463e+02,2.518724416950698287e+04
7.088667205420357504e+02,2.514245028667886800e+04
7.096262665221142925e+02,2.519222126514392585e+04
7.103857383024723049e+02,2.520814796805581136e+04
7.111451358785971024e+02,2.515738158549708533e+04
7.119044592459753176e+02,2.502200428878645471e+04
7.126637084000939240e+02,2.498815989179126336e+04
7.134228833364400089e+02,2.479106534015380385e+04
7.141819840505004322e+02,2.457903772689696416e+04
7.149410105377621676e+02,2.444067115500458385e+04
7.156999627937120749e+02,2.431325353673240534e+04
7.164588408138370141e+02,2.415398012303843643e+04
7.172176445936240725e+02,2.393995372748589944e+04
7.179763741285599963e+02,2.371497328911382283e+04
7.187350294141319864e+02,2.357361164321203978e+04
7.194936104458267891e+02,2.346410484465845730e+04
7.202521172191312644e+02,2.328690036409680033e+04
7.210105497295326131e+02,2.327296279203833910e+04
7.217689079725175816e+02,2.315648367085976861e+04
7.225271919435730297e+02,2.307683893759925559e+04
7.232854016381859310e+02,2.298325541603030797e+04
7.240435370518434866e+02,2.284686047793031321e+04
7.248015981800323289e+02,2.275626106140392585e+04
7.255595850182393178e+02,2.270150264429042363e+04
7.263174975619517681e+02,2.247051711214513853e+04
7.270753358066563123e+02,2.228034645143456146e+04
7.278330997478398103e+02,2.203640197781571260e+04
7.285907893809895768e+02,2.168689666806651076e+04
7.293484047015921306e+02,2.138815645548985776e+04
7.301059457051346726e+02,2.104657505565738393e+04
7.308634123871039492e+02,2.058744183644725126e+04
7.316208047429871613e+02,2.025077898934711993e+04
7.323781227682709414e+02,1.985033161657503661e+04
7.331353664584423768e+02,1.948371434950409093e+04
7.338925358089883275e+02,1.918082690501615070e+04
7.346496308153957671e+02,1.887890748461367548e+04
7.354066514731516691e+02,1.858991384509862473e+04
7.361635977777428934e+02,1.832481180388346183e+04
7.369204697246563001e+02,1.807363935335840142e+04
7.376772673093790900e+02,1.770481165800621966e+04
7.384339905273980094e+02,1.747950159116444047e+04
7.391906393741999182e+02,1.726414171703642933e+04
7.399472138452720174e+02,1.707468872465999812e+04
7.407037139361009395e+02,1.680843116456232383e+04
7.414601396421737718e+02,1.660896657105422855e+04
7.422164909589772606e+02,1.644738684779164032e+04
7.429727678819986068e+02,1.619701364741153702e+04
7.437289704067245566e+02,1.609625730998985637e+04
7.444850985286421974e+02,1.595858212096696116e+04
7.452411522432383890e+02,1.572710661318821076e+04
7.459971315459998777e+02,1.555946912831474947e+04
7.467530364324139782e+02,1.539580865419192560e+04
7.475088668979673230e+02,1.519121264549818079e+04
7.482646229381469993e+02,1.502552277352189958e+04
7.490203045484398672e+02,1.481389615895312454e+04
7.497759117243327864e+02,1.470807311554850094e+04
7.505314444613127307e+02,1.452236760527927618e+04
7.512869027548667873e+02,1.434962284027614987e+04
7.520422866004815887e+02,1.419683325648069513e+04
7.527975959936443360e+02,1.404203148011723897e+04
7.535528309298420027e+02,1.385924576647677713e+04
7.543079914045612213e+02,1.366345105424913891e+04
7.550630774132890792e+02,1.354756051865881818e+04
7.558180889515127774e+02,1.338669734545453321e+04
7.565730260147188346e+02,1.327278345122330029e+04
7.573278885983942246e+02,1.309489971550648806e+04
7.580826766980261482e+02,1.292299062804833011e+04
7.588373903091013517e+02,1.282303363497819009e+04
7.595920294271066950e+02,1.261509947265841038e+04
7.603465940475293792e+02,1.244512917130140886e+04
7.611010841658560366e+02,1.226413646224348668e+04
7.618554997775737547e+02,1.207111604552887002e+04
7.626098408781695071e+02,1.186806252142733319e+04
7.633641074631300398e+02,1.167598102788854158e+04
7.641182995279425541e+02,1.154290665592710684e+04
7.648724170680937959e+02,1.128972388007950030e+04
7.656264600790706254e+02,1.114459427637533736e+04
7.663804285563602434e+02,1.092135887413478667e+04
7.671343224954492825e+02,1.072511518773620446e+04
7.678881418918249437e+02,1.057991235136847899e+04
7.686418867409739732e+02,1.035856562707174271e+04
7.693955570383833447e+02,1.019928763746320328e+04
7.701491527795400316e+02,1.004399326816944449e+04
7.709026739599310076e+02,9.875647761754524254e+03
7.716561205750431327e+02,9.714290453546791468e+03
7.724094926203632667e+02,9.569948842505673383e+03
7.731627900913784970e+02,9.370442005446780968e+03
7.739160129835755697e+02,9.203987913378907251e+03
7.746691612924415722e+02,9.068597327486371796e+03
7.754222350134633643e+02,8.961274026911585679e+03
7.761752341421280335e+02,8.792741648286761119e+03
7.769281586739222121e+02,8.614144156839722200e+03
7.776810086043331012e+02,8.485692973548291775e+03
7.784337839288474470e+02,8.335141050052783612e+03
7.791864846429524505e+02,8.205646167643744775e+03
7.799391107421348579e+02,8.080148602834772646e+03
7.806916622218815291e+02,7.925510958919870973e+03
7.814441390776793241e+02,7.762810511852957461e+03
7.821965413050154439e+02,7.648299175437205122e+03
7.829488688993767482e+02,7.510664338386920463e+03
7.837011218562499835e+02,7.428273661434677706e+03
7.844533001711223505e+02,7.250402808584211016e+03
7.852054038394805957e+02,7.163965980148203016e+03
7.859574328568116925e+02,6.990059843923785593e+03
7.867093872186025010e+02,6.904601124907760095e+03
7.874612669203403357e+02,6.804049976474680079e+03
7.882130719575116018e+02,6.718571690038276756e+03
7.889648023256033866e+02,6.632078552925817348e+03
7.897164580201028912e+02,6.502321350310495291e+03
7.904680390364967479e+02,6.366506295943279838e+03
7.912195453702719306e+02,6.266893779335674481e+03
7.919709770169156400e+02,6.186389609948982070e+03
7.927223339719143951e+02,6.109902992605410873e+03
7.934736162307553968e+02,5.986099558470833472e+03
7.942248237889255051e+02,5.856235723696402601e+03
7.949759566419116936e+02,5.779716579181158522e+03
7.957270147852009359e+02,5.705203784200979499e+03
7.964779982142800918e+02,5.605506422352095797e+03
7.972289069246359077e+02,5.525940608306971626e+03
7.979797409117555844e+02,5.423197760329770063e+03
7.987305001711259820e+02,5.304321015170186001e+03
7.994811846982340739e+02,5.192479194911317791e+03
8.002317944885667202e+02,5.091706556024604652e+03
8.009823295376107808e+02,5.006039160204290965e+03
8.017327898408532292e+02,4.945562146506436875e+03
8.024831753937811527e+02,4.853829315159139696e+03
8.032334861918815250e+02,4.737887025102370899e+03
8.039837222306409785e+02,4.638061316891285969e+03
8.047338835055466006e+02,4.536205041641895150e+03
8.054839700120852513e+02,4.435343389278767063e+03
8.062339817457440176e+02,4.390959885596842469e+03
8.069839187020097597e+02,4.279989401054519476e+03
8.077337808763693374e+02,4.204318086661427515e+03
8.084835682643097243e+02,4.099374263675831571e+03
8.092332808613178941e+02,3.979275840710709872e+03
8.099829186628807065e+02,3.904582829627482624e+03
8.107324816644852490e+02,3.787481096752808753e+03
8.114819698616182677e+02,3.721855521477999446e+03
8.122313832497668500e+02,3.602704748661886242e+03
8.129807218244177420e+02,3.502724221819766626e+03
8.137299855810580311e+02,3.411820910686635216e+03
8.144791745151745772e+02,3.320906239441320395e+03
8.152282886222543539e+02,3.248166321463910208e+03
8.159773278977842210e+02,3.180471254376606794e+03
8.167262923372512660e+02,3.111759374691768699e+03
8.174751819361421212e+02,3.041019783628048572e+03
8.182239966899441015e+02,2.978358980290448926e+03
8.189727365941439530e+02,2.901541614507990289e+03
8.197214016442286493e+02,2.848977702877049978e+03
8.204699918356850503e+02,2.797420959035347551e+03
8.212185071640000160e+02,2.724628773400541377e+03
8.219669476246606337e+02,2.676096623793634990e+03
8.227153132131538769e+02,2.638684228657107269e+03
8.234636039249663781e+02,2.600258698545510015e+03
8.242118197555853385e+02,2.540594015739346105e+03
8.249599607004977315e+02,2.520367598399731378e+03
8.257080267551903034e+02,2.527446907859320618e+03
8.264560179151501416e+02,2.491038303622772219e+03
8.272039341758642195e+02,2.456650742961505330e+03
8.279517755328191697e+02,2.453616469207628143e+03
8.286995419815020796e+02,2.411135322498905225e+03
8.294472335173999227e+02,2.425295977237552052e+03
8.301948501359996726e+02,2.415181251651188632e+03
8.309423918327881893e+02,2.407089371110986121e+03
8.316898586032523326e+02,2.388882314754916479e+03
8.324372504428791899e+02,2.384836241108159811e+03
8.331845673471557348e+02,2.342351126573970305e+03
8.339318093115685997e+02,2.342351126573970305e+03
8.346789763316050994e+02,2.353478417043789250e+03
8.354260684027519801e+02,2.340327964814054667e+03
8.361730855204961017e+02,2.339316381853018811e+03
8.369200276803243241e+02,2.291770418383223841e+03
8.376668948777238484e+02,2.295817002577924541e+03
8.384136871081815343e+02,2.236127638548841333e+03
8.391604043671841282e+02,2.241186246117729297e+03
8.399070466502187173e+02,2.209822321741014548e+03
8.406536139527722753e+02,2.183516070374905667e+03
8.414001062703315483e+02,2.197681091041746186e+03
8.421465235983837374e+02,2.153161543077425904e+03
8.428928659324155888e+02,2.105603620075998606e+03
8.436391332679140760e+02,2.052982796663975478e+03
8.443853256003660590e+02,2.032743027607432168e+03
8.451314429252585114e+02,1.991249782438347665e+03
8.458774852380784068e+02,1.962911605895190405e+03
8.466234525343127189e+02,1.938620884606385061e+03
8.473693448094483074e+02,1.905219854538783693e+03
8.481151620589720324e+02,1.846511404384498519e+03
8.488609042783709810e+02,1.806020142111708992e+03
8.496065714631318997e+02,1.770588499053519172e+03
8.503521636087419893e+02,1.748316327345743048e+03
8.510976807106879960e+02,1.729080740538217242e+03
8.518431227644570072e+02,1.689595632204974663e+03
8.525884897655355417e+02,1.642008275354803573e+03
8.533337817094109141e+02,1.614669506092621759e+03
8.540789985915700981e+02,1.572140575197436419e+03
8.548241404074997263e+02,1.550875217948292629e+03
8.555692071526869995e+02,1.526571225629027595e+03
8.563141988226186641e+02,1.501253743512565507e+03
8.570591154127818072e+02,1.487075586924242089e+03
8.578039569186632889e+02,1.460744027236599095e+03
8.585487233357500827e+02,1.442513955356368797e+03
8.592934146595289349e+02,1.411116704335841632e+03
8.600380308854870464e+02,1.375666652402316686e+03
8.607825720091111634e+02,1.368576445953755410e+03
8.615270380258882597e+02,1.361486174215612664e+03
8.622714289313053087e+02,1.334137372146325561e+03
8.630157447208490566e+02,1.313878375215072310e+03
8.637599853900069320e+02,1.306787600759887027e+03
8.645041509342652262e+02,1.284501886308891244e+03
8.652482413491113675e+02,1.276397831033055581e+03
8.659922566300319886e+02,1.259176432096264762e+03
8.667361967725141767e+02,1.271332753425255760e+03
8.674800617720449054e+02,1.271332753425255760e+03
8.682238516241109210e+02,1.265254616590994146e+03
8.689675663241991970e+02,1.240941592836722293e+03
8.697112058677968207e+02,1.240941592836722293e+03
8.704547702503904247e+02,1.225745566284040024e+03
8.711982594674674374e+02,1.221693242345772205e+03
8.719416735145142638e+02,1.227771720330595826e+03
8.726850123870182188e+02,1.216627807720589544e+03
8.734282760804659347e+02,1.224732487279984525e+03
8.741714645903447263e+02,1.201431305936296440e+03
8.749145779121411124e+02,1.191300139934758135e+03
8.756576160413422940e+02,1.189273890922217106e+03
8.764005789734350174e+02,1.156853190624835861e+03
8.771434667039063697e+02,1.174076855427111241e+03
8.778862792282430974e+02,1.151787334550610240e+03
8.786290165419322875e+02,1.148747805138825925e+03
8.793716786404609138e+02,1.149760982923141910e+03
8.801142655193158362e+02,1.121391508727518385e+03
8.808567771739840282e+02,1.109232847866262091e+03
8.815992135999522361e+02,1.102140208575886618e+03
8.823415747927077746e+02,1.102140208575886618e+03
8.830838607477371625e+02,1.115312201885992181e+03
8.838260714605276007e+02,1.111259304446932447e+03
8.845682069265657219e+02,1.107206386045843146e+03
8.853102671413388407e+02,1.094034256546828829e+03
8.860522521003337033e+02,1.119365078356959657e+03
8.867941617990372833e+02,1.101126969153700884e+03
8.875359962329363270e+02,1.102140208575886618e+03
8.882777553975179217e+02,1.115312201885992181e+03
8.890194392882691545e+02,1.122404721946236350e+03
8.897610479006766582e+02,1.138615955063121874e+03
8.905025812302277473e+02,1.138615955063121874e+03
8.912440392724088269e+02,1.138615955063121874e+03
8.919854220227073256e+02,1.134563178272942423e+03
8.927267294766098757e+02,1.122404721946236350e+03
8.934679616296034510e+02,1.142668710850627576e+03
8.942091184771750250e+02,1.140642335582582064e+03
8.949502000148115712e+02,1.154826852137513015e+03
8.956912062380000634e+02,1.163945333923973294e+03
8.964321371422272478e+02,1.153813680922575486e+03
8.971729927229800978e+02,1.153813680922575486e+03
8.979137729757458146e+02,1.161919013840611342e+03
8.986544778960111444e+02,1.148747805138825925e+03
8.993951074792628333e+02,1.140642335582582064e+03
9.001356617209879687e+02,1.145708263904662545e+03
9.008761406166736379e+02,1.157866357897036096e+03
9.016165441618064733e+02,1.150774159393767604e+03
9.023568723518736761e+02,1.150774159393767604e+03
9.030971251823619923e+02,1.141655523873078209e+03
9.038373026487583957e+02,1.132536782003718372e+03
9.045774047465499734e+02,1.122404721946236350e+03
9.053174314712234718e+02,1.103153446688801296e+03
9.060573828182660918e+02,1.113285755787095013e+03
9.067972587831642386e+02,1.114298979491749378e+03
9.075370593614053405e+02,1.099100486381897781e+03
9.082767845484761438e+02,1.104166683492349421e+03
9.090164343398635083e+02,1.098087243032471406e+03
9.097560087310545214e+02,1.079848639015579010e+03
9.104955077175360429e+02,1.059583026745595362e+03
9.112349312947949329e+02,1.045396787468801904e+03
9.119742794583182786e+02,1.037290250269417129e+03
9.127135522035928261e+02,1.024116949476194122e+03
9.134527495261058903e+02,1.019050236733713405e+03
9.141918714213437624e+02,9.886492775550823353e+02
9.149309178847939847e+02,9.775019662924671593e+02
9.156698889119430760e+02,9.541934448229185364e+02
9.164087844982781235e+02,9.400053137264292218e+02
9.171476046392862145e+02,9.268303935871546173e+02
9.178863493304540953e+02,9.217630584612279563e+02
9.186250185672686257e+02,9.035203847831376152e+02
9.193636123452168931e+02,8.842637759912205411e+02
9.201021306597857574e+02,8.599389743369381449e+02
9.208405735064621922e+02,8.568983220627609398e+02
9.215789408807333984e+02,8.305455184039694814e+02
9.223172327780856676e+02,8.031782283716272559e+02
9.230554491940064281e+02,7.778373138388661800e+02
9.237935901239824261e+02,7.585776854064869212e+02
9.245316555635006353e+02,7.535092856839235083e+02
9.252696455080480291e+02,7.220844975913405506e+02
9.260075599531114676e+02,7.089059973823534619e+02
9.267453988941779244e+02,6.825483543819615306e+02
9.274831623267343730e+02,6.703829998703234878e+02
9.282208502462676734e+02,6.318581780112530168e+02
9.289584626482647991e+02,6.095535025490285079e+02
9.296959995282127238e+02,5.913037703802149281e+02
9.304334608815981937e+02,5.639284106551048126e+02
9.311708467039082961e+02,5.477055449563458751e+02
9.319081569906300047e+02,5.324963181035560638e+02
9.326453917372499518e+02,5.071469836659530301e+02
9.333825509392555659e+02,4.777407824129033997e+02
9.341196345921333659e+02,4.534038274522889083e+02
9.348566426913704390e+02,4.219675403503240432e+02
9.355935752324537589e+02,3.956007090252878129e+02
9.363304322108701854e+02,3.692330472405887463e+02
9.370672136221068058e+02,3.479354850448361276e+02
9.378039194616502527e+02,3.215663282331723849e+02
9.385405497249877271e+02,2.982390798552001456e+02
9.392771044076059752e+02,2.901251035837462950e+02
9.400135835049920843e+02,2.647684273619526039e+02
9.407499870126328005e+02,2.495540584178476990e+02
9.414863149260152113e+02,2.424539265293659014e+02
9.422225672406261765e+02,2.241961730787961073e+02
9.429587439519527834e+02,2.140528080559293187e+02
9.436948450554816645e+02,2.150671499734581005e+02
9.444308705467001346e+02,2.008662537239809467e+02
9.451668204210948261e+02,2.059380294259907771e+02
9.459026946741527127e+02,1.907226122716749330e+02
9.466384933013608816e+02,1.826076127465616707e+02
9.473742162982060790e+02,1.815932324125195692e+02
9.481098636601752787e+02,1.805788508804476464e+02
9.488454353827554542e+02,1.653629842389393332e+02
9.495809314614335790e+02,1.613053743472508472e+02
9.503163518916965131e+02,1.552189236631382698e+02
9.510516966690312302e+02,1.460891670475960211e+02
9.517869657889247037e+02,1.420314664241231810e+02
9.525221592468637937e+02,1.349304444441684439e+02
9.532572770383353600e+02,1.268149192963171430e+02
9.539923191588264899e+02,1.197137723271334551e+02
9.547272856038240434e+02,1.126125671132628412e+02
9.554621763688148803e+02,1.186993180041942679e+02
9.561969914492860880e+02,1.065257734695754124e+02
9.569317308407244127e+02,1.044968327602310865e+02
9.576663945386170553e+02,1.004389371068809140e+02
9.584009825384507621e+02,9.638102248234258695e+01
9.591354948357123931e+02,9.029411499654203510e+01
9.598699314258890354e+02,9.638102248234258695e+01
9.606042923044675490e+02,8.725064526579845392e+01
9.613385774669350212e+02,8.826513635991091178e+01
9.620727869087780846e+02,8.623615298803164819e+01
9.628069206254838264e+02,8.522165952676832035e+01
9.635409786125391065e+02,8.522165952676832035e+01
9.642749608654311260e+02,8.217817204357803007e+01
9.650088673796464036e+02,8.014917447353104762e+01
9.657426981506722541e+02,7.812017217329074015e+01
9.664764531739954236e+02,8.217817204357803007e+01
9.672101324451027722e+02,8.116367384990780920e+01
9.679437359594815007e+02,8.319266905438354343e+01
9.686772637126182417e+02,8.116367384990780920e+01
9.694107157000000825e+02,7.507665985658843510e+01
9.701440919171138830e+02,7.710566924974379788e+01
9.708773923594465032e+02,7.812017217329074015e+01
9.716106170224851439e+02,7.913467391460592637e+01
9.723437659017165515e+02,7.609116514412353638e+01
9.730768389926276996e+02,7.812017217329074015e+01
9.738098362907055616e+02,7.609116514412353638e+01
9.745427577914369976e+02,7.913467391460592637e+01
9.752756034903088675e+02,7.406215338729701614e+01
9.760083733828082586e+02,7.609116514412353638e+01
9.767410674644220308e+02,8.014917447353104762e+01
9.774736857306371576e+02,7.609116514412353638e+01
9.782062281769404990e+02,7.710566924974379788e+01
9.789386947988189149e+02,7.710566924974379788e+01
9.796710855917596064e+02,7.913467391460592637e+01
9.804034005512492058e+02,8.217817204357803007e+01
9.811356396727749143e+02,7.710566924974379788e+01
9.818678029518234780e+02,8.014917447353104762e+01
9.825998903838818705e+02,8.522165952676832035e+01
9.833319019644371792e+02,8.319266905438354343e+01
9.840638376889760366e+02,7.609116514412353638e+01
9.847956975529855299e+02,8.319266905438354343e+01
9.855274815519526328e+02,7.710566924974379788e+01
9.862591896813644325e+02,8.014917447353104762e+01
9.869908219367073343e+02,7.913467391460592637e+01
9.877223783134688802e+02,8.420716488216631035e+01
9.884538588071354752e+02,8.217817204357803007e+01
9.891852634131944342e+02,8.319266905438354343e+01
9.899165921271326170e+02,7.812017217329074015e+01
9.906478449444368835e+02,8.116367384990780920e+01
9.913790218605942073e+02,-1.014593474418503893e+00
9.921101228710913347e+02,1.014592304587144334e+00
9.928411479714154666e+02,0.000000000000000000e+00
9.935720971570532356e+02,1.014592304587144334e+00
