# {"Measurement": "NPS absorption in PEGDA", "Measurement Date": "2024-09-02", "Measurement Spectrometer": "Ocean Optics OE65PRO", "Absorber": "NPS", "Concentration w/w percent": 0.396, "Film thickness microns": 88.0, "Molar mass g/mole": 231.27, "Solvent": "PEGDA", "Solvent density g/L": 1110, "Solvent absorption measurement file": "peg_s3_8ms.txt", "Solvent + absorber absorption measurement file": "0.396nps_s3_8ms.txt", "Dark measurement file": "dark_s3_8ms.txt"}
2.999689999999999941e+02,2.496260836395376159e-01
3.007669999999999959e+02,2.470369280269999746e-01
3.015649999999999977e+02,2.420490998395540549e-01
3.023629999999999995e+02,2.375647864813794641e-01
3.031600000000000250e+02,2.359025693848205985e-01
3.039580000000000268e+02,2.309147008657387312e-01
3.047559999999999718e+02,2.276511828970608775e-01
3.055529999999999973e+02,2.255543145052254506e-01
3.063500000000000227e+02,2.233036357692034790e-01
3.071480000000000246e+02,2.204325228766178812e-01
3.079449999999999932e+02,2.163864629773838699e-01
3.087420000000000186e+02,2.142343286703545513e-01
3.095389999999999873e+02,2.115917994842523298e-01
3.103360000000000127e+02,2.114264639977661286e-01
3.111329999999999814e+02,2.112455498096935391e-01
3.119300000000000068e+02,2.121012535523939535e-01
3.127269999999999754e+02,2.131347295940657360e-01
3.135240000000000009e+02,2.126822242230708704e-01
3.143199999999999932e+02,2.153860631371721512e-01
3.151170000000000186e+02,2.191792263431340537e-01
3.159130000000000109e+02,2.232129456121952626e-01
3.167099999999999795e+02,2.275388087334934695e-01
3.175059999999999718e+02,2.320711795404717392e-01
3.183020000000000209e+02,2.375879753674001449e-01
3.190989999999999895e+02,2.441251429836565345e-01
3.198949999999999818e+02,2.507747264342538029e-01
3.206909999999999741e+02,2.585492670692869921e-01
3.214870000000000232e+02,2.652882574554925599e-01
3.222830000000000155e+02,2.732573457710712472e-01
3.230790000000000077e+02,2.828172527877795828e-01
3.238740000000000236e+02,2.906958502825239821e-01
3.246700000000000159e+02,2.992207196253817703e-01
3.254660000000000082e+02,3.078829856832612233e-01
3.262610000000000241e+02,3.151268742886709773e-01
3.270570000000000164e+02,3.239441365342289880e-01
3.278519999999999754e+02,3.322738365848498243e-01
3.286480000000000246e+02,3.413151784382559284e-01
3.294429999999999836e+02,3.481804220588530785e-01
3.302379999999999995e+02,3.557886340595865504e-01
3.310330000000000155e+02,3.634591005326400226e-01
3.318279999999999745e+02,3.724376022244247353e-01
3.326229999999999905e+02,3.810329942870706588e-01
3.334180000000000064e+02,3.890917703239883396e-01
3.342130000000000223e+02,3.966641588460165790e-01
3.350079999999999814e+02,4.046488342984752573e-01
3.358029999999999973e+02,4.124731727687948601e-01
3.365969999999999800e+02,4.192782893112694809e-01
3.373919999999999959e+02,4.254202438757352933e-01
3.381859999999999786e+02,4.324628425164630530e-01
3.389809999999999945e+02,4.403021940874596307e-01
3.397749999999999773e+02,4.510131640286261789e-01
3.405699999999999932e+02,4.601462501558970519e-01
3.413639999999999759e+02,4.685966191078683174e-01
3.421580000000000155e+02,4.783284927093282013e-01
3.429519999999999982e+02,4.872004910695975632e-01
3.437459999999999809e+02,4.957093464111824166e-01
3.445400000000000205e+02,5.040898425382477344e-01
3.453340000000000032e+02,5.123588255241985356e-01
3.461270000000000095e+02,5.204836595430568646e-01
3.469209999999999923e+02,5.284925897835337505e-01
3.477149999999999750e+02,5.357000354161578493e-01
3.485079999999999814e+02,5.429880785179657110e-01
3.493020000000000209e+02,5.511980780545996383e-01
3.500950000000000273e+02,5.578780717807849676e-01
3.508890000000000100e+02,5.651598063043075104e-01
3.516820000000000164e+02,5.718714970381165719e-01
3.524750000000000227e+02,5.789962570082278770e-01
3.532679999999999723e+02,5.850597430401146548e-01
3.540609999999999786e+02,5.912160927803692401e-01
3.548539999999999850e+02,5.971266204455789595e-01
3.556469999999999914e+02,6.028415988404355330e-01
3.564399999999999977e+02,6.079790692173100419e-01
3.572330000000000041e+02,6.138613163870153544e-01
3.580249999999999773e+02,6.189835472773175251e-01
3.588179999999999836e+02,6.252269582108296309e-01
3.596109999999999900e+02,6.316537046193415605e-01
3.604030000000000200e+02,6.398008880132224352e-01
3.611949999999999932e+02,6.491283768375257779e-01
3.619879999999999995e+02,6.571100354010281919e-01
3.627799999999999727e+02,6.640396041128090454e-01
3.635720000000000027e+02,6.699447879121497307e-01
3.643639999999999759e+02,6.750457415888369006e-01
3.651560000000000059e+02,6.787523830798821711e-01
3.659479999999999791e+02,6.809486438458788315e-01
3.667400000000000091e+02,6.814131048458077489e-01
3.675319999999999823e+02,6.807744693592292506e-01
3.683240000000000123e+02,6.800006243267896489e-01
3.691159999999999854e+02,6.781305834718570624e-01
3.699069999999999823e+02,6.753027194479829243e-01
3.706990000000000123e+02,6.712019167410415710e-01
3.714900000000000091e+02,6.672113007504663074e-01
3.722819999999999823e+02,6.622954424122742267e-01
3.730729999999999791e+02,6.565763051063228106e-01
3.738639999999999759e+02,6.500130915177538826e-01
3.746549999999999727e+02,6.430969850922128028e-01
3.754460000000000264e+02,6.365244087461018330e-01
3.762370000000000232e+02,6.303201338846123880e-01
3.770280000000000200e+02,6.234578609437536612e-01
3.778190000000000168e+02,6.164185532801630396e-01
3.786100000000000136e+02,6.090725444062039529e-01
3.794010000000000105e+02,6.005356607431594496e-01
3.801920000000000073e+02,5.926341396320259358e-01
3.809820000000000277e+02,5.842409441655438407e-01
3.817730000000000246e+02,5.756074383637765912e-01
3.825629999999999882e+02,5.663504382122860337e-01
3.833539999999999850e+02,5.575236007446386921e-01
3.841440000000000055e+02,5.482433462599229923e-01
3.849340000000000259e+02,5.387696496448849404e-01
3.857239999999999895e+02,5.300444761556807327e-01
3.865140000000000100e+02,5.206729594219658974e-01
3.873039999999999736e+02,5.115872283870672721e-01
3.880939999999999941e+02,5.017910970287805528e-01
3.888840000000000146e+02,4.916041107922818343e-01
3.896739999999999782e+02,4.812470612026272798e-01
3.904639999999999986e+02,4.711086961268880491e-01
3.912529999999999859e+02,4.604509800212826520e-01
3.920430000000000064e+02,4.503970391868671319e-01
3.928319999999999936e+02,4.396598471849538781e-01
3.936220000000000141e+02,4.293194393821971877e-01
3.944110000000000014e+02,4.187620813014945043e-01
3.952010000000000218e+02,4.081432170532298676e-01
3.959900000000000091e+02,3.981203436413443542e-01
3.967789999999999964e+02,3.878654801777647321e-01
3.975679999999999836e+02,3.775782343376047345e-01
3.983570000000000277e+02,3.679639830337921302e-01
3.991460000000000150e+02,3.579591288165959173e-01
3.999350000000000023e+02,3.485616901732068729e-01
4.007239999999999895e+02,3.398703777977293838e-01
4.015120000000000005e+02,3.332433951023084928e-01
4.023009999999999877e+02,3.284920152884087119e-01
4.030899999999999750e+02,3.236940371993626275e-01
4.038779999999999859e+02,3.173542793520057748e-01
4.046669999999999732e+02,3.072798754107050612e-01
4.054549999999999841e+02,2.946242461225564435e-01
4.062429999999999950e+02,2.815970787929448216e-01
4.070310000000000059e+02,2.683098857873729703e-01
4.078199999999999932e+02,2.552419676358811396e-01
4.086080000000000041e+02,2.425438853561752706e-01
4.093960000000000150e+02,2.309542676479832968e-01
4.101840000000000259e+02,2.198043358110250423e-01
4.109710000000000036e+02,2.092791796170854202e-01
4.117590000000000146e+02,1.992395769726009180e-01
4.125470000000000255e+02,1.893906695121139183e-01
4.133340000000000032e+02,1.795627326578359828e-01
4.141220000000000141e+02,1.699601286330753303e-01
4.149100000000000250e+02,1.610049401587958784e-01
4.156970000000000027e+02,1.523247402386755933e-01
4.164839999999999804e+02,1.443052661992931529e-01
4.172719999999999914e+02,1.364625267553585819e-01
4.180590000000000259e+02,1.290290050527625187e-01
4.188460000000000036e+02,1.220139194448491837e-01
4.196329999999999814e+02,1.153550209220367273e-01
4.204200000000000159e+02,1.089046116067215186e-01
4.212069999999999936e+02,1.027928090283937723e-01
4.219940000000000282e+02,9.712289419314246164e-02
4.227799999999999727e+02,9.145482187154198306e-02
4.235670000000000073e+02,8.634637483451362838e-02
4.243539999999999850e+02,8.111744834656010872e-02
4.251399999999999864e+02,7.629519874420667702e-02
4.259270000000000209e+02,7.159511254093373078e-02
4.267130000000000223e+02,6.729790569605935413e-02
4.274990000000000236e+02,6.325963589163328959e-02
4.282860000000000014e+02,5.922686256847257968e-02
4.290720000000000027e+02,5.572960213457468781e-02
4.298580000000000041e+02,5.220755817939500693e-02
4.306440000000000055e+02,4.894846039592792852e-02
4.314300000000000068e+02,4.601159832583288228e-02
4.322160000000000082e+02,4.303267871523622917e-02
4.330020000000000095e+02,4.054346761734480692e-02
4.337869999999999777e+02,3.878276872962523047e-02
4.345729999999999791e+02,5.302663004786226097e-03
4.353589999999999804e+02,5.302663004786226097e-03
4.361440000000000055e+02,5.302663004786226097e-03
4.369300000000000068e+02,5.302663004786226097e-03
4.377149999999999750e+02,5.302663004786226097e-03
4.385000000000000000e+02,5.302663004786226097e-03
4.392860000000000014e+02,1.941508515114101843e-02
4.400710000000000264e+02,2.348088022159950522e-02
4.408559999999999945e+02,2.038403387196788957e-02
4.416410000000000196e+02,1.900230879947831589e-02
4.424259999999999877e+02,1.785145089428600076e-02
4.432110000000000127e+02,1.679364092393226954e-02
4.439959999999999809e+02,1.570383716355751996e-02
4.447799999999999727e+02,1.468844881762124827e-02
4.455649999999999977e+02,1.367290663089571964e-02
4.463500000000000227e+02,1.261929915309593746e-02
4.471340000000000146e+02,1.169813060213496791e-02
4.479189999999999827e+02,1.110566222850327585e-02
4.487029999999999745e+02,1.031775849100307826e-02
4.494870000000000232e+02,9.642914669989552379e-03
4.502710000000000150e+02,9.009347342082245358e-03
4.510559999999999832e+02,8.428708318467141580e-03
4.518399999999999750e+02,7.627486700535049402e-03
4.526240000000000236e+02,7.151445859670840788e-03
4.534080000000000155e+02,6.707604153633683723e-03
4.541909999999999741e+02,6.413824960534950451e-03
4.549750000000000227e+02,5.681763457660299679e-03
4.557590000000000146e+02,4.937376169589184974e-03
4.565430000000000064e+02,4.482647605229697282e-03
4.573260000000000218e+02,4.365497077678328480e-03
4.581100000000000136e+02,3.946971300083456854e-03
4.588929999999999723e+02,3.561961061158097457e-03
4.596759999999999877e+02,3.210327625846391003e-03
4.604599999999999795e+02,2.935850341991950215e-03
4.612429999999999950e+02,2.432802350524442339e-03
4.620260000000000105e+02,2.401573738962996425e-03
4.628090000000000259e+02,1.853922233271666775e-03
4.635919999999999845e+02,2.226750489992873963e-03
4.643750000000000000e+02,1.949711075266195859e-03
4.651580000000000155e+02,1.632358485230223175e-03
4.659409999999999741e+02,1.110961144022592183e-03
4.667230000000000132e+02,1.255369969707703995e-03
4.675059999999999718e+02,1.044505377608031908e-03
4.682880000000000109e+02,7.949358189701175026e-04
4.690710000000000264e+02,7.167935382481234463e-04
4.698530000000000086e+02,7.005708409305484718e-04
4.706360000000000241e+02,5.766669070747772533e-04
4.714180000000000064e+02,5.051020646857848351e-04
4.721999999999999886e+02,3.530346339342066778e-04
4.729820000000000277e+02,1.651096759421625745e-04
4.737640000000000100e+02,1.289418662649387259e-04
4.745459999999999923e+02,-1.390012543322008409e-05
4.753279999999999745e+02,-1.692952684711895861e-04
4.761100000000000136e+02,-3.935661472118092905e-04
4.768919999999999959e+02,-2.435118920332416184e-04
4.776730000000000018e+02,-5.879679083269119533e-04
4.784549999999999841e+02,-4.986267499992981869e-04
4.792359999999999900e+02,-5.056528648161202899e-04
4.800179999999999723e+02,-4.829956726461583430e-04
4.807989999999999782e+02,-7.442975501493953247e-04
4.815810000000000173e+02,-7.426062405214593418e-04
4.823620000000000232e+02,-6.422277246766056047e-04
4.831429999999999723e+02,-3.472693715933878808e-04
4.839239999999999782e+02,-3.362936061158203899e-04
4.847049999999999841e+02,-6.725160431024067992e-04
4.854859999999999900e+02,-5.794251816693511692e-04
4.862669999999999959e+02,-3.506437042250709277e-04
4.870480000000000018e+02,-3.504826475379191689e-04
4.878279999999999745e+02,-4.634672785608379836e-04
4.886089999999999804e+02,-8.071183104349684279e-04
4.893899999999999864e+02,-8.539951807307573708e-04
4.901700000000000159e+02,-8.651965158461482827e-04
4.909510000000000218e+02,-1.229669900724267816e-03
4.917309999999999945e+02,-1.681872863282866254e-03
4.925110000000000241e+02,-1.867045185757194685e-03
4.932919999999999732e+02,-1.842290122196895731e-03
4.940720000000000027e+02,-1.844839279575713302e-03
4.948519999999999754e+02,-2.040289228449166520e-03
4.956320000000000050e+02,-2.163128971478229731e-03
4.964119999999999777e+02,-2.401079513430008118e-03
4.971920000000000073e+02,-2.584435016644571516e-03
4.979710000000000036e+02,-2.952892567093548699e-03
4.987509999999999764e+02,-3.080246040941905274e-03
4.995310000000000059e+02,-3.161430008389766975e-03
5.003100000000000023e+02,-2.859280808594305730e-03
5.010899999999999750e+02,-3.261995126371148961e-03
5.018690000000000282e+02,-3.153204009654598898e-03
5.026480000000000246e+02,-3.189321083363046670e-03
5.034279999999999973e+02,-2.894372534127967640e-03
5.042069999999999936e+02,-2.693286035119397438e-03
5.049859999999999900e+02,-3.099928506308888103e-03
5.057649999999999864e+02,-2.760325492504698587e-03
5.065439999999999827e+02,-2.376788910786463080e-03
5.073229999999999791e+02,-2.423061613451842067e-03
5.081019999999999754e+02,-2.435680119445109149e-03
5.088809999999999718e+02,-2.229910892519832225e-03
5.096589999999999918e+02,-1.979199544133333072e-03
5.104379999999999882e+02,-1.940434795804608405e-03
5.112160000000000082e+02,-1.953743976624074119e-03
5.119950000000000045e+02,-1.595919524887043882e-03
5.127730000000000246e+02,-1.485345753507719656e-03
5.135520000000000209e+02,-1.384727015437564081e-03
5.143300000000000409e+02,-1.333349205063560916e-03
5.151079999999999472e+02,-1.095855858525798809e-03
5.158859999999999673e+02,-1.366604309197045133e-03
5.166639999999999873e+02,-1.172860164333597473e-03
5.174420000000000073e+02,-8.263655302120720761e-04
5.182200000000000273e+02,-9.506842542844730695e-04
5.189980000000000473e+02,-1.265902446527601526e-03
5.197749999999999773e+02,-1.228059505155437540e-03
5.205529999999999973e+02,-1.209168025084168298e-03
5.213310000000000173e+02,-9.141779185064648552e-04
5.221079999999999472e+02,-1.094983762486363872e-03
5.228859999999999673e+02,-1.160836698666284708e-03
5.236630000000000109e+02,-1.073212967086938779e-03
5.244400000000000546e+02,-1.146990811027871239e-03
5.252179999999999609e+02,-1.038625956196689154e-03
5.259950000000000045e+02,-8.074808623325076609e-04
5.267720000000000482e+02,-7.844154721638584710e-04
5.275489999999999782e+02,-7.114850055210241581e-04
5.283260000000000218e+02,-4.672113562838933754e-04
5.291029999999999518e+02,-4.850524534917464645e-04
5.298790000000000191e+02,-2.985432999660694170e-04
5.306559999999999491e+02,-3.753288670103249389e-04
5.314329999999999927e+02,-2.326329529319529424e-04
5.322089999999999463e+02,-1.072352080395706092e-04
5.329859999999999900e+02,-3.497493651394177269e-04
5.337619999999999436e+02,-4.439697110247284653e-04
5.345389999999999873e+02,3.383750318802693918e-05
5.353150000000000546e+02,-3.741067371752912138e-04
5.360910000000000082e+02,5.191131200970970638e-06
5.368669999999999618e+02,9.075062337200213991e-05
5.376430000000000291e+02,2.770427437406982815e-04
5.384189999999999827e+02,3.067065457976357254e-04
5.391950000000000500e+02,2.987489604215510380e-04
5.399710000000000036e+02,1.555483056185557808e-04
