# {"Measurement": "BLS99-2 absorption in PEGDA", "Measurement Date": "2017-04-13", "Measurement Spectrometer": "Ocean Optics OE65PRO", "Absorber": "BLS99-2", "Concentration w/w percent": 0.5, "Film thickness microns": 63.5, "Molar mass g/mole": 437.6, "Solvent": "PEGDA", "Solvent density g/L": 1110, "Solvent absorption measurement file": "BLS99-2_05per_noresin_72ms_0_01.csv", "Solvent + absorber absorption measurement file": "BLS99-2_05per_72ms_0_01.csv"}
2.999694198695810883e+02,3.389944356673267976e+03
3.007672975609717696e+02,3.810544600072104458e+03
3.015651034220029487e+02,3.614460050304149718e+03
3.023628374481613719e+02,4.138742107945477073e+03
3.031604996349340126e+02,3.937882241111534313e+03
3.039580899778078447e+02,4.447690129580425491e+03
3.047556084722697278e+02,4.279408833243420304e+03
3.055530551138066357e+02,4.538382128610332074e+03
3.063504298979054852e+02,4.617632850910817979e+03
3.071477328200533066e+02,4.730235059206552251e+03
3.079449638757367893e+02,4.935654298721570740e+03
3.087421230604431912e+02,5.279706494115277565e+03
3.095392103696592585e+02,5.703126913571051773e+03
3.103362257988718511e+02,6.074399832210000568e+03
3.111331693435679995e+02,6.292998884876526063e+03
3.119300409992346772e+02,6.146571328065433590e+03
3.127268407613587442e+02,6.379083910856072180e+03
3.135235686254271741e+02,6.644987361865782987e+03
3.143202245869268836e+02,7.044184628419705405e+03
3.151168086413447895e+02,7.287418605262302663e+03
3.159133207841677518e+02,7.273337382532238735e+03
3.167097610108829144e+02,7.419700739804355180e+03
3.175061293169770238e+02,7.322949549774226398e+03
3.183024256979371103e+02,7.544504171972218501e+03
3.190986501492500338e+02,7.583918661796757078e+03
3.198948026664027111e+02,7.347657790029287753e+03
3.206908832448821727e+02,7.456634695900707811e+03
3.214868918801753352e+02,7.339877608540763504e+03
3.222828285677690019e+02,7.363427531779763740e+03
3.230786933031503168e+02,7.683479631767422688e+03
3.238744860818059692e+02,7.541794771948687412e+03
3.246702068992230465e+02,7.648151238055464091e+03
3.254658557508884087e+02,7.851164821035359637e+03
3.262614326322891429e+02,7.773514760497671887e+03
3.270569375389120523e+02,7.713193746930739508e+03
3.278523704662439968e+02,7.787217720869898585e+03
3.286477314097720637e+02,7.881074821315575718e+03
3.294430203649830560e+02,8.149863780989797306e+03
3.302382373273640042e+02,8.150594439998069902e+03
3.310333822924017682e+02,8.386535532651669200e+03
3.318284552555833216e+02,8.674472792320722874e+03
3.326234562123955811e+02,8.966298281436565958e+03
3.334183851583254636e+02,9.462881762071263438e+03
3.342132420888599995e+02,9.510163190783436221e+03
3.350080269994859918e+02,9.593609926734114197e+03
3.358027398856904142e+02,9.515456111467115988e+03
3.365973807429602971e+02,9.266538613888254986e+03
3.373919495667823867e+02,9.089150069585250094e+03
3.381864463526437703e+02,9.307681130053919333e+03
3.389808710960313078e+02,9.150396006252087318e+03
3.397752237924318592e+02,9.105536592048840248e+03
3.405695044373325686e+02,9.147135376644668213e+03
3.413637130262201254e+02,9.148699139777196251e+03
3.421578495545816736e+02,9.132382852353021008e+03
3.429519140179040164e+02,9.190315974460627331e+03
3.437459064116741274e+02,9.281897648266787655e+03
3.445398267313788665e+02,9.416743482082518312e+03
3.453336749725053210e+02,9.194249332978059101e+03
3.461274511305402939e+02,9.193989162263644175e+03
3.469211552009707589e+02,9.104347081252535645e+03
3.477147871792836895e+02,8.990622267002552690e+03
3.485083470609658889e+02,8.795259402163830600e+03
3.493018348415043874e+02,8.739988890034772339e+03
3.500952505163861019e+02,8.433884095291641643e+03
3.508885940810980060e+02,8.381233119028998772e+03
3.516818655311269026e+02,8.217445665136692696e+03
3.524750648619599929e+02,8.180023660489472604e+03
3.532681920690838524e+02,8.148544356749507642e+03
3.540612471479857390e+02,7.966153128714784543e+03
3.548542300941522853e+02,7.973647120153736978e+03
3.556471409030706354e+02,7.814792743552630782e+03
3.564399795702276492e+02,7.726990021053607052e+03
3.572327460911102435e+02,7.715873084071218727e+03
3.580254404612053918e+02,7.678740162942354800e+03
3.588180626760000109e+02,7.564484414094037675e+03
3.596106127309809608e+02,7.669036491977250080e+03
3.604030906216353856e+02,7.754708697013997153e+03
3.611954963434500314e+02,7.986139960730044550e+03
3.619878298919118151e+02,8.178026555818333691e+03
3.627800912625078240e+02,8.222934155402143006e+03
3.635722804507248043e+02,8.184368163079562692e+03
3.643643974520497864e+02,7.986618032456732180e+03
3.651564422619696870e+02,7.775983290422697792e+03
3.659484148759714230e+02,7.550469241492000037e+03
3.667403152895419680e+02,7.334493036187850521e+03
3.675321434981682955e+02,7.089057946949718826e+03
3.683238994973372087e+02,6.791647692682321576e+03
3.691155832825357379e+02,6.472355499412132303e+03
3.699071948492508000e+02,6.184804224901007728e+03
3.706987341929692548e+02,5.826860825483646295e+03
3.714902013091781896e+02,5.493182380793825359e+03
3.722815961933643507e+02,5.136726019576069120e+03
3.730729188410147117e+02,4.805745647777107479e+03
3.738641692476163598e+02,4.517285899103930205e+03
3.746553474086559845e+02,4.219353231375987889e+03
3.754464533196207299e+02,3.886549949168912917e+03
3.762374869759974558e+02,3.621831532215711832e+03
3.770284483732730223e+02,3.395599497674086706e+03
3.778193375069345166e+02,3.059502105816220137e+03
3.786101543724687417e+02,2.852702224887930697e+03
3.794008989653627282e+02,2.601586256850410336e+03
3.801915712811032790e+02,2.406065564952321438e+03
3.809821713151773679e+02,2.166599944249887358e+03
3.817726990630719683e+02,1.960896861153234113e+03
3.825631545202739972e+02,1.803514220281866983e+03
3.833535376822703711e+02,1.638927561190483402e+03
3.841438485445480637e+02,1.487453562979302433e+03
3.849340871025939919e+02,1.352237964923511299e+03
3.857242533518951291e+02,1.192278577368777178e+03
3.865143472879382784e+02,1.062643772158733100e+03
3.873043689062104136e+02,9.928948515199276699e+02
3.880943182021986217e+02,8.565449968249668018e+02
3.888841951713895924e+02,7.497566766565371381e+02
3.896739998092704127e+02,7.053112051547899455e+02
3.904637321113279995e+02,6.470655158367230797e+02
3.912533920730492696e+02,5.539375981419450454e+02
3.920429796899210828e+02,4.684403829553268110e+02
3.928324949574305265e+02,4.414224484028197821e+02
3.936219378710644037e+02,3.719528808078653697e+02
3.944113084263098017e+02,3.696482868442923859e+02
3.952006066186534099e+02,3.258639095200728661e+02
3.959898324435823724e+02,2.979509807303167577e+02
3.967789858965834355e+02,2.269268855086627923e+02
3.975680669731436865e+02,2.317254442225032847e+02
3.983570756687500420e+02,1.588036192349379689e+02
3.991460119788893053e+02,1.854064204299021696e+02
3.999348758990485635e+02,1.396524366633367720e+02
4.007236674247147334e+02,1.552681877366384811e+02
4.015123865513746182e+02,1.251473884598622703e+02
4.023010332745152482e+02,7.306756095047371957e+01
4.030896075896235402e+02,8.132906779794227248e+01
4.038781094921864110e+02,7.273750596116705935e+01
4.046665389776909478e+02,6.519152512836022595e+01
4.054548960416237833e+02,6.631002036882382811e+01
4.062431806794720046e+02,4.076118310382767618e+01
4.070313928867226423e+02,4.490647201042148851e+01
4.078195326588623857e+02,3.154674959256560740e+01
4.086075999913784358e+02,3.831331887523938917e+01
4.093955948797575388e+02,3.519619427966173220e+01
4.101835173194867252e+02,3.288361231053266209e+01
4.109713673060529686e+02,4.277878658762812591e+01
4.117591448349429584e+02,4.938704606337446990e+01
4.125468499016439523e+02,2.543508195191605736e+01
4.133344825016426398e+02,4.718020813627178711e+01
4.141220426304259945e+02,2.104481514092693217e+01
4.149095302834811037e+02,1.869395625977682585e+01
4.156969454562946567e+02,3.370394446098746499e+01
4.164842881443537976e+02,1.372904226655812110e+01
4.172715583431453297e+02,3.280769368014895804e+01
4.180587560481562264e+02,3.737644112030709209e+01
4.188458812548734613e+02,2.464360742611453858e+01
4.196329339587839513e+02,5.122335620977021620e+01
4.204199141553744994e+02,2.778240356031241021e+01
4.212068218401323065e+02,3.489786404261104735e+01
4.219936570085440621e+02,7.821897804652650166e+00
4.227804196560967398e+02,1.885728284469865557e+01
4.235671097782773131e+02,2.225811002716675091e+01
4.243537273705726989e+02,1.109072226563553443e+01
4.251402724284698706e+02,-5.027826222295952441e+00
4.259267449474557452e+02,8.483704337749134794e+00
4.267131449230172393e+02,8.839439939464712737e+00
4.274994723506412697e+02,-2.263373040353071186e+00
4.282857272258148100e+02,-6.722318467615845172e+00
4.290719095440247770e+02,1.204912998323287887e+01
4.298580193007580306e+02,7.723137482066202431e+00
4.306440564915016012e+02,2.059035936889594254e+01
4.314300211117423487e+02,6.053234737189518988e+00
4.322159131569672468e+02,-6.869624856950387937e+00
4.330017326226632690e+02,-2.707435894284762501e+00
4.337874795043172185e+02,-1.859236379221669511e+00
4.345731537974161824e+02,-1.461733826348618592e+01
4.353587554974470208e+02,7.395658630361415575e+00
4.361442845998966504e+02,6.834275316666232669e+00
4.369297411002519880e+02,1.090596111248265387e+01
4.377151249940000639e+02,-6.825823727869454238e+00
4.385004362766276813e+02,3.598593295338970321e+00
4.392856749436218138e+02,1.031520227340181073e+01
4.400708409904694349e+02,1.484885464834631641e+01
4.408559344126574615e+02,1.912045288223625850e+00
4.416409552056727534e+02,9.755234228077471315e+00
4.424259033650023412e+02,6.585071274385366102e+00
4.432107788861331414e+02,7.581770075971124179e+00
4.439955817645520710e+02,-1.356679596965751911e+00
4.447803119957460467e+02,-6.412853819153293555e-01
4.455649695752019852e+02,-1.602717997886286483e+01
4.463495544984069170e+02,4.250616324548650127e+00
4.471340667608476451e+02,1.134345884313703401e+01
4.479185063580111432e+02,9.396470009186442596e+00
4.487028732853843849e+02,1.332809453211478790e+01
4.494871675384542300e+02,9.034973334466188888e+00
4.502713891127077090e+02,-2.477833398620948646e+00
4.510555380036316819e+02,1.218726208157606905e+01
4.518396142067130654e+02,7.547923109589001811e+00
4.526236177174388899e+02,5.699178816983763163e+00
4.534075485312960723e+02,-3.012128099617378041e+00
4.541914066437714155e+02,5.209714841623889647e+00
4.549751920503519500e+02,-7.038836584763843440e+00
4.557589047465245358e+02,-1.044446735909480850e+01
4.565425447277761464e+02,1.648368087416573857e+01
4.573261119895937554e+02,9.162571842040497572e+00
4.581096065274642797e+02,7.460712295276243466e+00
4.588930283368745791e+02,8.286070481401370813e+00
4.596763774133116840e+02,-1.433661336087124205e+01
4.604596537522625113e+02,1.063779293552650174e+01
4.612428573492140913e+02,-1.869928484507455746e+00
4.620259881996530567e+02,1.130510281748818402e+00
4.628090462990665515e+02,-1.806613739856109735e+00
4.635920316429414356e+02,-1.825318788199597142e+00
4.643749442267647396e+02,-3.239403798541653945e+00
4.651577840460232665e+02,-1.260455029008672589e+01
4.659405510962040466e+02,7.390748342563266959e+00
4.667232453727939401e+02,1.462422482925229694e+01
4.675058668712799772e+02,-1.703917204568290700e+01
4.682884155871489611e+02,-3.384940015153666337e+01
4.690708915158879790e+02,3.846279603951906712e+00
4.698532946529838910e+02,2.456613198160951228e+01
4.706356249939236136e+02,1.233802956159228692e-01
4.714178825341940069e+02,2.964112587413278099e+00
4.722000672692821013e+02,1.594356567658984325e+01
4.729821791946747567e+02,-2.048115636542890083e+00
4.737642183058590035e+02,1.466890682351893993e+01
4.745461845983217017e+02,-1.169477551121464742e+01
4.753280780675498249e+02,1.263673058899059320e+01
4.761098987090302899e+02,9.115239998060306048e-01
4.768916465182499564e+02,1.487156797538447783e+01
4.776733214906958551e+02,-2.518392372366423881e+00
4.784549236218550732e+02,1.569112222461515049e+00
4.792364529072141863e+02,7.236577914332342765e+00
4.800179093422602250e+02,-4.947281816712511215e+00
4.807992929224802765e+02,-2.268312989151978876e+00
4.815806036433611439e+02,-8.663598790026280083e-01
4.823618415003898576e+02,7.116769591423606656e+00
4.831430064890532776e+02,-3.430539326268792877e+00
4.839240986048383206e+02,2.442980232464777401e+01
4.847051178432319603e+02,3.175667852190968432e+01
4.854860641997211133e+02,1.408346505634223789e+01
4.862669376697929238e+02,4.663164017888267843e+00
4.870477382489339107e+02,1.102097475810322802e+00
4.878284659326312180e+02,8.455215078354550329e+00
4.886091207163717627e+02,1.559835989839570303e+01
4.893897025956425182e+02,4.163177087752101713e+00
4.901702115659304582e+02,7.510443373693162172e+00
4.909506476227223288e+02,-1.537072761311625513e+01
4.917310107615052175e+02,1.276896129186948281e+00
4.925113009777659840e+02,1.214978511321006138e+01
4.932915182669916021e+02,1.080417180456709758e+01
4.940716626246689884e+02,1.453529645738731801e+01
4.948517340462852303e+02,1.387287160801419006e+01
4.956317325273270171e+02,-8.928876563983411785e+00
4.964116580632813225e+02,2.466215258200642069e+01
4.971915106496351200e+02,4.207008400924211244e+00
4.979712902818753264e+02,6.296301431509832902e+00
4.987509969554889722e+02,8.141446368937652167e+00
4.995306306659628603e+02,-1.135000819728490740e+01
5.003101914087840214e+02,1.285938143107858345e+01
5.010896791794392584e+02,-1.002563986269958463e+01
5.018690939734156586e+02,-1.364166137936687662e+01
5.026484357862001957e+02,-1.880504953476323493e+01
5.034277046132795590e+02,-3.583531883295596021e+00
5.042069004501407790e+02,9.218994846454309666e+00
5.049860232922708860e+02,8.681468012941752077e-01
5.057650731351566833e+02,1.563638159990391863e+01
5.065440499742852012e+02,3.123460173049557032e+00
5.073229538051433565e+02,8.247525194578605223e+00
5.081017846232180091e+02,-2.128729306000071020e+01
5.088805424239961326e+02,-1.585933322191909056e+01
5.096592272029647575e+02,-1.983441336775316444e+01
5.104378389556105731e+02,9.774975774950521057e+00
5.112163776774208941e+02,-1.117468758707610732e+01
5.119948433638822394e+02,4.757895606848475012e+00
5.127732360104818099e+02,7.363523612269738949e-01
5.135515556127063519e+02,3.089676192293165613e+01
5.143298021660430095e+02,9.360635506380813098e+00
5.151079756659786426e+02,-1.500637061892812696e+01
5.158860761079999975e+02,-1.793308744478468952e+01
5.166641034875942751e+02,-1.512760321916711348e+01
5.174420578002482216e+02,-1.298023902072738345e+01
5.182199390414486970e+02,-3.094825816014018776e-03
5.189977472066831297e+02,2.943363941205036638e-01
5.197754822914378110e+02,-1.039064989219310675e+01
5.205531442912000557e+02,5.691802582723064496e+00
5.213307332014566100e+02,1.852010322853977486e+00
5.221082490176944475e+02,1.125456700729049686e+01
5.228856917354006555e+02,1.324624491078241650e+00
5.236630613500619802e+02,-1.198548249662864507e+01
5.244403578571653952e+02,3.396989891967464370e+00
5.252175812521979879e+02,-1.449528193944676246e+01
5.259947315306465043e+02,1.494286573247181416e+01
5.267718086879979182e+02,1.703725287788801168e+01
5.275488127197393169e+02,9.768104319079197850e+00
5.283257436213573328e+02,3.579565221086536742e+00
5.291026013883391670e+02,1.873844997705516846e+01
5.298793860161715656e+02,1.398573259535726798e+01
5.306560975003416161e+02,1.119886177858032106e+01
5.314327358363360645e+02,8.509736131046928165e+00
5.322093010196419982e+02,1.624849143783822614e+00
5.329857930457461634e+02,-9.406061987465282215e+00
5.337622119101358749e+02,-9.723555053823643490e+00
5.345385576082976513e+02,4.107767152367605590e+00
5.353148301357188075e+02,-1.100977614811950112e+01
5.360910294878859759e+02,4.276611671276839388e+00
5.368671556602861301e+02,9.429308782179823822e+00
5.376432086484061301e+02,1.382435475256538648e+00
5.384191884477331769e+02,9.605301460538675506e-01
5.391950950537540166e+02,5.965328169369066735e+00
5.399709284619556229e+02,4.017411792904682422e+00
