# {"Measurement": "Irgacure 819 absorption in PEGDA", "Measurement Date": "2020-01-20", "Measurement Spectrometer": "Ocean Optics OE65PRO", "Absorber": "Irgacure 819", "Concentration w/w percent": 1.0, "Film thickness microns": 60, "Molar mass g/mole": 418.5, "Solvent": "PEGDA", "Solvent density g/L": 1110, "Solvent absorption measurement file": "QEPB00791_17-10-07-458.txt", "Solvent + absorber absorption measurement file": "QEPB00791_17-13-57-708.txt"}
2.999689999999999941e+02,2.477669788274301936e+03
3.007669999999999959e+02,2.679327452165000523e+03
3.015649999999999977e+02,2.911033944651956062e+03
3.023629999999999995e+02,2.814437037296083417e+03
3.031600000000000250e+02,2.934412956048723572e+03
3.039580000000000268e+02,3.068972410170598323e+03
3.047559999999999718e+02,3.065562801397100429e+03
3.055529999999999973e+02,3.126263301289079664e+03
3.063500000000000227e+02,3.119790833497650965e+03
3.071480000000000246e+02,3.137501682647925463e+03
3.079449999999999932e+02,3.371872035565347687e+03
3.087420000000000186e+02,3.428740727940069064e+03
3.095389999999999873e+02,3.519780070182733652e+03
3.103360000000000127e+02,3.677620100356094099e+03
3.111329999999999814e+02,3.754339223749908797e+03
3.119300000000000068e+02,3.811616514882563933e+03
3.127269999999999754e+02,3.869957601811017867e+03
3.135240000000000009e+02,3.954067353742202158e+03
3.143199999999999932e+02,4.143780870232692905e+03
3.151170000000000186e+02,4.109060460780900030e+03
3.159130000000000109e+02,4.115872806459344247e+03
3.167099999999999795e+02,3.985627813202735979e+03
3.175059999999999718e+02,3.876037895078448400e+03
3.183020000000000209e+02,3.755249353245607381e+03
3.190989999999999895e+02,3.738494975205966512e+03
3.198949999999999818e+02,3.610150344442734877e+03
3.206909999999999741e+02,3.516530788097936238e+03
3.214870000000000232e+02,3.518037080423764110e+03
3.222830000000000155e+02,3.394882523154858063e+03
3.230790000000000077e+02,3.331652675880265178e+03
3.238740000000000236e+02,3.224043242819925126e+03
3.246700000000000159e+02,3.222020166064979094e+03
3.254660000000000082e+02,3.114168976162104173e+03
3.262610000000000241e+02,2.994209505361926858e+03
3.270570000000000164e+02,2.869657782022346055e+03
3.278519999999999754e+02,2.847146876672735743e+03
3.286480000000000246e+02,2.789123512054356979e+03
3.294429999999999836e+02,2.715371539072125415e+03
3.302379999999999995e+02,2.643742105847804851e+03
3.310330000000000155e+02,2.670236229876778907e+03
3.318279999999999745e+02,2.560669391171772077e+03
3.326229999999999905e+02,2.484390830932111840e+03
3.334180000000000064e+02,2.430164728100497996e+03
3.342130000000000223e+02,2.344229289736481405e+03
3.350079999999999814e+02,2.237668287775776207e+03
3.358029999999999973e+02,2.135950537176559010e+03
3.365969999999999800e+02,1.968322935613315622e+03
3.373919999999999959e+02,1.832727408537303063e+03
3.381859999999999786e+02,1.715721238713086905e+03
3.389809999999999945e+02,1.678644337132554938e+03
3.397749999999999773e+02,1.579349500279422728e+03
3.405699999999999932e+02,1.550676926732619904e+03
3.413639999999999759e+02,1.509203907517126481e+03
3.421580000000000155e+02,1.409923118268413873e+03
3.429519999999999982e+02,1.390000105947879092e+03
3.437459999999999809e+02,1.356444976990930854e+03
3.445400000000000205e+02,1.263277414043561521e+03
3.453340000000000032e+02,1.232810298306001869e+03
3.461270000000000095e+02,1.238036738903595506e+03
3.469209999999999923e+02,1.189846427548685824e+03
3.477149999999999750e+02,1.194959304735895785e+03
3.485079999999999814e+02,1.176962909933479978e+03
3.493020000000000209e+02,1.130151146567518481e+03
3.500950000000000273e+02,1.141117073115030507e+03
3.508890000000000100e+02,1.130329358261696370e+03
3.516820000000000164e+02,1.133896471952776892e+03
3.524750000000000227e+02,1.133696057437073478e+03
3.532679999999999723e+02,1.081050997633113866e+03
3.540609999999999786e+02,1.106734412770078507e+03
3.548539999999999850e+02,1.071766450379701837e+03
3.556469999999999914e+02,1.075389308948876533e+03
3.564399999999999977e+02,1.067429183639700341e+03
3.572330000000000041e+02,1.095754027071838664e+03
3.580249999999999773e+02,1.056810476535746830e+03
3.588179999999999836e+02,1.110967678203392552e+03
3.596109999999999900e+02,1.141466590815580503e+03
3.604030000000000200e+02,1.126725612463287007e+03
3.611949999999999932e+02,1.140383306372059451e+03
3.619879999999999995e+02,1.181490523358277414e+03
3.627799999999999727e+02,1.203516864422538902e+03
3.635720000000000027e+02,1.224462740090587431e+03
3.643639999999999759e+02,1.248498517246034226e+03
3.651560000000000059e+02,1.287147245865217201e+03
3.659479999999999791e+02,1.300488674266101043e+03
3.667400000000000091e+02,1.316000050943375300e+03
3.675319999999999823e+02,1.306972825548478568e+03
3.683240000000000123e+02,1.307494658100010156e+03
3.691159999999999854e+02,1.309617895480900870e+03
3.699069999999999823e+02,1.295908899369674145e+03
3.706990000000000123e+02,1.294807726607259838e+03
3.714900000000000091e+02,1.274548555815602185e+03
3.722819999999999823e+02,1.263803804633916570e+03
3.730729999999999791e+02,1.254918985543201188e+03
3.738639999999999759e+02,1.222106130443216443e+03
3.746549999999999727e+02,1.199112463540486942e+03
3.754460000000000264e+02,1.191153058185269629e+03
3.762370000000000232e+02,1.165701508324002816e+03
3.770280000000000200e+02,1.121925530733919004e+03
3.778190000000000168e+02,1.128169178321573554e+03
3.786100000000000136e+02,1.123032174563338458e+03
3.794010000000000105e+02,1.089850561098447770e+03
3.801920000000000073e+02,1.090985037384191173e+03
3.809820000000000277e+02,1.059399059045325885e+03
3.817730000000000246e+02,1.054891100067746038e+03
3.825629999999999882e+02,1.056124335942958851e+03
3.833539999999999850e+02,1.031796979992630440e+03
3.841440000000000055e+02,1.014318047031396532e+03
3.849340000000000259e+02,1.012522250869454069e+03
3.857239999999999895e+02,1.017130493358811805e+03
3.865140000000000100e+02,1.006035579135411581e+03
3.873039999999999736e+02,9.757993923459308689e+02
3.880939999999999941e+02,9.580403573873153391e+02
3.888840000000000146e+02,9.802927120855874819e+02
3.896739999999999782e+02,9.633841054803392581e+02
3.904639999999999986e+02,9.709019425541908959e+02
3.912529999999999859e+02,9.385801726853529772e+02
3.920430000000000064e+02,9.330324869601190585e+02
3.928319999999999936e+02,9.143836056265676007e+02
3.936220000000000141e+02,9.202573813382224444e+02
3.944110000000000014e+02,9.166118614786937542e+02
3.952010000000000218e+02,8.917380407509109546e+02
3.959900000000000091e+02,9.089429269257559554e+02
3.967789999999999964e+02,8.784950785763122667e+02
3.975679999999999836e+02,8.758025423376948311e+02
3.983570000000000277e+02,8.365352697740826216e+02
3.991460000000000150e+02,8.395089604405307000e+02
3.999350000000000023e+02,8.131995345362377066e+02
4.007239999999999895e+02,8.180823076971978480e+02
4.015120000000000005e+02,8.010615203152316326e+02
4.023009999999999877e+02,8.020540026210227325e+02
4.030899999999999750e+02,7.981639028791372539e+02
4.038779999999999859e+02,7.831168892291793782e+02
4.046669999999999732e+02,7.605438562410098484e+02
4.054549999999999841e+02,7.361878690249075134e+02
4.062429999999999950e+02,7.053846128592803097e+02
4.070310000000000059e+02,6.844828252547264356e+02
4.078199999999999932e+02,6.464330061898723443e+02
4.086080000000000041e+02,6.192059797742525689e+02
4.093960000000000150e+02,5.895165899563683070e+02
4.101840000000000259e+02,5.556334226571354975e+02
4.109710000000000036e+02,5.332119778581533183e+02
4.117590000000000146e+02,5.030270022388911002e+02
4.125470000000000255e+02,4.909712768581244404e+02
4.133340000000000032e+02,4.711767272749355016e+02
4.141220000000000141e+02,4.577954368099342446e+02
4.149100000000000250e+02,4.314878869618064527e+02
4.156970000000000027e+02,4.176348480922719091e+02
4.164839999999999804e+02,3.885100190468294841e+02
4.172719999999999914e+02,3.768086740933294436e+02
4.180590000000000259e+02,3.453241551141638297e+02
4.188460000000000036e+02,3.408660154586294198e+02
4.196329999999999814e+02,3.193960400562343125e+02
4.204200000000000159e+02,3.124718111950114121e+02
4.212069999999999936e+02,2.966226709391114014e+02
4.219940000000000282e+02,2.783193506784023157e+02
4.227799999999999727e+02,2.634451773393016651e+02
4.235670000000000073e+02,2.543788174087724485e+02
4.243539999999999850e+02,2.431673255685716981e+02
4.251399999999999864e+02,2.324291217514194443e+02
4.259270000000000209e+02,2.138439201817586763e+02
4.267130000000000223e+02,2.088303016537490180e+02
4.274990000000000236e+02,1.948673885069630956e+02
4.282860000000000014e+02,1.794441870544149822e+02
4.290720000000000027e+02,1.726517040108336403e+02
4.298580000000000041e+02,1.573111135973706212e+02
4.306440000000000055e+02,1.625928791206568746e+02
4.314300000000000068e+02,1.470474938546715578e+02
4.322160000000000082e+02,1.320241134297577048e+02
4.330020000000000095e+02,1.253049873806965593e+02
4.337869999999999777e+02,1.351116100996912053e+02
4.345729999999999791e+02,1.400008065806610489e+02
4.353589999999999804e+02,1.436440237200614831e+02
4.361440000000000055e+02,1.365910072184560136e+02
4.369300000000000068e+02,1.166850973037914798e+02
4.377149999999999750e+02,1.035875909378375042e+02
4.385000000000000000e+02,8.934502373606586900e+01
4.392860000000000014e+02,8.556891298465207285e+01
4.400710000000000264e+02,7.335910314384405240e+01
4.408559999999999945e+02,5.530590019912482802e+01
4.416410000000000196e+02,5.277175291337202623e+01
4.424259999999999877e+02,4.541392167943003955e+01
4.432110000000000127e+02,5.063447449439839687e+01
4.439959999999999809e+02,4.479041880241351947e+01
4.447799999999999727e+02,3.002735640050583754e+01
4.455649999999999977e+02,3.485863438835583139e+01
4.463500000000000227e+02,3.102640520963552007e+01
4.471340000000000146e+02,2.571900103831965367e+01
4.479189999999999827e+02,2.812330133393132670e+01
4.487029999999999745e+02,1.121645582897410698e+01
4.494870000000000232e+02,2.493442717964975941e+01
4.502710000000000150e+02,2.521141321079138464e+01
4.510559999999999832e+02,1.760658221131772549e+01
4.518399999999999750e+02,1.726688285400576461e+01
4.526240000000000236e+02,1.096110486704547426e+01
4.534080000000000155e+02,1.515184737808506021e+01
4.541909999999999741e+02,1.948087478891677193e+01
4.549750000000000227e+02,1.721091794325311852e+01
4.557590000000000146e+02,8.639206002196386791e+00
4.565430000000000064e+02,5.739458192859544283e+00
4.573260000000000218e+02,9.823125729321914079e+00
4.581100000000000136e+02,1.873628936112326926e+01
4.588929999999999723e+02,-2.020911214241697618e+00
4.596759999999999877e+02,7.863164299574982863e+00
4.604599999999999795e+02,9.461030156858621254e+00
4.612429999999999950e+02,5.483601150199454821e+00
4.620260000000000105e+02,-2.505619837897198554e+00
4.628090000000000259e+02,5.926303525399666539e-01
4.635919999999999845e+02,2.476490390099335315e+01
4.643750000000000000e+02,-3.099284986742279813e+00
4.651580000000000155e+02,-2.145337411999197030e+00
4.659409999999999741e+02,-9.248278997681518732e+00
4.667230000000000132e+02,1.079539225618757214e+01
4.675059999999999718e+02,1.152326240383485079e+01
4.682880000000000109e+02,-1.753893903266114052e+01
4.690710000000000264e+02,-2.732143855878314653e+00
4.698530000000000086e+02,3.756569361783017147e+00
4.706360000000000241e+02,-1.054744650232657932e+01
4.714180000000000064e+02,4.640345938934504311e+00
4.721999999999999886e+02,8.918852058787168247e+00
4.729820000000000277e+02,-5.442371078239845339e+00
4.737640000000000100e+02,-5.758972351568178993e+00
4.745459999999999923e+02,6.564216862049037537e+00
4.753279999999999745e+02,3.710916388703783930e+00
4.761100000000000136e+02,-4.168615563847615779e-01
4.768919999999999959e+02,1.109299006458661552e+01
4.776730000000000018e+02,3.198495997856061202e+00
4.784549999999999841e+02,-1.376236102499676761e+00
4.792359999999999900e+02,-2.362010389407378064e+00
4.800179999999999723e+02,6.913515239813599500e+00
4.807989999999999782e+02,-2.017988922742908642e+00
4.815810000000000173e+02,1.013117398431161931e+01
4.823620000000000232e+02,-2.461215044850358358e-01
4.831429999999999723e+02,-4.315696122881329977e+00
4.839239999999999782e+02,-1.822841270975735339e+00
4.847049999999999841e+02,-1.080570822260998876e+00
4.854859999999999900e+02,9.599357917416069697e+00
4.862669999999999959e+02,-2.590238965816180627e+00
4.870480000000000018e+02,-2.277958859245395651e+00
4.878279999999999745e+02,1.668657086264484501e-01
4.886089999999999804e+02,6.196360089853517827e+00
4.893899999999999864e+02,-9.335804568199080222e+00
4.901700000000000159e+02,-1.040179152852142508e+01
4.909510000000000218e+02,8.039169473018951351e+00
4.917309999999999945e+02,3.393341453806195229e+00
4.925110000000000241e+02,-7.596325303087703595e+00
4.932919999999999732e+02,-5.145881979258398076e+00
4.940720000000000027e+02,2.969413489969357833e+00
4.948519999999999754e+02,1.842751695814311308e+00
4.956320000000000050e+02,-2.341351259129600848e+00
4.964119999999999777e+02,-1.059393349697688613e+01
4.971920000000000073e+02,-8.032200994664302485e+00
4.979710000000000036e+02,1.305807191823807889e+00
4.987509999999999764e+02,1.099002956755354710e+01
4.995310000000000059e+02,-3.956682689129446207e+00
5.003100000000000023e+02,-1.229540895010468038e+00
5.010899999999999750e+02,-3.695083934018594363e+00
5.018690000000000282e+02,4.762042559029302957e+00
5.026480000000000246e+02,5.542196835278806688e+00
5.034279999999999973e+02,2.749632696048763592e+00
5.042069999999999936e+02,-8.414736401315332515e-01
5.049859999999999900e+02,4.502275716079304324e+00
5.057649999999999864e+02,7.955852634006124191e+00
5.065439999999999827e+02,-7.480645620174054544e-01
5.073229999999999791e+02,4.899515931664685020e+00
5.081019999999999754e+02,-6.010544579270462151e+00
5.088809999999999718e+02,3.429997590227961357e+00
5.096589999999999918e+02,-8.886249370562916416e-01
5.104379999999999882e+02,-2.394049598988718230e+01
5.112160000000000082e+02,-1.480605429818435681e+01
5.119950000000000045e+02,-1.081747037173863468e+01
5.127730000000000246e+02,-5.091876939078582076e+00
5.135520000000000209e+02,-1.121482508671613765e+01
5.143300000000000409e+02,-6.127553975372306283e+00
5.151079999999999472e+02,-8.201718710720664163e+00
5.158859999999999673e+02,-1.243974061308643186e+01
5.166639999999999873e+02,-2.414096300491747726e+01
5.174420000000000073e+02,1.896759821498882781e+00
5.182200000000000273e+02,-2.413268293179472668e+00
5.189980000000000473e+02,-3.688613861503308389e+00
5.197749999999999773e+02,-6.404144814944974229e-01
5.205529999999999973e+02,-6.006352651463345182e+00
5.213310000000000173e+02,4.070744152183473297e+00
5.221079999999999472e+02,2.733128689127024114e+00
5.228859999999999673e+02,3.867812638190759600e+00
5.236630000000000109e+02,-4.621204782165717617e+00
5.244400000000000546e+02,-5.416664551614963408e+00
5.252179999999999609e+02,-1.053870713894717248e+01
5.259950000000000045e+02,2.287167296708004116e+00
5.267720000000000482e+02,2.821895181879444880e+00
5.275489999999999782e+02,-1.430327137774788149e+00
5.283260000000000218e+02,-1.642451314328329470e+00
5.291029999999999518e+02,-4.425778355658024910e-01
5.298790000000000191e+02,5.416595153022283782e+00
5.306559999999999491e+02,-7.519766774843236412e+00
5.314329999999999927e+02,-1.147518992360518464e+00
5.322089999999999463e+02,-1.100664843940548998e+01
5.329859999999999900e+02,7.291629337299598390e+00
5.337619999999999436e+02,-1.470700062210473558e+00
5.345389999999999873e+02,6.015715193077944889e+00
5.353150000000000546e+02,-5.772780535370085175e+00
5.360910000000000082e+02,8.728693819532193920e-01
5.368669999999999618e+02,-9.171714825972030471e-01
5.376430000000000291e+02,-1.359485589227261748e+01
5.384189999999999827e+02,1.873820280691246731e+00
5.391950000000000500e+02,7.120142098146947651e-01
5.399710000000000036e+02,4.989459569613369894e+00
