# {"Measurement": "Martius Yellow absorption in PEGDA", "Measurement Date": "2017-04-13", "Measurement Spectrometer": "Ocean Optics OE65PRO", "Absorber": "Martius Yellow", "Concentration w/w percent": 0.4, "Film thickness microns": 66.04, "Molar mass g/mole": 234.17, "Solvent": "PEGDA", "Solvent density g/L": 1110, "Solvent absorption measurement file": "MY_04per_noresin_72ms_0_01.csv", "Solvent + absorber absorption measurement file": "MY_04per_72ms_0_01.csv"}
2.999694198695810883e+02,4.076050535493556670e-01
3.007672975609717696e+02,3.825617702477972504e-01
3.015651034220029487e+02,4.330016648354205189e-01
3.023628374481613719e+02,4.150234536060140034e-01
3.031604996349340126e+02,4.240100539696820547e-01
3.039580899778078447e+02,4.450196121195321708e-01
3.047556084722697278e+02,4.754417333510133625e-01
3.055530551138066357e+02,5.122182958748446868e-01
3.063504298979054852e+02,5.207160232517605847e-01
3.071477328200533066e+02,5.067662751565491508e-01
3.079449638757367893e+02,5.248854724109487391e-01
3.087421230604431912e+02,5.257627798935790020e-01
3.095392103696592585e+02,5.443050559235431685e-01
3.103362257988718511e+02,5.682420701871139235e-01
3.111331693435679995e+02,5.796340100815299268e-01
3.119300409992346772e+02,5.885794333741884987e-01
3.127268407613587442e+02,5.763199770253595311e-01
3.135235686254271741e+02,5.811301099497097056e-01
3.143202245869268836e+02,5.853007134415300072e-01
3.151168086413447895e+02,5.916191154782842743e-01
3.159133207841677518e+02,6.060087859214112749e-01
3.167097610108829144e+02,6.129254726617660021e-01
3.175061293169770238e+02,6.064446479869924911e-01
3.183024256979371103e+02,5.937834189074668867e-01
3.190986501492500338e+02,5.934512587540787809e-01
3.198948026664027111e+02,5.941394016786453181e-01
3.206908832448821727e+02,5.904555740761581184e-01
3.214868918801753352e+02,5.934466861166831642e-01
3.222828285677690019e+02,5.885930059231031519e-01
3.230786933031503168e+02,6.044092366389398618e-01
3.238744860818059692e+02,6.126351472713510438e-01
3.246702068992230465e+02,6.213780841243981001e-01
3.254658557508884087e+02,6.161488667291241672e-01
3.262614326322891429e+02,6.331939843243615806e-01
3.270569375389120523e+02,6.363649740019958756e-01
3.278523704662439968e+02,6.430817090487990217e-01
3.286477314097720637e+02,6.444960837366868756e-01
3.294430203649830560e+02,6.408819264418402772e-01
3.302382373273640042e+02,6.739305287481883733e-01
3.310333822924017682e+02,6.777518319277594516e-01
3.318284552555833216e+02,6.938527439404312824e-01
3.326234562123955811e+02,7.028129249391174005e-01
3.334183851583254636e+02,7.237405110339789616e-01
3.342132420888599995e+02,7.198038966508799597e-01
3.350080269994859918e+02,7.286574929354640018e-01
3.358027398856904142e+02,7.365170738815236540e-01
3.365973807429602971e+02,7.544432643641548752e-01
3.373919495667823867e+02,7.484202180262806703e-01
3.381864463526437703e+02,7.592943912992301536e-01
3.389808710960313078e+02,7.673137739619194653e-01
3.397752237924318592e+02,7.642823456305307683e-01
3.405695044373325686e+02,7.792718413341913619e-01
3.413637130262201254e+02,7.860609828281052147e-01
3.421578495545816736e+02,7.989115545554522635e-01
3.429519140179040164e+02,8.060471340059119916e-01
3.437459064116741274e+02,8.196365550918460752e-01
3.445398267313788665e+02,8.335216514056147386e-01
3.453336749725053210e+02,8.345033547502326288e-01
3.461274511305402939e+02,8.562022227389466389e-01
3.469211552009707589e+02,8.512452640783101376e-01
3.477147871792836895e+02,8.517952695516159967e-01
3.485083470609658889e+02,8.571015005337286885e-01
3.493018348415043874e+02,8.613779446467694223e-01
3.500952505163861019e+02,8.553211059886073331e-01
3.508885940810980060e+02,8.570127144889960746e-01
3.516818655311269026e+02,8.630826907465988240e-01
3.524750648619599929e+02,8.705790526918132377e-01
3.532681920690838524e+02,8.687117184892841903e-01
3.540612471479857390e+02,8.705400211461389315e-01
3.548542300941522853e+02,8.725705036323103680e-01
3.556471409030706354e+02,8.780010369508792767e-01
3.564399795702276492e+02,8.864405676495468178e-01
3.572327460911102435e+02,8.884254914267025738e-01
3.580254404612053918e+02,8.911669445683219060e-01
3.588180626760000109e+02,9.050794721756337813e-01
3.596106127309809608e+02,9.212224450289775435e-01
3.604030906216353856e+02,9.325055262207115891e-01
3.611954963434500314e+02,9.565830691429657584e-01
3.619878298919118151e+02,9.732208539014232107e-01
3.627800912625078240e+02,9.928711224678219427e-01
3.635722804507248043e+02,9.992045382865177849e-01
3.643643974520497864e+02,1.002829187516863341e+00
3.651564422619696870e+02,1.003216855362877524e+00
3.659484148759714230e+02,1.005490281184188817e+00
3.667403152895419680e+02,1.009235923227255194e+00
3.675321434981682955e+02,1.005177113045331971e+00
3.683238994973372087e+02,1.003987347217910830e+00
3.691155832825357379e+02,9.999149756697489622e-01
3.699071948492508000e+02,9.918136723217612083e-01
3.706987341929692548e+02,9.785272814203253011e-01
3.714902013091781896e+02,9.652979394834655391e-01
3.722815961933643507e+02,9.602171356268486280e-01
3.730729188410147117e+02,9.427179863055653586e-01
3.738641692476163598e+02,9.221951127086815969e-01
3.746553474086559845e+02,9.169696466754745368e-01
3.754464533196207299e+02,9.101218339225319864e-01
3.762374869759974558e+02,8.978811928372291140e-01
3.770284483732730223e+02,8.866460963285945907e-01
3.778193375069345166e+02,8.717939740605570309e-01
3.786101543724687417e+02,8.577878687230946486e-01
3.794008989653627282e+02,8.477235550241457585e-01
3.801915712811032790e+02,8.336465482830940354e-01
3.809821713151773679e+02,8.252829200893176953e-01
3.817726990630719683e+02,8.159002600307280195e-01
3.825631545202739972e+02,8.027952565266928131e-01
3.833535376822703711e+02,7.894268604125331823e-01
3.841438485445480637e+02,7.828415670552605343e-01
3.849340871025939919e+02,7.727371152420035028e-01
3.857242533518951291e+02,7.639270275600977822e-01
3.865143472879382784e+02,7.449085376783172174e-01
3.873043689062104136e+02,7.335779879745544241e-01
3.880943182021986217e+02,7.232957188364211865e-01
3.888841951713895924e+02,7.108911371586785766e-01
3.896739998092704127e+02,6.936701640634940214e-01
3.904637321113279995e+02,6.778899774289524061e-01
3.912533920730492696e+02,6.708868525270711425e-01
3.920429796899210828e+02,6.536774956774824563e-01
3.928324949574305265e+02,6.428503233319585730e-01
3.936219378710644037e+02,6.263936638890879038e-01
3.944113084263098017e+02,6.177397465274045985e-01
3.952006066186534099e+02,6.044805822477943291e-01
3.959898324435823724e+02,5.894842892215975683e-01
3.967789858965834355e+02,5.734277154412003030e-01
3.975680669731436865e+02,5.617612239671686547e-01
3.983570756687500420e+02,5.488860512717248508e-01
3.991460119788893053e+02,5.378754161726696514e-01
3.999348758990485635e+02,5.244154716013437190e-01
4.007236674247147334e+02,5.106428744152421428e-01
4.015123865513746182e+02,5.063084667590631582e-01
4.023010332745152482e+02,4.976487856121694642e-01
4.030896075896235402e+02,4.908828960853934831e-01
4.038781094921864110e+02,4.786086443935080315e-01
4.046665389776909478e+02,4.732444577399347874e-01
4.054548960416237833e+02,4.597004352682790840e-01
4.062431806794720046e+02,4.454634865262192545e-01
4.070313928867226423e+02,4.291134746879468054e-01
4.078195326588623857e+02,4.119385603844034072e-01
4.086075999913784358e+02,3.942519035401698124e-01
4.093955948797575388e+02,3.748442783747254481e-01
4.101835173194867252e+02,3.581178677350420059e-01
4.109713673060529686e+02,3.429423175387241729e-01
4.117591448349429584e+02,3.281012663631371895e-01
4.125468499016439523e+02,3.111881502333199712e-01
4.133344825016426398e+02,2.998024307911189568e-01
4.141220426304259945e+02,2.849292081724834058e-01
4.149095302834811037e+02,2.719789590126994172e-01
4.156969454562946567e+02,2.569378029828726651e-01
4.164842881443537976e+02,2.425655525039998317e-01
4.172715583431453297e+02,2.298457190147241425e-01
4.180587560481562264e+02,2.206063794327788319e-01
4.188458812548734613e+02,2.076815039751531700e-01
4.196329339587839513e+02,1.976811928638872728e-01
4.204199141553744994e+02,1.908563410222754442e-01
4.212068218401323065e+02,1.789041764066630069e-01
4.219936570085440621e+02,1.677999453673184593e-01
4.227804196560967398e+02,1.595183399187950213e-01
4.235671097782773131e+02,1.500607085937248342e-01
4.243537273705726989e+02,1.415763690821706666e-01
4.251402724284698706e+02,1.332569658681579949e-01
4.259267449474557452e+02,1.269181688736407687e-01
4.267131449230172393e+02,1.165616832319696511e-01
4.274994723506412697e+02,1.126553608554388131e-01
4.282857272258148100e+02,1.056548812945189014e-01
4.290719095440247770e+02,9.708417691777208869e-02
4.298580193007580306e+02,9.218067374420853277e-02
4.306440564915016012e+02,8.611134739325231047e-02
4.314300211117423487e+02,8.080307998797474356e-02
4.322159131569672468e+02,7.542348452703818984e-02
4.330017326226632690e+02,6.978724198602574702e-02
4.337874795043172185e+02,6.367910248557370756e-02
4.345731537974161824e+02,5.933957477237639111e-02
4.353587554974470208e+02,5.523046023848987574e-02
4.361442845998966504e+02,5.213715355705526161e-02
4.369297411002519880e+02,4.807661417656915875e-02
4.377151249940000639e+02,4.521701539279104898e-02
4.385004362766276813e+02,4.332662200354882309e-02
4.392856749436218138e+02,4.004061689981930350e-02
4.400708409904694349e+02,3.608377909868321770e-02
4.408559344126574615e+02,3.503206484041183205e-02
4.416409552056727534e+02,3.185545684411837664e-02
4.424259033650023412e+02,3.102395854262372452e-02
4.432107788861331414e+02,2.790418976256094780e-02
4.439955817645520710e+02,2.588590386998042628e-02
4.447803119957460467e+02,2.476569064009463347e-02
4.455649695752019852e+02,2.188936882304403850e-02
4.463495544984069170e+02,2.000509271719523585e-02
4.471340667608476451e+02,2.024301026153123989e-02
4.479185063580111432e+02,1.799219551625797983e-02
4.487028732853843849e+02,1.720021178694214337e-02
4.494871675384542300e+02,1.628257264232033791e-02
4.502713891127077090e+02,1.668017803000869381e-02
4.510555380036316819e+02,1.397930905518375740e-02
4.518396142067130654e+02,1.432814328121674932e-02
4.526236177174388899e+02,1.229961618825493701e-02
4.534075485312960723e+02,9.834093698042471396e-03
4.541914066437714155e+02,1.138803014168761167e-02
4.549751920503519500e+02,1.016367266818374825e-02
4.557589047465245358e+02,1.097999897855329345e-02
4.565425447277761464e+02,9.381397517161244037e-03
4.573261119895937554e+02,9.391184925794994823e-03
4.581096065274642797e+02,8.450574560135920912e-03
4.588930283368745791e+02,8.024000738343556316e-03
4.596763774133116840e+02,8.479069984324334383e-03
4.604596537522625113e+02,6.569350428054850088e-03
4.612428573492140913e+02,5.360463165527734088e-03
4.620259881996530567e+02,7.189146646340623809e-03
4.628090462990665515e+02,5.991924951771079519e-03
4.635920316429414356e+02,4.433327791074373470e-03
4.643749442267647396e+02,5.603673081238146406e-03
4.651577840460232665e+02,6.062046557956715306e-03
4.659405510962040466e+02,5.917344707602554404e-03
4.667232453727939401e+02,4.769524975898080041e-03
4.675058668712799772e+02,5.055569396567891581e-03
4.682884155871489611e+02,4.907814678441731540e-03
4.690708915158879790e+02,2.895947099662192405e-03
4.698532946529838910e+02,5.374947057604432220e-03
4.706356249939236136e+02,4.024618014884336591e-03
4.714178825341940069e+02,3.231007156887686586e-03
4.722000672692821013e+02,3.603660815485626792e-03
4.729821791946747567e+02,5.052607479067060953e-03
4.737642183058590035e+02,5.664737500990758845e-03
4.745461845983217017e+02,3.738368689204487477e-03
4.753280780675498249e+02,3.340603075994371968e-03
4.761098987090302899e+02,2.338350050208906801e-03
4.768916465182499564e+02,4.686835794216649351e-03
4.776733214906958551e+02,1.024840655929439188e-03
4.784549236218550732e+02,3.736719101461832750e-03
4.792364529072141863e+02,2.737966027070241545e-03
4.800179093422602250e+02,2.048065650736534925e-03
4.807992929224802765e+02,2.373106504197702513e-03
4.815806036433611439e+02,2.317626958092129652e-03
4.823618415003898576e+02,2.406396286041049670e-03
4.831430064890532776e+02,2.845266894459911895e-03
4.839240986048383206e+02,2.334017401183867239e-03
4.847051178432319603e+02,2.444386997985089748e-03
4.854860641997211133e+02,1.342948650115916021e-03
4.862669376697929238e+02,1.524543668899170810e-03
4.870477382489339107e+02,2.736834214042855110e-03
4.878284659326312180e+02,2.636767445226301070e-03
4.886091207163717627e+02,1.911127839165784915e-03
4.893897025956425182e+02,2.383153161595845913e-03
4.901702115659304582e+02,1.642827584383891454e-03
4.909506476227223288e+02,2.859353758124690004e-03
4.917310107615052175e+02,1.010602131728333304e-03
4.925113009777659840e+02,3.545950325400011593e-04
4.932915182669916021e+02,1.631460045695895577e-03
4.940716626246689884e+02,1.437395769988128544e-03
4.948517340462852303e+02,1.124197210188857161e-03
4.956317325273270171e+02,4.864137926603895757e-04
4.964116580632813225e+02,2.504272901634008869e-03
4.971915106496351200e+02,1.262698132470594856e-03
4.979712902818753264e+02,7.129609089217980736e-04
4.987509969554889722e+02,1.660944708337284796e-03
4.995306306659628603e+02,3.751130398263041992e-04
5.003101914087840214e+02,1.931795051750858413e-03
5.010896791794392584e+02,-3.354893162781362893e-04
5.018690939734156586e+02,1.762624126805570129e-03
5.026484357862001957e+02,1.837893561889368966e-03
5.034277046132795590e+02,2.141592818148102106e-03
5.042069004501407790e+02,7.075976081934234885e-04
5.049860232922708860e+02,2.067741495428716825e-03
5.057650731351566833e+02,1.764876331462952429e-03
5.065440499742852012e+02,-1.023604201722195378e-03
5.073229538051433565e+02,1.238038845546979988e-03
5.081017846232180091e+02,9.643306646046005248e-04
5.088805424239961326e+02,-3.755229583657045990e-04
5.096592272029647575e+02,-7.911425437180843317e-04
5.104378389556105731e+02,2.082076092733925118e-03
5.112163776774208941e+02,4.833523364246121706e-04
5.119948433638822394e+02,1.483970187456423902e-04
5.127732360104818099e+02,-8.822968250332468773e-05
5.135515556127063519e+02,9.117917208085295211e-04
5.143298021660430095e+02,8.914393660989370282e-04
5.151079756659786426e+02,1.544507466473871334e-04
5.158860761079999975e+02,8.018054645872265979e-04
5.166641034875942751e+02,2.587244632779353050e-03
5.174420578002482216e+02,-3.941217632780686687e-04
5.182199390414486970e+02,2.710841498686751908e-04
5.189977472066831297e+02,-5.613041922840019717e-05
5.197754822914378110e+02,5.592798180061476099e-04
5.205531442912000557e+02,1.433942966455273998e-04
5.213307332014566100e+02,-5.467139215833785072e-04
5.221082490176944475e+02,2.734694009726675382e-04
5.228856917354006555e+02,8.793582832228026384e-04
5.236630613500619802e+02,8.373358447325191011e-04
5.244403578571653952e+02,1.589040941809037122e-03
5.252175812521979879e+02,-9.809500513826402944e-04
5.259947315306465043e+02,5.558236933264630759e-04
5.267718086879979182e+02,8.074613966071635465e-04
5.275488127197393169e+02,-6.496121830519281486e-04
5.283257436213573328e+02,1.006892312920515137e-03
5.291026013883391670e+02,-2.751405854652018163e-04
5.298793860161715656e+02,-1.500612314604178339e-04
5.306560975003416161e+02,1.985559436303806040e-03
5.314327358363360645e+02,1.301259614102207160e-03
5.322093010196419982e+02,-9.454319005982171446e-04
5.329857930457461634e+02,-1.487954573552900152e-03
5.337622119101358749e+02,3.316543843343742418e-04
5.345385576082976513e+02,-8.847269657600701810e-04
5.353148301357188075e+02,1.830232505619395090e-04
5.360910294878859759e+02,-3.969655180877558476e-04
5.368671556602861301e+02,7.949290633859298514e-04
5.376432086484061301e+02,2.038014429046842643e-05
5.384191884477331769e+02,1.254427844174549507e-04
5.391950950537540166e+02,6.880830092543745342e-04
5.399709284619556229e+02,6.261344211561846668e-04
